incident_id,severity_label,severity_score,area_load,available_teams,team_skill_match,historical_team_performance,citizen_trust_score,reports_nearby_1h,priority_score,priority_level,assigned_team,suggested_resources,resources_count
1,Low,0.3,0.22,4,0.72,0.69,0.73,1,0.273,P3,Team_B,Low,1
2,Low,0.3,0.56,3,0.46,0.77,0.69,1,0.335,P3,Team_C,Low,1
3,Medium,0.6,0.31,2,0.68,0.91,0.61,4,0.488,P2,Team_B,Medium,2
4,Low,0.3,0.6,4,0.9,0.89,0.44,8,0.352,P3,Team_B,Low,1
5,Low,0.3,0.83,1,0.78,0.75,0.38,3,0.523,P2,Team_B,Medium,2
6,Medium,0.6,0.35,2,0.68,0.71,0.93,1,0.489,P2,Team_A,Medium,2
7,Medium,0.6,0.51,1,0.87,0.73,0.35,2,0.496,P2,Team_C,Medium,2
8,Low,0.3,0.67,1,0.73,0.34,0.81,4,0.442,P2,Team_B,Medium,2
9,Low,0.3,0.62,3,0.71,0.79,0.45,3,0.381,P3,Team_B,Low,1
10,Low,0.3,0.84,4,0.85,0.67,0.96,3,0.474,P2,Team_B,Medium,3
11,High,0.9,0.22,3,0.55,0.73,0.92,5,0.551,P2,Team_B,Medium,2
12,High,0.9,0.66,2,0.68,0.82,0.52,4,0.637,P2,Team_B,Medium,3
13,Low,0.3,0.12,2,0.66,0.85,0.94,7,0.206,P3,Team_B,Low,1
14,Medium,0.6,0.42,2,0.87,0.55,0.34,6,0.491,P2,Team_A,Medium,3
15,Low,0.3,0.36,3,0.91,0.53,0.95,5,0.255,P3,Team_C,Low,1
16,Low,0.3,0.46,2,0.86,0.83,0.95,8,0.345,P3,Team_C,Low,1
17,Low,0.3,0.3,4,0.81,0.31,0.78,2,0.261,P3,Team_C,Low,1
18,Medium,0.6,0.6,1,0.24,0.54,0.91,4,0.557,P2,Team_C,Medium,3
19,Low,0.3,0.05,4,0.84,0.72,0.85,1,0.263,P3,Team_B,Low,1
20,High,0.9,0.56,2,0.81,0.91,0.96,3,0.565,P2,Team_A,Medium,2
21,Low,0.3,0.18,1,0.78,0.84,0.97,3,0.238,P3,Team_B,Low,1
22,High,0.9,0.74,1,0.45,0.27,0.43,3,0.748,P1,Team_C,High,4
23,Low,0.3,0.41,1,0.56,0.24,0.33,0,0.449,P2,Team_C,Medium,2
24,Low,0.3,0.35,1,0.68,0.65,0.56,1,0.349,P3,Team_B,Low,1
25,High,0.9,0.15,4,0.8,0.75,0.73,4,0.623,P2,Team_A,Medium,3
26,Low,0.3,0.72,3,0.73,0.78,0.71,3,0.456,P2,Team_C,Medium,3
27,Medium,0.6,0.32,1,0.9,0.87,0.65,1,0.437,P2,Team_B,Medium,2
28,Medium,0.6,0.24,1,0.87,0.84,0.56,2,0.491,P2,Team_B,Medium,2
29,High,0.9,0.55,3,0.67,0.28,0.65,1,0.761,P1,Team_C,High,5
30,Medium,0.6,0.43,4,0.94,0.83,0.5,2,0.469,P2,Team_B,Medium,2
31,Low,0.3,0.38,2,0.75,0.66,0.43,3,0.36,P3,Team_C,Low,1
32,Low,0.3,0.35,2,0.85,0.86,0.54,6,0.447,P2,Team_B,Medium,2
33,Medium,0.6,0.65,2,0.71,0.73,0.78,5,0.441,P2,Team_A,Medium,2
34,Medium,0.6,0.62,3,0.73,0.48,0.41,3,0.584,P2,Team_C,Medium,3
35,High,0.9,0.3,4,0.94,0.34,0.72,6,0.595,P2,Team_A,Medium,2
36,Low,0.3,0.12,4,0.57,0.8,0.43,3,0.257,P3,Team_B,Low,1
37,Low,0.3,0.56,1,0.85,0.38,0.32,3,0.346,P3,Team_C,Low,1
38,Medium,0.6,0.15,3,0.82,0.64,0.51,4,0.445,P2,Team_A,Medium,2
39,Low,0.3,0.43,3,0.34,0.6,0.46,1,0.355,P3,Team_B,Low,1
40,High,0.9,0.33,4,0.83,0.71,0.36,1,0.644,P2,Team_A,Medium,2
41,High,0.9,0.56,3,0.88,0.25,0.51,4,0.757,P1,Team_A,High,4
42,Medium,0.6,0.38,1,0.94,0.92,0.76,2,0.476,P2,Team_B,Medium,2
43,Low,0.3,0.81,1,0.77,0.84,0.47,2,0.357,P3,Team_B,Low,1
44,High,0.9,0.93,3,0.73,0.67,0.81,3,0.76,P1,Team_C,High,6
45,Low,0.3,0.76,1,0.63,0.68,0.89,2,0.411,P3,Team_C,Low,1
46,Low,0.3,0.56,1,0.72,0.67,0.38,2,0.359,P3,Team_B,Low,1
47,Medium,0.6,0.66,1,0.77,0.75,0.55,7,0.646,P2,Team_B,Medium,3
48,Low,0.3,0.27,1,0.95,0.55,0.96,2,0.237,P3,Team_C,Low,1
49,Low,0.3,0.74,2,0.76,0.41,0.92,4,0.358,P3,Team_C,Low,1
50,Medium,0.6,0.95,1,0.55,0.96,0.81,1,0.485,P2,Team_B,Medium,3
51,Low,0.3,0.65,4,0.45,0.72,0.89,4,0.335,P3,Team_C,Low,1
52,High,0.9,0.15,2,0.74,0.59,0.37,6,0.767,P1,Team_C,High,5
53,High,0.9,0.7,2,0.67,0.8,0.53,4,0.661,P1,Team_B,High,6
54,High,0.9,0.38,3,0.69,0.79,0.93,1,0.608,P2,Team_B,Medium,3
55,Medium,0.6,0.72,1,0.67,0.7,0.64,1,0.58,P2,Team_C,Medium,3
56,Medium,0.6,0.79,1,0.28,0.88,0.81,6,0.557,P2,Team_B,Medium,2
57,Medium,0.6,0.23,4,0.74,0.86,0.79,1,0.434,P2,Team_B,Medium,2
58,Medium,0.6,0.26,2,0.69,0.52,0.64,0,0.525,P2,Team_C,Medium,3
59,Medium,0.6,0.36,3,0.72,0.89,1.0,4,0.488,P2,Team_B,Medium,2
60,Medium,0.6,0.27,4,0.77,0.63,0.6,3,0.474,P2,Team_A,Medium,3
61,Medium,0.6,0.31,3,0.34,0.8,0.72,2,0.384,P3,Team_B,Low,1
62,Low,0.3,0.67,4,0.93,0.61,0.47,3,0.39,P3,Team_B,Low,1
63,Medium,0.6,0.76,4,0.81,0.62,0.52,1,0.521,P2,Team_C,Medium,3
64,High,0.9,0.44,3,0.41,0.67,0.81,1,0.635,P2,Team_C,Medium,3
65,Medium,0.6,0.59,2,0.65,0.94,0.72,4,0.549,P2,Team_B,Medium,2
66,Medium,0.6,0.3,2,0.84,0.31,0.69,4,0.512,P2,Team_C,Medium,3
67,Medium,0.6,0.45,4,0.88,0.74,0.97,0,0.487,P2,Team_A,Medium,3
68,High,0.9,0.59,1,0.5,0.84,0.58,4,0.699,P1,Team_B,High,6
69,Medium,0.6,0.32,4,0.68,0.54,0.66,4,0.503,P2,Team_A,Medium,3
70,Low,0.3,0.43,1,0.88,0.78,0.37,0,0.357,P3,Team_B,Low,1
71,Low,0.3,0.82,1,0.76,0.88,0.99,1,0.375,P3,Team_B,Low,1
72,High,0.9,0.57,1,0.9,0.77,0.92,3,0.69,P1,Team_A,High,5
73,Low,0.3,0.13,1,0.72,0.52,0.77,4,0.267,P3,Team_B,Low,1
74,Medium,0.6,0.23,2,0.8,0.62,0.48,1,0.475,P2,Team_A,Medium,2
75,Low,0.3,0.55,3,0.98,0.51,0.67,2,0.401,P3,Team_C,Low,1
76,Low,0.3,0.31,4,0.78,0.94,0.88,4,0.313,P3,Team_B,Low,1
77,High,0.9,0.4,2,0.85,0.25,0.43,3,0.692,P1,Team_A,High,4
78,Low,0.3,0.22,4,0.89,0.68,0.81,4,0.229,P3,Team_C,Low,1
79,High,0.9,0.52,3,0.87,0.89,0.74,1,0.635,P2,Team_A,Medium,2
80,Medium,0.6,0.68,4,0.67,0.76,0.87,1,0.471,P2,Team_B,Medium,3
81,Low,0.3,0.33,3,0.61,0.64,0.82,3,0.178,P3,Team_B,Low,1
82,Low,0.3,0.41,3,0.66,0.7,0.85,3,0.265,P3,Team_C,Low,1
83,Medium,0.6,0.41,2,0.72,0.77,0.41,0,0.505,P2,Team_B,Medium,2
84,Low,0.3,0.55,1,0.89,0.5,0.98,3,0.376,P3,Team_C,Low,1
85,Medium,0.6,0.7,3,0.84,0.54,0.37,3,0.66,P1,Team_C,High,4
86,High,0.9,0.5,1,0.6,0.78,0.83,0,0.707,P1,Team_B,High,4
87,Low,0.3,0.5,3,0.84,0.87,0.57,2,0.255,P3,Team_B,Low,1
88,Low,0.3,0.7,1,0.58,0.9,0.65,1,0.396,P3,Team_B,Low,1
89,Medium,0.6,0.31,1,0.67,0.62,0.85,1,0.431,P2,Team_A,Medium,3
90,Medium,0.6,0.89,1,0.34,0.84,0.64,4,0.515,P2,Team_B,Medium,2
91,Medium,0.6,0.81,4,0.86,0.75,0.56,3,0.629,P2,Team_B,Medium,2
92,Medium,0.6,0.68,4,0.53,0.57,0.81,2,0.538,P2,Team_A,Medium,3
93,High,0.9,0.17,1,0.62,0.76,0.62,4,0.493,P2,Team_B,Medium,2
94,Medium,0.6,0.34,3,0.84,0.57,0.44,7,0.494,P2,Team_A,Medium,3
95,Medium,0.6,0.37,4,0.67,0.72,0.83,3,0.466,P2,Team_C,Medium,3
96,Medium,0.6,0.9,3,0.86,0.81,0.73,3,0.592,P2,Team_B,Medium,3
97,High,0.9,0.28,4,0.56,0.77,0.9,4,0.586,P2,Team_B,Medium,2
98,Medium,0.6,0.43,2,0.88,0.69,0.82,6,0.514,P2,Team_C,Medium,2
99,Medium,0.6,0.29,4,0.75,0.72,0.59,4,0.467,P2,Team_A,Medium,3
100,Medium,0.6,0.68,1,0.86,0.56,0.94,2,0.504,P2,Team_A,Medium,3
101,Medium,0.6,0.74,2,0.75,0.79,0.35,3,0.519,P2,Team_B,Medium,3
102,Low,0.3,0.15,3,0.61,0.82,0.67,0,0.17,P3,Team_B,Low,1
103,High,0.9,0.37,4,0.59,0.71,0.85,3,0.583,P2,Team_B,Medium,2
104,Medium,0.6,0.43,1,0.63,0.91,0.63,5,0.357,P3,Team_B,Low,1
105,High,0.9,0.28,4,0.48,0.82,0.66,4,0.588,P2,Team_B,Medium,3
106,Medium,0.6,0.4,1,0.78,0.76,0.38,2,0.396,P3,Team_B,Low,1
107,Low,0.3,0.62,2,0.62,0.88,0.88,5,0.378,P3,Team_C,Low,1
108,Medium,0.6,0.32,2,0.9,0.89,0.62,2,0.476,P2,Team_B,Medium,2
109,Medium,0.6,0.93,3,0.58,0.96,0.57,2,0.578,P2,Team_B,Medium,3
110,Low,0.3,0.4,1,0.69,0.94,0.4,3,0.253,P3,Team_C,Low,1
111,Low,0.3,0.39,1,0.56,0.98,0.89,3,0.373,P3,Team_B,Low,1
112,High,0.9,0.35,3,0.62,0.88,0.62,5,0.58,P2,Team_B,Medium,2
113,High,0.9,0.28,3,0.65,0.58,0.64,3,0.748,P1,Team_C,High,4
114,Low,0.3,0.27,3,0.74,0.73,0.93,2,0.32,P3,Team_B,Low,1
115,High,0.9,0.78,2,0.67,0.86,0.97,0,0.641,P2,Team_B,Medium,2
116,Low,0.3,0.75,4,0.58,0.76,0.59,1,0.341,P3,Team_B,Low,1
117,Medium,0.6,0.39,3,0.46,0.61,0.58,2,0.54,P2,Team_A,Medium,2
118,Medium,0.6,0.45,1,0.84,0.55,0.75,3,0.496,P2,Team_A,Medium,3
119,Medium,0.6,0.17,4,0.66,0.69,0.79,2,0.467,P2,Team_A,Medium,3
120,Low,0.3,0.22,4,0.71,0.85,0.7,4,0.291,P3,Team_B,Low,1
121,Medium,0.6,0.48,3,0.87,0.57,0.3,3,0.512,P2,Team_C,Medium,2
122,Medium,0.6,0.62,1,0.62,0.54,0.92,2,0.48,P2,Team_C,Medium,3
123,Medium,0.6,0.72,4,0.66,0.38,0.81,1,0.631,P2,Team_A,Medium,3
124,Low,0.3,0.55,1,0.6,0.42,0.89,0,0.276,P3,Team_B,Low,1
125,High,0.9,0.11,4,0.93,0.65,0.56,1,0.618,P2,Team_A,Medium,3
126,Low,0.3,0.29,3,0.87,0.35,0.34,1,0.355,P3,Team_C,Low,1
127,Low,0.3,0.59,4,0.86,0.45,0.33,2,0.394,P3,Team_C,Low,1
128,Low,0.3,0.61,4,0.92,0.7,0.94,6,0.305,P3,Team_B,Low,1
129,Medium,0.6,0.59,4,0.93,0.81,0.32,2,0.558,P2,Team_B,Medium,2
130,Low,0.3,0.97,4,0.74,0.86,0.55,2,0.352,P3,Team_B,Low,1
131,Low,0.3,0.43,4,0.35,0.65,0.96,5,0.248,P3,Team_B,Low,1
132,Low,0.3,0.9,3,0.34,0.91,0.41,4,0.45,P2,Team_B,Medium,2
133,Medium,0.6,0.56,3,0.44,0.46,0.87,2,0.589,P2,Team_C,Medium,2
134,High,0.9,0.28,4,0.64,0.82,0.33,2,0.695,P1,Team_B,High,5
135,High,0.9,0.84,3,0.68,0.61,0.54,7,0.752,P1,Team_C,High,6
136,Medium,0.6,0.61,1,0.93,0.56,0.65,4,0.553,P2,Team_C,Medium,3
137,Low,0.3,0.47,1,0.79,0.67,0.43,0,0.288,P3,Team_C,Low,1
138,Medium,0.6,0.54,3,0.87,0.7,0.85,4,0.44,P2,Team_C,Medium,2
139,Low,0.3,0.55,2,0.85,0.61,0.44,2,0.39,P3,Team_B,Low,1
140,Medium,0.6,0.25,3,0.48,0.69,0.96,1,0.343,P3,Team_A,Low,1
141,Low,0.3,0.39,1,0.78,0.59,0.77,2,0.274,P3,Team_B,Low,1
142,Low,0.3,0.42,3,0.51,0.86,0.91,1,0.29,P3,Team_B,Low,1
143,Low,0.3,0.33,1,0.64,0.67,0.44,4,0.374,P3,Team_C,Low,1
144,High,0.9,0.54,3,0.96,0.47,0.51,1,0.621,P2,Team_A,Medium,3
145,Low,0.3,0.55,1,0.75,0.88,0.78,1,0.26,P3,Team_C,Low,1
146,Medium,0.6,0.38,1,0.9,0.32,0.44,7,0.458,P2,Team_A,Medium,2
147,Low,0.3,0.19,4,0.58,0.28,0.92,2,0.28,P3,Team_B,Low,1
148,Low,0.3,0.74,4,0.69,0.84,0.44,3,0.486,P2,Team_B,Medium,2
149,Medium,0.6,0.63,1,0.88,0.21,0.35,4,0.682,P1,Team_A,High,5
150,High,0.9,0.34,3,0.74,0.46,0.64,5,0.644,P2,Team_C,Medium,2
151,High,0.9,0.08,4,0.75,0.74,0.88,3,0.481,P2,Team_B,Medium,3
152,High,0.9,0.75,1,0.91,0.92,0.72,5,0.688,P1,Team_A,High,4
153,Medium,0.6,0.45,3,0.7,0.84,0.6,4,0.561,P2,Team_B,Medium,2
154,Medium,0.6,0.83,3,0.74,0.79,0.62,5,0.603,P2,Team_B,Medium,3
155,Low,0.3,0.67,2,0.72,0.95,0.97,3,0.31,P3,Team_C,Low,1
156,Low,0.3,0.21,3,0.96,0.26,0.4,4,0.401,P3,Team_C,Low,1
157,Medium,0.6,0.46,3,0.52,0.6,0.98,1,0.507,P2,Team_A,Medium,2
158,Low,0.3,0.84,2,0.82,0.91,0.41,5,0.579,P2,Team_C,Medium,3
159,Low,0.3,0.36,4,0.91,0.84,0.78,4,0.279,P3,Team_C,Low,1
160,Low,0.3,0.62,2,0.67,0.99,0.38,0,0.331,P3,Team_C,Low,1
161,Low,0.3,0.48,1,0.65,0.79,0.79,2,0.299,P3,Team_C,Low,1
162,Medium,0.6,0.76,1,0.77,0.84,0.68,3,0.554,P2,Team_B,Medium,3
163,High,0.9,0.29,3,0.39,0.75,0.66,7,0.612,P2,Team_B,Medium,3
164,Medium,0.6,0.89,4,0.79,0.58,0.56,5,0.526,P2,Team_C,Medium,2
165,Low,0.3,0.29,4,0.85,0.75,0.37,2,0.262,P3,Team_C,Low,1
166,Medium,0.6,0.46,3,0.46,0.62,0.32,3,0.739,P1,Team_A,High,6
167,Medium,0.6,0.33,2,0.6,0.74,0.9,5,0.445,P2,Team_A,Medium,2
168,Low,0.3,0.23,4,0.82,0.59,0.99,2,0.315,P3,Team_B,Low,1
169,High,0.9,0.56,2,0.9,0.5,0.7,3,0.741,P1,Team_A,High,6
170,Medium,0.6,0.32,2,0.93,0.81,0.38,4,0.427,P2,Team_B,Medium,2
171,Medium,0.6,0.83,3,0.44,0.7,0.7,3,0.596,P2,Team_A,Medium,2
172,Medium,0.6,0.27,3,0.54,0.47,0.32,4,0.557,P2,Team_A,Medium,2
173,Low,0.3,0.65,2,0.78,0.68,0.88,4,0.294,P3,Team_C,Low,1
174,Low,0.3,0.93,2,0.89,0.62,0.73,2,0.462,P2,Team_C,Medium,3
175,High,0.9,0.33,1,0.81,0.9,0.32,2,0.602,P2,Team_A,Medium,3
176,High,0.9,0.15,1,0.86,0.68,0.52,0,0.581,P2,Team_A,Medium,3
177,High,0.9,0.69,2,0.83,0.96,0.45,6,0.74,P1,Team_A,High,6
178,Low,0.3,0.57,4,0.68,0.53,0.94,3,0.394,P3,Team_C,Low,1
179,High,0.9,0.62,2,0.84,0.72,0.33,3,0.751,P1,Team_A,High,5
180,High,0.9,0.48,4,0.91,0.76,0.34,4,0.74,P1,Team_A,High,4
181,Low,0.3,0.63,2,0.39,0.49,0.83,1,0.324,P3,Team_C,Low,1
182,Low,0.3,0.18,2,0.94,0.89,0.47,5,0.252,P3,Team_C,Low,1
183,Medium,0.6,0.99,3,0.56,0.91,0.53,6,0.566,P2,Team_B,Medium,3
184,High,0.9,0.51,2,0.8,0.54,0.6,2,0.739,P1,Team_A,High,5
185,Low,0.3,0.6,4,0.75,0.22,0.74,7,0.403,P3,Team_B,Low,1
186,High,0.9,0.7,2,0.87,0.5,0.72,4,0.768,P1,Team_A,High,4
187,Low,0.3,0.82,3,0.78,0.88,0.92,0,0.395,P3,Team_B,Low,1
188,Low,0.3,0.67,1,0.81,0.97,0.88,2,0.226,P3,Team_B,Low,1
189,Low,0.3,0.24,3,0.72,0.69,1.0,2,0.223,P3,Team_B,Low,1
190,Low,0.3,0.9,4,0.49,0.87,0.98,1,0.361,P3,Team_B,Low,1
191,Low,0.3,0.7,2,0.8,0.83,0.67,9,0.458,P2,Team_C,Medium,3
192,Medium,0.6,0.22,1,0.79,0.51,0.92,3,0.42,P3,Team_A,Low,1
193,Medium,0.6,0.59,1,0.94,0.92,0.45,1,0.498,P2,Team_B,Medium,3
194,Low,0.3,0.54,4,0.59,0.85,0.96,3,0.421,P2,Team_C,Medium,3
195,High,0.9,0.32,2,0.58,0.56,0.73,0,0.556,P2,Team_C,Medium,3
196,Low,0.3,0.61,1,0.62,0.93,0.95,2,0.337,P3,Team_B,Low,1
197,Medium,0.6,0.26,4,0.92,0.57,0.4,3,0.428,P2,Team_C,Medium,2
198,High,0.9,0.33,3,0.63,0.9,0.96,2,0.58,P2,Team_B,Medium,3
199,High,0.9,0.31,2,0.89,0.87,0.59,0,0.7,P1,Team_A,High,4
200,Low,0.3,0.42,1,0.74,0.46,0.35,4,0.39,P3,Team_C,Low,1
201,Medium,0.6,0.39,3,0.89,0.78,0.78,2,0.476,P2,Team_B,Medium,2
202,Medium,0.6,0.34,1,0.86,0.64,0.41,3,0.568,P2,Team_C,Medium,2
203,Low,0.3,0.19,4,0.84,0.46,0.94,1,0.234,P3,Team_B,Low,1
204,Low,0.3,0.39,1,0.53,0.46,0.74,3,0.289,P3,Team_C,Low,1
205,Low,0.3,0.45,1,0.65,0.85,0.71,0,0.361,P3,Team_C,Low,1
206,Medium,0.6,0.17,2,0.9,0.81,0.3,1,0.45,P2,Team_B,Medium,3
207,Medium,0.6,0.17,2,0.75,0.79,0.41,2,0.55,P2,Team_B,Medium,2
208,Medium,0.6,0.11,3,0.63,0.58,0.84,3,0.452,P2,Team_A,Medium,2
209,High,0.9,0.74,3,0.58,0.54,0.78,4,0.78,P1,Team_C,High,5
210,Low,0.3,0.33,3,0.7,0.56,0.48,2,0.381,P3,Team_B,Low,1
211,High,0.9,0.5,2,0.54,0.25,0.8,3,0.749,P1,Team_C,High,6
212,Medium,0.6,0.54,2,0.85,0.68,0.31,4,0.627,P2,Team_C,Medium,3
213,Medium,0.6,0.33,4,0.97,0.92,0.33,5,0.516,P2,Team_B,Medium,3
214,Low,0.3,0.26,4,0.87,0.63,0.52,1,0.35,P3,Team_C,Low,1
215,Low,0.3,0.68,1,0.54,0.76,0.33,3,0.409,P3,Team_C,Low,1
216,Medium,0.6,0.67,4,0.55,0.83,0.87,6,0.569,P2,Team_B,Medium,3
217,Low,0.3,0.55,3,0.89,0.78,0.65,0,0.32,P3,Team_B,Low,1
218,High,0.9,0.56,4,0.46,0.88,0.59,2,0.638,P2,Team_B,Medium,2
219,Low,0.3,0.69,4,0.72,0.88,0.84,6,0.478,P2,Team_B,Medium,2
220,High,0.9,0.67,2,0.78,0.74,0.72,3,0.769,P1,Team_B,High,5
221,Low,0.3,0.76,4,0.76,0.79,0.51,2,0.387,P3,Team_B,Low,1
222,Low,0.3,0.24,2,0.88,0.51,0.94,3,0.331,P3,Team_B,Low,1
223,Low,0.3,0.47,2,0.66,0.56,0.83,4,0.327,P3,Team_C,Low,1
224,High,0.9,0.08,2,0.7,0.86,0.43,3,0.591,P2,Team_B,Medium,2
225,Low,0.3,0.51,1,0.29,0.75,0.33,5,0.367,P3,Team_B,Low,1
226,High,0.9,0.78,3,0.94,0.78,0.58,4,0.762,P1,Team_A,High,6
227,Low,0.3,0.43,3,0.71,0.31,0.95,2,0.331,P3,Team_C,Low,1
228,Low,0.3,0.51,2,0.86,0.7,0.43,5,0.308,P3,Team_C,Low,1
229,Low,0.3,0.49,2,0.29,0.36,0.63,2,0.456,P2,Team_C,Medium,2
230,Low,0.3,0.24,4,0.67,0.81,0.56,5,0.276,P3,Team_B,Low,1
231,Low,0.3,0.72,2,0.77,0.95,0.58,5,0.404,P3,Team_C,Low,1
232,Medium,0.6,0.81,1,0.58,0.73,0.37,6,0.577,P2,Team_A,Medium,3
233,High,0.9,0.46,3,0.64,0.77,0.83,2,0.629,P2,Team_B,Medium,2
234,Medium,0.6,0.74,1,0.8,0.39,0.32,3,0.526,P2,Team_C,Medium,2
235,High,0.9,0.75,1,0.99,0.93,0.95,1,0.624,P2,Team_A,Medium,2
236,Low,0.3,0.13,4,0.61,0.53,0.72,2,0.305,P3,Team_C,Low,1
237,Low,0.3,0.54,2,0.6,0.86,0.71,2,0.328,P3,Team_B,Low,1
238,High,0.9,0.58,4,0.8,0.63,0.9,2,0.66,P1,Team_A,High,4
239,Medium,0.6,0.39,3,0.53,0.58,0.66,3,0.489,P2,Team_C,Medium,2
240,Low,0.3,0.44,2,0.68,0.71,0.72,1,0.333,P3,Team_C,Low,1
241,Medium,0.6,0.73,4,0.52,0.71,0.4,2,0.581,P2,Team_A,Medium,3
242,Low,0.3,0.77,1,0.48,0.47,0.96,5,0.371,P3,Team_C,Low,1
243,Medium,0.6,0.35,1,0.91,0.8,0.87,0,0.452,P2,Team_B,Medium,2
244,Low,0.3,0.77,2,0.5,0.45,0.43,2,0.49,P2,Team_B,Medium,2
245,Low,0.3,0.67,4,0.65,0.52,0.61,3,0.386,P3,Team_C,Low,1
246,Low,0.3,0.69,4,0.83,0.29,0.36,1,0.492,P2,Team_C,Medium,2
247,Medium,0.6,0.67,2,0.79,0.81,0.91,2,0.542,P2,Team_B,Medium,2
248,Low,0.3,0.61,3,0.56,0.73,0.31,2,0.386,P3,Team_B,Low,1
249,Medium,0.6,0.52,2,0.65,0.84,0.58,2,0.509,P2,Team_B,Medium,3
250,High,0.9,0.12,3,0.84,0.68,0.51,2,0.578,P2,Team_A,Medium,3
251,High,0.9,0.49,1,0.84,0.83,0.65,2,0.665,P1,Team_A,High,5
252,High,0.9,0.52,1,0.61,0.84,0.39,5,0.628,P2,Team_B,Medium,3
253,Low,0.3,0.64,2,0.79,0.44,0.66,4,0.372,P3,Team_B,Low,1
254,Low,0.3,0.45,2,0.86,0.78,0.99,5,0.367,P3,Team_C,Low,1
255,Low,0.3,0.67,2,0.14,0.81,0.53,2,0.274,P3,Team_C,Low,1
256,Low,0.3,0.28,3,0.72,0.85,0.39,2,0.304,P3,Team_B,Low,1
257,Medium,0.6,0.44,4,0.93,0.78,0.53,3,0.461,P2,Team_B,Medium,3
258,High,0.9,0.29,1,0.86,0.6,0.94,2,0.568,P2,Team_A,Medium,2
259,Low,0.3,0.41,3,0.95,0.87,0.78,2,0.319,P3,Team_B,Low,1
260,Low,0.3,0.66,2,0.88,0.71,0.56,2,0.367,P3,Team_C,Low,1
261,Medium,0.6,0.13,3,0.91,0.71,0.35,2,0.313,P3,Team_A,Low,1
262,Low,0.3,0.46,1,0.85,0.35,0.93,4,0.39,P3,Team_C,Low,1
263,High,0.9,0.67,4,0.63,0.76,0.67,2,0.687,P1,Team_B,High,4
264,Low,0.3,0.35,1,0.69,0.85,0.99,3,0.265,P3,Team_C,Low,1
265,Medium,0.6,0.47,3,0.83,0.75,0.32,3,0.553,P2,Team_B,Medium,3
266,Low,0.3,0.12,3,0.84,0.75,0.91,3,0.28,P3,Team_C,Low,1
267,Low,0.3,0.61,1,0.81,0.41,0.5,2,0.485,P2,Team_C,Medium,3
268,Low,0.3,0.5,2,0.57,0.83,0.84,1,0.263,P3,Team_C,Low,1
269,High,0.9,0.64,3,0.72,0.42,0.92,1,0.749,P1,Team_C,High,4
270,Medium,0.6,0.83,1,0.81,0.64,0.78,2,0.59,P2,Team_A,Medium,2
271,Medium,0.6,0.5,1,0.66,0.33,0.45,4,0.627,P2,Team_A,Medium,2
272,Low,0.3,0.64,3,0.73,0.95,0.35,4,0.489,P2,Team_B,Medium,2
273,Low,0.3,0.39,4,0.57,0.85,0.81,5,0.308,P3,Team_C,Low,1
274,High,0.9,0.64,3,0.84,0.61,0.59,0,0.734,P1,Team_A,High,6
275,Medium,0.6,0.75,1,0.53,0.76,0.54,1,0.589,P2,Team_B,Medium,3
276,Medium,0.6,0.54,4,0.87,0.91,0.91,1,0.448,P2,Team_B,Medium,2
277,Medium,0.6,0.41,4,0.91,0.91,0.96,5,0.436,P2,Team_B,Medium,2
278,High,0.9,0.7,4,0.34,1.0,0.81,2,0.643,P2,Team_B,Medium,2
279,High,0.9,0.49,4,0.75,0.79,0.79,3,0.666,P1,Team_B,High,5
280,Medium,0.6,0.31,4,0.74,0.84,0.31,2,0.592,P2,Team_B,Medium,3
281,Medium,0.6,0.36,2,0.37,0.55,0.31,1,0.501,P2,Team_C,Medium,3
282,Low,0.3,0.44,4,0.9,0.74,0.55,3,0.339,P3,Team_B,Low,1
283,Low,0.3,0.21,3,0.87,0.41,0.69,3,0.357,P3,Team_B,Low,1
284,Medium,0.6,0.44,3,0.57,0.85,0.31,5,0.52,P2,Team_B,Medium,3
285,Medium,0.6,0.2,4,0.94,0.81,0.48,3,0.532,P2,Team_B,Medium,2
286,Low,0.3,0.73,3,0.76,0.82,0.52,5,0.39,P3,Team_B,Low,1
287,Low,0.3,0.93,2,0.45,0.5,0.73,3,0.399,P3,Team_B,Low,1
288,Low,0.3,0.31,4,0.77,0.91,0.59,1,0.285,P3,Team_B,Low,1
289,High,0.9,0.61,1,0.82,0.76,0.71,2,0.6,P2,Team_A,Medium,3
290,High,0.9,0.19,1,0.62,0.91,0.82,2,0.645,P2,Team_B,Medium,3
291,Low,0.3,0.23,4,0.65,0.89,0.96,0,0.17,P3,Team_C,Low,1
292,Low,0.3,0.49,4,0.72,0.61,0.41,7,0.413,P3,Team_B,Low,1
293,Low,0.3,0.67,4,0.78,0.77,0.89,4,0.352,P3,Team_B,Low,1
294,Medium,0.6,0.82,2,0.65,0.71,0.8,3,0.57,P2,Team_C,Medium,2
295,Medium,0.6,0.3,4,0.67,0.7,0.92,2,0.369,P3,Team_A,Low,1
296,Low,0.3,0.66,3,0.95,0.71,0.82,7,0.427,P2,Team_B,Medium,3
297,Low,0.3,0.42,2,0.76,0.78,0.65,2,0.315,P3,Team_B,Low,1
298,Medium,0.6,0.46,1,0.73,0.91,0.59,1,0.488,P2,Team_B,Medium,3
299,Low,0.3,0.41,2,0.77,0.65,0.57,3,0.412,P3,Team_C,Low,1
300,High,0.9,0.33,4,0.54,0.75,0.83,1,0.623,P2,Team_B,Medium,3
301,Medium,0.6,0.53,2,0.42,0.62,0.59,2,0.617,P2,Team_C,Medium,3
302,Low,0.3,0.39,2,0.93,0.43,0.92,2,0.244,P3,Team_C,Low,1
303,Medium,0.6,0.21,2,0.77,0.62,0.75,1,0.417,P3,Team_C,Low,1
304,Low,0.3,0.4,4,0.83,0.72,0.78,4,0.308,P3,Team_C,Low,1
305,Medium,0.6,0.2,3,0.86,0.68,0.54,2,0.417,P3,Team_C,Low,1
306,High,0.9,0.36,1,0.78,0.77,0.68,2,0.631,P2,Team_B,Medium,3
307,Low,0.3,0.29,1,0.81,0.85,0.97,1,0.242,P3,Team_B,Low,1
308,Low,0.3,0.74,1,0.31,0.52,0.72,2,0.402,P3,Team_B,Low,1
309,High,0.9,0.57,4,0.9,0.54,0.39,2,0.708,P1,Team_A,High,5
310,Low,0.3,0.47,3,0.81,0.55,0.34,8,0.438,P2,Team_C,Medium,3
311,Medium,0.6,0.71,2,0.95,0.33,0.53,4,0.613,P2,Team_C,Medium,2
312,High,0.9,0.68,2,0.73,0.37,0.63,3,0.804,P1,Team_C,High,6
313,High,0.9,0.72,1,0.5,0.65,0.78,5,0.791,P1,Team_C,High,5
314,High,0.9,0.54,4,0.8,0.65,0.68,4,0.676,P1,Team_A,High,5
315,Low,0.3,0.32,2,0.3,0.46,0.5,5,0.408,P3,Team_C,Low,1
316,Medium,0.6,0.47,1,0.48,0.77,0.7,3,0.482,P2,Team_B,Medium,3
317,High,0.9,0.81,2,0.82,0.83,0.79,3,0.754,P1,Team_A,High,4
318,Low,0.3,0.51,1,0.91,0.54,0.33,3,0.435,P2,Team_C,Medium,2
319,Low,0.3,0.44,4,0.72,0.94,0.89,3,0.26,P3,Team_C,Low,1
320,Low,0.3,0.67,2,0.51,0.94,0.86,7,0.198,P3,Team_B,Low,1
321,Low,0.3,0.3,4,0.94,0.89,0.82,4,0.198,P3,Team_B,Low,1
322,High,0.9,0.71,2,0.8,0.64,0.35,0,0.761,P1,Team_A,High,5
323,Medium,0.6,0.49,1,0.81,0.86,0.64,1,0.503,P2,Team_B,Medium,2
324,High,0.9,0.24,3,0.53,0.74,0.95,4,0.57,P2,Team_B,Medium,3
325,Medium,0.6,0.54,3,0.17,0.36,0.8,1,0.443,P2,Team_C,Medium,2
326,Medium,0.6,0.24,2,0.77,0.86,0.63,1,0.335,P3,Team_B,Low,1
327,Low,0.3,0.5,4,0.83,0.63,0.95,1,0.226,P3,Team_C,Low,1
328,High,0.9,0.17,1,0.83,0.61,0.61,0,0.638,P2,Team_A,Medium,2
329,High,0.9,0.36,1,0.86,0.37,0.9,4,0.646,P2,Team_A,Medium,3
330,Low,0.3,0.74,2,0.87,0.49,0.32,3,0.444,P2,Team_B,Medium,2
331,Medium,0.6,0.35,3,0.72,0.73,0.93,5,0.431,P2,Team_A,Medium,2
332,Medium,0.6,0.52,1,0.45,0.3,0.67,2,0.518,P2,Team_C,Medium,2
333,Low,0.3,0.3,1,0.5,0.45,0.69,1,0.368,P3,Team_C,Low,1
334,Medium,0.6,0.72,2,0.5,0.61,0.9,2,0.438,P2,Team_C,Medium,3
335,Low,0.3,0.62,3,0.67,0.34,0.5,2,0.423,P2,Team_C,Medium,2
336,Low,0.3,0.66,2,0.8,0.77,0.35,1,0.57,P2,Team_B,Medium,3
337,Medium,0.6,0.85,1,0.82,0.86,0.37,3,0.523,P2,Team_B,Medium,2
338,High,0.9,0.29,4,0.83,0.51,0.48,2,0.615,P2,Team_A,Medium,2
339,Medium,0.6,0.22,3,0.67,0.79,0.57,5,0.465,P2,Team_B,Medium,3
340,Medium,0.6,0.65,3,0.65,0.7,0.72,2,0.617,P2,Team_A,Medium,2
341,Medium,0.6,0.81,1,0.88,0.79,0.46,5,0.632,P2,Team_B,Medium,3
342,Low,0.3,0.36,3,0.67,0.44,0.62,1,0.317,P3,Team_C,Low,1
343,Low,0.3,0.44,2,0.89,0.53,0.9,3,0.345,P3,Team_C,Low,1
344,Medium,0.6,0.15,4,0.76,0.74,0.51,3,0.475,P2,Team_A,Medium,3
345,Medium,0.6,0.84,4,0.38,0.62,0.99,1,0.492,P2,Team_A,Medium,2
346,High,0.9,0.79,2,0.95,0.84,0.34,4,0.753,P1,Team_A,High,6
347,Medium,0.6,0.77,2,0.88,0.76,0.55,3,0.667,P1,Team_B,High,5
348,Low,0.3,0.36,4,0.88,0.81,0.77,0,0.321,P3,Team_B,Low,1
349,Medium,0.6,0.29,2,0.79,0.74,0.69,3,0.533,P2,Team_A,Medium,3
350,Medium,0.6,0.6,3,0.92,0.57,0.32,4,0.516,P2,Team_C,Medium,3
351,Low,0.3,0.32,3,0.71,0.3,0.86,3,0.296,P3,Team_B,Low,1
352,Medium,0.6,0.34,2,0.95,0.83,0.7,4,0.472,P2,Team_B,Medium,2
353,Medium,0.6,0.67,1,0.85,0.26,0.61,4,0.664,P1,Team_A,High,5
354,Low,0.3,0.31,1,0.9,0.74,0.39,2,0.34,P3,Team_C,Low,1
355,Medium,0.6,0.48,2,0.55,0.43,0.57,5,0.595,P2,Team_A,Medium,3
356,Low,0.3,0.72,3,0.51,0.45,0.39,4,0.381,P3,Team_C,Low,1
357,Low,0.3,0.92,1,0.86,0.89,0.6,5,0.359,P3,Team_B,Low,1
358,Medium,0.6,0.7,4,0.89,0.27,0.96,4,0.559,P2,Team_A,Medium,2
359,High,0.9,0.95,3,0.64,0.67,0.3,2,0.68,P1,Team_C,High,6
360,Medium,0.6,0.67,3,0.59,0.28,0.66,3,0.623,P2,Team_A,Medium,2
361,Low,0.3,0.32,1,0.66,0.64,0.48,3,0.293,P3,Team_C,Low,1
362,Low,0.3,0.69,2,0.61,0.85,0.61,2,0.342,P3,Team_C,Low,1
363,High,0.9,0.77,1,0.87,0.87,0.99,1,0.722,P1,Team_A,High,4
364,Low,0.3,0.39,4,0.91,0.26,0.89,3,0.317,P3,Team_C,Low,1
365,High,0.9,0.88,1,0.86,0.71,0.8,0,0.81,P1,Team_A,High,6
366,Medium,0.6,0.69,4,0.75,0.76,0.42,1,0.451,P2,Team_B,Medium,2
367,Low,0.3,0.38,3,0.56,0.89,0.45,2,0.31,P3,Team_B,Low,1
368,Medium,0.6,0.32,4,0.76,0.89,0.72,4,0.447,P2,Team_B,Medium,3
369,High,0.9,0.57,1,0.76,0.52,0.3,3,0.768,P1,Team_C,High,4
370,Medium,0.6,0.77,1,0.77,0.56,0.51,3,0.585,P2,Team_A,Medium,3
371,Low,0.3,0.76,4,0.29,0.66,0.76,3,0.356,P3,Team_C,Low,1
372,Low,0.3,0.25,4,0.88,0.65,0.7,1,0.36,P3,Team_B,Low,1
373,High,0.9,0.88,3,0.83,0.36,0.99,4,0.706,P1,Team_A,High,4
374,Low,0.3,0.29,1,0.93,0.45,0.62,3,0.267,P3,Team_B,Low,1
375,High,0.9,0.72,1,0.74,0.95,0.87,2,0.616,P2,Team_B,Medium,3
376,Medium,0.6,0.43,4,0.4,0.74,0.89,4,0.478,P2,Team_C,Medium,2
377,Medium,0.6,0.47,3,0.92,0.24,0.82,3,0.519,P2,Team_C,Medium,2
378,High,0.9,0.08,2,0.96,0.66,0.41,1,0.528,P2,Team_A,Medium,3
379,High,0.9,0.52,4,0.79,0.68,0.63,4,0.761,P1,Team_C,High,5
380,High,0.9,0.77,3,0.65,0.77,0.66,3,0.648,P2,Team_B,Medium,3
381,Medium,0.6,0.16,1,0.72,0.81,0.95,3,0.282,P3,Team_B,Low,1
382,Medium,0.6,0.67,4,0.67,0.71,0.85,2,0.517,P2,Team_C,Medium,3
383,Low,0.3,0.08,3,0.92,0.7,0.85,3,0.251,P3,Team_B,Low,1
384,High,0.9,0.24,1,0.87,0.99,0.45,2,0.628,P2,Team_A,Medium,3
385,Medium,0.6,0.69,4,0.59,0.92,0.87,3,0.508,P2,Team_B,Medium,3
386,Low,0.3,0.31,3,0.79,0.74,0.76,3,0.352,P3,Team_B,Low,1
387,Medium,0.6,0.63,4,0.66,0.78,0.68,1,0.498,P2,Team_B,Medium,3
388,High,0.9,0.44,4,0.36,0.82,0.36,4,0.755,P1,Team_B,High,4
389,Medium,0.6,0.72,4,0.96,0.81,0.35,2,0.522,P2,Team_B,Medium,3
390,Low,0.3,0.59,1,0.83,0.71,0.94,4,0.29,P3,Team_B,Low,1
391,High,0.9,0.76,3,0.7,0.54,0.72,3,0.736,P1,Team_C,High,6
392,Low,0.3,0.36,4,0.5,0.45,0.68,2,0.288,P3,Team_B,Low,1
393,High,0.9,0.8,4,0.8,0.72,0.69,3,0.725,P1,Team_A,High,5
394,Low,0.3,0.83,3,0.72,0.55,0.71,1,0.378,P3,Team_C,Low,1
395,Low,0.3,0.63,2,0.59,0.72,0.86,5,0.358,P3,Team_B,Low,1
396,Low,0.3,0.52,4,0.42,0.69,0.62,3,0.362,P3,Team_C,Low,1
397,Low,0.3,0.22,1,0.6,0.66,0.45,1,0.33,P3,Team_B,Low,1
398,High,0.9,0.5,1,0.86,0.61,0.4,4,0.678,P1,Team_A,High,4
399,Low,0.3,0.5,4,0.86,0.86,0.83,5,0.308,P3,Team_C,Low,1
400,Low,0.3,0.77,3,0.97,0.82,0.53,2,0.429,P2,Team_C,Medium,3
401,Medium,0.6,0.62,1,0.7,0.66,0.43,3,0.538,P2,Team_A,Medium,2
402,High,0.9,0.93,3,0.71,0.56,0.55,3,0.687,P1,Team_C,High,6
403,Medium,0.6,0.67,2,0.27,0.6,0.52,1,0.543,P2,Team_A,Medium,2
404,Low,0.3,0.38,4,0.55,0.73,0.32,1,0.285,P3,Team_C,Low,1
405,Medium,0.6,0.69,4,0.73,0.75,0.59,2,0.562,P2,Team_B,Medium,3
406,High,0.9,0.49,3,0.62,0.76,0.58,4,0.693,P1,Team_B,High,5
407,High,0.9,0.62,1,0.75,0.47,0.77,3,0.761,P1,Team_C,High,4
408,Medium,0.6,0.59,3,0.65,0.41,0.69,3,0.603,P2,Team_C,Medium,2
409,Low,0.3,0.06,4,0.78,0.93,0.48,1,0.23,P3,Team_B,Low,1
410,Medium,0.6,0.85,4,0.96,0.6,0.88,2,0.586,P2,Team_C,Medium,2
411,Low,0.3,0.71,2,0.83,0.81,0.8,6,0.308,P3,Team_C,Low,1
412,Low,0.3,0.4,3,0.62,0.44,0.79,8,0.343,P3,Team_B,Low,1
413,Medium,0.6,0.31,3,0.51,0.73,0.95,3,0.427,P2,Team_C,Medium,2
414,High,0.9,0.36,3,0.9,0.59,0.97,3,0.64,P2,Team_A,Medium,3
415,Medium,0.6,0.64,2,0.46,0.92,0.68,2,0.425,P2,Team_B,Medium,2
416,Low,0.3,0.18,2,0.65,0.61,0.49,1,0.287,P3,Team_B,Low,1
417,Medium,0.6,0.51,1,0.58,0.89,0.35,6,0.661,P1,Team_B,High,6
418,Medium,0.6,0.09,2,0.82,0.78,0.95,3,0.476,P2,Team_B,Medium,2
419,Low,0.3,0.67,3,0.45,0.54,0.74,3,0.353,P3,Team_B,Low,1
420,Low,0.3,0.47,4,0.84,0.84,0.76,3,0.258,P3,Team_C,Low,1
421,Low,0.3,0.7,1,0.59,0.91,0.7,6,0.435,P2,Team_C,Medium,3
422,Medium,0.6,0.35,3,0.43,0.6,0.96,3,0.585,P2,Team_A,Medium,3
423,Medium,0.6,0.37,3,0.47,0.9,0.62,4,0.491,P2,Team_B,Medium,3
424,Medium,0.6,0.54,1,0.74,0.52,0.44,4,0.566,P2,Team_C,Medium,3
425,High,0.9,0.82,4,0.67,0.31,0.8,2,0.77,P1,Team_C,High,6
426,Low,0.3,0.66,2,0.58,0.57,0.34,4,0.4,P3,Team_C,Low,1
427,Medium,0.6,0.38,2,0.54,0.58,0.42,2,0.436,P2,Team_A,Medium,3
428,Low,0.3,0.4,1,0.93,0.53,0.76,2,0.321,P3,Team_C,Low,1
429,Low,0.3,0.88,4,0.72,0.78,0.38,5,0.481,P2,Team_B,Medium,3
430,Low,0.3,0.94,2,0.58,0.81,0.97,4,0.4,P3,Team_C,Low,1
431,Medium,0.6,0.36,3,0.89,0.69,0.5,3,0.497,P2,Team_A,Medium,2
432,Medium,0.6,0.5,2,0.53,0.44,0.32,3,0.609,P2,Team_C,Medium,2
433,High,0.9,0.42,3,0.93,0.74,0.64,2,0.639,P2,Team_A,Medium,2
434,Low,0.3,0.38,2,0.73,0.62,0.84,3,0.27,P3,Team_C,Low,1
435,Medium,0.6,0.69,3,0.58,0.45,0.58,5,0.588,P2,Team_C,Medium,2
436,Medium,0.6,0.84,4,0.96,0.61,0.77,3,0.556,P2,Team_C,Medium,3
437,Medium,0.6,0.56,4,0.45,0.85,0.93,5,0.5,P2,Team_B,Medium,3
438,Low,0.3,0.8,1,0.65,0.87,0.53,2,0.277,P3,Team_B,Low,1
439,Low,0.3,0.3,2,0.76,0.88,0.65,7,0.285,P3,Team_C,Low,1
440,High,0.9,0.48,1,0.68,0.86,0.41,3,0.594,P2,Team_B,Medium,2
441,Medium,0.6,0.33,1,0.67,0.41,0.54,7,0.539,P2,Team_C,Medium,3
442,Low,0.3,0.57,3,0.71,0.38,0.68,4,0.375,P3,Team_C,Low,1
443,Medium,0.6,0.49,1,0.94,0.63,0.44,2,0.524,P2,Team_C,Medium,2
444,Medium,0.6,0.28,3,0.84,0.42,0.9,6,0.52,P2,Team_C,Medium,2
445,Low,0.3,0.82,4,0.89,0.54,0.75,2,0.322,P3,Team_B,Low,1
446,High,0.9,0.31,1,0.56,0.56,0.5,2,0.621,P2,Team_C,Medium,2
447,Medium,0.6,0.44,2,0.77,0.56,0.87,3,0.441,P2,Team_A,Medium,3
448,High,0.9,0.35,2,0.58,0.8,0.48,5,0.774,P1,Team_B,High,6
449,Low,0.3,0.61,3,0.62,0.91,0.89,1,0.342,P3,Team_C,Low,1
450,Low,0.3,0.87,2,0.38,0.9,0.98,3,0.433,P2,Team_C,Medium,2
451,Low,0.3,0.23,3,0.78,0.63,0.72,4,0.32,P3,Team_C,Low,1
452,Medium,0.6,0.43,3,0.69,0.58,0.53,3,0.524,P2,Team_C,Medium,3
453,High,0.9,0.39,3,0.53,0.74,0.31,0,0.615,P2,Team_B,Medium,3
454,Medium,0.6,0.86,1,0.82,0.66,0.38,1,0.529,P2,Team_A,Medium,3
455,High,0.9,0.44,4,0.62,0.71,0.46,3,0.73,P1,Team_B,High,6
456,High,0.9,0.55,3,0.78,0.38,0.32,4,0.791,P1,Team_C,High,6
457,Low,0.3,0.73,2,0.83,0.3,0.64,4,0.35,P3,Team_B,Low,1
458,Medium,0.6,0.74,3,0.6,0.78,0.75,2,0.524,P2,Team_B,Medium,2
459,Medium,0.6,0.73,2,0.81,0.48,0.65,3,0.525,P2,Team_A,Medium,3
460,High,0.9,0.37,1,0.39,0.34,0.43,1,0.64,P2,Team_C,Medium,3
461,Medium,0.6,0.58,1,0.95,0.67,0.51,0,0.515,P2,Team_A,Medium,3
462,Medium,0.6,0.69,3,0.7,0.61,0.65,7,0.619,P2,Team_A,Medium,3
463,Low,0.3,0.46,1,0.81,0.93,0.63,5,0.253,P3,Team_C,Low,1
464,Low,0.3,0.76,3,0.64,0.49,0.78,4,0.41,P3,Team_B,Low,1
465,High,0.9,0.57,3,0.61,0.91,0.95,2,0.589,P2,Team_B,Medium,3
466,Medium,0.6,0.33,2,0.82,0.71,0.48,4,0.506,P2,Team_C,Medium,3
467,Low,0.3,0.28,3,0.49,0.85,0.87,2,0.18,P3,Team_C,Low,1
468,Medium,0.6,0.8,4,0.6,0.67,0.64,2,0.592,P2,Team_C,Medium,3
469,Medium,0.6,0.9,2,0.76,0.85,0.72,5,0.581,P2,Team_B,Medium,3
470,High,0.9,0.17,3,0.84,0.34,0.34,5,0.716,P1,Team_A,High,4
471,Low,0.3,0.55,3,0.59,0.69,0.41,3,0.34,P3,Team_C,Low,1
472,High,0.9,0.66,1,0.85,0.95,0.49,3,0.757,P1,Team_A,High,5
473,Medium,0.6,0.19,1,0.96,0.82,0.37,1,0.507,P2,Team_B,Medium,2
474,Low,0.3,0.89,3,0.53,0.74,0.89,3,0.358,P3,Team_B,Low,1
475,Low,0.3,0.76,1,0.94,0.81,0.8,2,0.404,P3,Team_B,Low,1
476,Low,0.3,0.39,4,0.85,0.53,0.51,2,0.361,P3,Team_C,Low,1
477,Medium,0.6,0.31,4,0.82,0.48,0.63,2,0.565,P2,Team_A,Medium,3
478,Medium,0.6,0.32,4,0.69,0.75,0.93,5,0.492,P2,Team_B,Medium,2
479,High,0.9,0.25,3,0.83,0.81,0.73,1,0.568,P2,Team_A,Medium,3
480,Low,0.3,0.41,2,0.78,0.92,0.95,2,0.19,P3,Team_C,Low,1
481,Low,0.3,0.73,1,0.56,0.78,0.55,5,0.4,P3,Team_C,Low,1
482,Medium,0.6,0.71,3,0.84,0.61,0.7,1,0.428,P2,Team_A,Medium,3
483,Medium,0.6,0.24,1,0.7,0.81,0.55,2,0.48,P2,Team_B,Medium,3
484,Medium,0.6,0.8,2,0.73,0.54,0.33,1,0.662,P1,Team_C,High,5
485,Medium,0.6,0.7,2,0.91,0.81,0.92,3,0.549,P2,Team_B,Medium,2
486,High,0.9,0.41,2,0.71,0.72,0.46,5,0.682,P1,Team_B,High,5
487,Medium,0.6,0.37,2,0.79,0.55,0.92,3,0.471,P2,Team_C,Medium,3
488,Medium,0.6,0.88,2,0.89,0.7,0.54,2,0.579,P2,Team_C,Medium,3
489,High,0.9,0.22,2,0.77,0.6,0.59,3,0.696,P1,Team_C,High,4
490,High,0.9,0.32,3,0.66,0.2,0.58,3,0.716,P1,Team_C,High,5
491,High,0.9,0.89,4,0.82,0.95,0.38,3,0.822,P1,Team_A,High,5
492,High,0.9,0.05,1,0.5,0.98,0.72,4,0.582,P2,Team_B,Medium,2
493,Low,0.3,0.38,4,0.48,0.64,0.41,3,0.301,P3,Team_C,Low,1
494,High,0.9,0.83,2,0.5,0.49,0.51,3,0.829,P1,Team_C,High,4
495,Medium,0.6,0.77,3,0.48,0.6,0.32,4,0.529,P2,Team_C,Medium,3
496,Low,0.3,0.53,4,0.9,0.76,0.82,6,0.327,P3,Team_C,Low,1
497,Medium,0.6,0.61,2,0.44,0.63,0.48,2,0.541,P2,Team_C,Medium,2
498,Low,0.3,0.59,4,0.82,0.51,0.32,1,0.378,P3,Team_B,Low,1
499,Medium,0.6,0.56,3,0.76,0.58,0.98,2,0.608,P2,Team_A,Medium,3
500,Medium,0.6,0.89,1,0.75,0.73,0.83,3,0.573,P2,Team_A,Medium,2
501,Low,0.3,0.43,4,0.81,0.86,0.61,2,0.351,P3,Team_B,Low,1
502,High,0.9,0.73,4,0.5,0.36,0.93,5,0.678,P1,Team_C,High,4
503,Medium,0.6,0.21,3,0.69,0.72,0.91,5,0.374,P3,Team_A,Low,1
504,High,0.9,0.61,4,0.56,0.93,0.42,1,0.668,P1,Team_B,High,4
505,Low,0.3,0.62,2,0.65,0.69,0.69,3,0.39,P3,Team_B,Low,1
506,Medium,0.6,0.78,2,0.46,0.91,0.88,3,0.537,P2,Team_B,Medium,2
507,High,0.9,0.53,4,0.69,0.89,0.61,1,0.666,P1,Team_B,High,6
508,Medium,0.6,0.31,3,0.78,0.4,0.65,3,0.527,P2,Team_C,Medium,2
509,High,0.9,0.5,1,0.78,0.56,0.73,4,0.68,P1,Team_C,High,6
510,High,0.9,0.78,1,0.63,0.84,0.71,3,0.613,P2,Team_B,Medium,3
511,Low,0.3,0.26,2,0.92,0.84,0.66,6,0.304,P3,Team_C,Low,1
512,Low,0.3,0.79,2,0.8,0.67,0.42,3,0.368,P3,Team_C,Low,1
513,Medium,0.6,0.28,1,0.79,0.93,0.38,6,0.526,P2,Team_B,Medium,2
514,Medium,0.6,0.38,2,0.56,0.9,0.6,4,0.467,P2,Team_B,Medium,3
515,Medium,0.6,0.57,2,0.62,0.61,0.4,5,0.578,P2,Team_C,Medium,3
516,Low,0.3,0.96,3,0.83,0.29,0.72,4,0.451,P2,Team_B,Medium,2
517,Low,0.3,0.45,4,0.71,0.89,0.93,1,0.267,P3,Team_C,Low,1
518,Low,0.3,0.26,4,0.67,0.69,0.78,2,0.282,P3,Team_B,Low,1
519,Low,0.3,0.32,1,0.45,0.97,0.58,4,0.26,P3,Team_C,Low,1
520,Low,0.3,0.16,2,0.68,0.45,0.41,2,0.329,P3,Team_C,Low,1
521,High,0.9,0.63,3,0.87,0.81,0.89,3,0.719,P1,Team_A,High,5
522,Medium,0.6,0.56,2,0.92,0.38,0.81,6,0.556,P2,Team_A,Medium,2
523,Medium,0.6,0.67,1,0.96,0.48,0.33,4,0.677,P1,Team_C,High,6
524,Low,0.3,0.26,1,0.64,0.72,0.66,1,0.226,P3,Team_C,Low,1
525,Low,0.3,0.64,3,0.78,0.67,0.4,2,0.393,P3,Team_B,Low,1
526,Medium,0.6,0.07,4,0.81,0.52,0.74,5,0.418,P3,Team_A,Low,1
527,Medium,0.6,0.66,1,0.55,0.77,0.86,5,0.479,P2,Team_B,Medium,2
528,High,0.9,0.69,3,0.79,0.76,0.53,5,0.726,P1,Team_B,High,6
529,Low,0.3,0.5,3,0.63,0.71,0.72,3,0.315,P3,Team_B,Low,1
530,Low,0.3,0.32,4,0.53,0.89,0.8,2,0.289,P3,Team_B,Low,1
531,High,0.9,0.68,3,0.74,0.8,0.9,3,0.661,P1,Team_B,High,5
532,Low,0.3,0.33,4,0.94,0.73,0.39,5,0.389,P3,Team_C,Low,1
533,Medium,0.6,0.87,1,0.64,0.73,0.55,3,0.541,P2,Team_A,Medium,2
534,Low,0.3,0.49,4,0.89,0.96,0.86,1,0.311,P3,Team_B,Low,1
535,Medium,0.6,0.43,2,0.58,0.88,0.67,2,0.571,P2,Team_B,Medium,3
536,Low,0.3,0.33,4,0.52,0.45,0.79,4,0.351,P3,Team_B,Low,1
537,High,0.9,0.24,2,0.64,0.59,0.55,1,0.602,P2,Team_C,Medium,2
538,Low,0.3,0.76,2,0.8,0.75,0.59,4,0.441,P2,Team_B,Medium,2
539,Low,0.3,0.14,1,0.84,0.5,0.35,2,0.299,P3,Team_B,Low,1
540,High,0.9,0.84,2,0.76,0.66,0.77,6,0.776,P1,Team_C,High,4
541,Medium,0.6,0.79,3,0.86,0.58,0.7,4,0.625,P2,Team_C,Medium,2
542,Medium,0.6,0.73,4,0.63,0.42,0.99,5,0.55,P2,Team_C,Medium,2
543,High,0.9,0.82,4,0.88,0.78,0.83,1,0.696,P1,Team_A,High,4
544,Medium,0.6,0.69,3,0.58,0.89,0.97,5,0.498,P2,Team_B,Medium,3
545,Medium,0.6,0.53,3,0.65,0.63,0.74,1,0.494,P2,Team_A,Medium,2
546,Medium,0.6,0.81,1,0.68,0.85,0.38,4,0.573,P2,Team_B,Medium,3
547,Low,0.3,0.67,1,0.86,0.84,0.66,3,0.391,P3,Team_B,Low,1
548,Low,0.3,0.74,2,0.79,0.82,0.41,6,0.452,P2,Team_C,Medium,2
549,Low,0.3,0.92,2,0.95,0.95,0.69,3,0.392,P3,Team_B,Low,1
550,Medium,0.6,0.32,1,0.72,0.57,0.96,4,0.512,P2,Team_C,Medium,3
551,High,0.9,0.7,3,0.76,0.81,0.42,1,0.813,P1,Team_B,High,6
552,Low,0.3,0.22,1,0.58,0.5,0.67,4,0.346,P3,Team_C,Low,1
553,High,0.9,0.15,1,0.72,0.35,0.72,4,0.555,P2,Team_C,Medium,3
554,Medium,0.6,0.62,2,0.56,0.36,0.57,5,0.575,P2,Team_C,Medium,3
555,High,0.9,0.75,2,0.54,0.6,0.79,1,0.697,P1,Team_C,High,4
556,High,0.9,0.4,3,0.86,0.79,0.34,5,0.668,P1,Team_A,High,5
557,Low,0.3,0.08,3,0.93,0.87,0.91,3,0.23,P3,Team_C,Low,1
558,Medium,0.6,0.44,4,0.56,0.74,0.82,0,0.414,P3,Team_C,Low,1
559,Low,0.3,0.28,4,0.77,0.36,0.42,0,0.366,P3,Team_C,Low,1
560,Low,0.3,0.83,3,0.43,0.63,0.6,0,0.435,P2,Team_C,Medium,3
561,Low,0.3,0.55,4,0.77,0.72,0.52,2,0.332,P3,Team_C,Low,1
562,Low,0.3,0.55,3,0.89,0.27,0.78,3,0.438,P2,Team_B,Medium,2
563,Low,0.3,0.46,4,0.78,0.8,0.66,2,0.309,P3,Team_B,Low,1
564,Medium,0.6,0.52,4,0.73,0.75,0.56,2,0.505,P2,Team_B,Medium,2
565,Medium,0.6,0.56,2,0.96,0.81,0.7,2,0.56,P2,Team_B,Medium,3
566,Low,0.3,0.41,2,0.82,0.85,0.38,5,0.428,P2,Team_B,Medium,3
567,Low,0.3,0.87,2,0.7,0.27,0.57,4,0.44,P2,Team_C,Medium,3
568,High,0.9,0.23,1,0.78,0.79,0.63,2,0.639,P2,Team_B,Medium,2
569,Medium,0.6,0.61,3,0.67,0.53,0.75,3,0.538,P2,Team_A,Medium,2
570,Low,0.3,0.28,3,0.38,0.68,0.83,3,0.359,P3,Team_C,Low,1
571,Low,0.3,0.36,1,0.59,0.73,0.72,5,0.283,P3,Team_B,Low,1
572,Medium,0.6,0.28,3,0.58,0.85,0.66,4,0.528,P2,Team_B,Medium,2
573,Low,0.3,0.46,3,0.79,0.45,0.4,4,0.377,P3,Team_C,Low,1
574,Medium,0.6,0.43,4,0.62,0.71,0.45,2,0.572,P2,Team_A,Medium,3
575,Medium,0.6,0.85,4,0.81,0.41,0.31,4,0.679,P1,Team_C,High,5
576,Medium,0.6,0.46,1,0.6,0.91,0.73,2,0.399,P3,Team_B,Low,1
577,Medium,0.6,0.24,4,0.92,0.42,0.72,3,0.404,P3,Team_C,Low,1
578,Medium,0.6,0.24,3,0.51,0.64,0.43,3,0.361,P3,Team_C,Low,1
579,Medium,0.6,0.76,2,0.83,0.25,0.78,4,0.628,P2,Team_A,Medium,2
580,Medium,0.6,0.29,1,0.88,0.87,0.97,4,0.416,P3,Team_B,Low,1
581,Low,0.3,0.62,1,0.76,0.75,0.86,2,0.346,P3,Team_C,Low,1
582,High,0.9,0.73,4,0.59,0.84,0.4,6,0.718,P1,Team_B,High,4
583,High,0.9,0.05,3,0.64,0.92,0.39,5,0.555,P2,Team_B,Medium,2
584,Low,0.3,0.39,1,0.68,0.87,0.32,1,0.345,P3,Team_B,Low,1
585,Medium,0.6,0.31,4,0.57,0.7,0.34,2,0.493,P2,Team_C,Medium,2
586,Low,0.3,0.21,2,0.71,0.64,0.98,0,0.292,P3,Team_C,Low,1
587,High,0.9,0.52,1,0.76,0.49,0.89,7,0.669,P1,Team_C,High,4
588,Medium,0.6,0.83,3,0.98,0.92,0.6,4,0.556,P2,Team_B,Medium,2
589,Low,0.3,0.39,3,0.49,0.62,0.73,5,0.344,P3,Team_C,Low,1
590,Low,0.3,0.84,2,0.9,0.59,0.37,3,0.429,P2,Team_C,Medium,3
591,Low,0.3,0.06,3,0.88,0.87,0.78,4,0.247,P3,Team_C,Low,1
592,Low,0.3,0.79,2,0.97,0.62,0.47,4,0.475,P2,Team_C,Medium,2
593,Low,0.3,0.9,2,0.55,0.33,0.37,1,0.527,P2,Team_C,Medium,3
594,Low,0.3,0.68,3,0.72,0.48,0.55,4,0.325,P3,Team_C,Low,1
595,High,0.9,0.31,2,0.64,0.66,0.46,4,0.634,P2,Team_C,Medium,2
596,Low,0.3,0.6,2,0.66,0.63,0.52,4,0.487,P2,Team_B,Medium,2
597,Low,0.3,0.31,2,0.67,0.86,0.61,2,0.422,P2,Team_C,Medium,2
598,Low,0.3,0.46,3,0.77,0.45,0.6,3,0.314,P3,Team_C,Low,1
599,High,0.9,0.52,2,0.43,0.66,0.76,5,0.736,P1,Team_C,High,5
600,Medium,0.6,0.38,2,0.7,0.57,0.6,2,0.442,P2,Team_A,Medium,2
601,High,0.9,0.53,3,0.49,0.28,0.57,2,0.748,P1,Team_C,High,4
602,High,0.9,0.1,2,0.64,0.52,0.55,3,0.641,P2,Team_C,Medium,2
603,Medium,0.6,0.52,2,0.68,0.82,0.52,3,0.596,P2,Team_B,Medium,3
604,Low,0.3,0.96,1,0.24,0.96,0.75,3,0.361,P3,Team_B,Low,1
605,Medium,0.6,0.73,3,0.58,0.85,0.95,4,0.457,P2,Team_B,Medium,3
606,Low,0.3,0.2,1,0.53,0.76,0.72,4,0.253,P3,Team_C,Low,1
607,Low,0.3,0.31,2,0.51,0.63,0.78,3,0.3,P3,Team_C,Low,1
608,High,0.9,0.27,3,0.91,0.91,0.95,1,0.519,P2,Team_A,Medium,2
609,Medium,0.6,0.5,2,0.77,0.29,0.68,3,0.594,P2,Team_A,Medium,3
610,Low,0.3,0.65,4,0.66,0.76,0.48,0,0.382,P3,Team_C,Low,1
611,Medium,0.6,0.42,4,0.6,0.74,0.32,4,0.475,P2,Team_A,Medium,2
612,High,0.9,0.52,4,0.71,0.74,0.39,2,0.658,P1,Team_B,High,5
613,High,0.9,0.21,2,0.89,0.38,0.6,3,0.604,P2,Team_A,Medium,3
614,Medium,0.6,0.33,2,0.61,0.62,0.43,1,0.559,P2,Team_C,Medium,2
615,High,0.9,0.46,3,0.99,0.67,0.98,2,0.526,P2,Team_A,Medium,3
616,Medium,0.6,0.44,3,0.62,0.91,0.35,7,0.499,P2,Team_B,Medium,2
617,Low,0.3,0.49,1,0.9,0.36,0.87,3,0.483,P2,Team_C,Medium,2
618,Medium,0.6,0.65,2,0.67,0.73,0.52,1,0.5,P2,Team_C,Medium,3
619,High,0.9,0.73,1,0.8,0.65,0.76,6,0.678,P1,Team_A,High,4
620,Medium,0.6,0.47,3,0.86,0.65,0.32,4,0.507,P2,Team_A,Medium,2
621,Low,0.3,0.46,2,0.53,0.77,0.74,8,0.388,P3,Team_C,Low,1
622,Low,0.3,0.07,4,0.73,0.67,0.48,2,0.247,P3,Team_B,Low,1
623,High,0.9,0.35,3,0.97,0.52,0.62,2,0.666,P1,Team_A,High,4
624,Low,0.3,0.59,3,0.84,0.2,0.51,6,0.407,P3,Team_B,Low,1
625,Medium,0.6,0.78,3,0.68,0.79,0.77,0,0.508,P2,Team_B,Medium,3
626,Low,0.3,0.22,4,0.8,0.84,0.66,2,0.249,P3,Team_C,Low,1
627,Medium,0.6,0.34,1,0.91,0.63,0.33,0,0.446,P2,Team_C,Medium,2
628,Medium,0.6,0.69,3,0.57,0.93,0.97,3,0.473,P2,Team_B,Medium,3
629,Low,0.3,0.8,1,0.82,0.52,0.32,5,0.52,P2,Team_B,Medium,2
630,Low,0.3,0.39,4,0.73,0.44,0.6,4,0.372,P3,Team_B,Low,1
631,Low,0.3,0.23,1,0.68,0.7,0.45,3,0.352,P3,Team_B,Low,1
632,Medium,0.6,0.39,1,0.79,0.52,0.74,1,0.457,P2,Team_C,Medium,2
633,High,0.9,0.71,1,0.84,0.61,0.92,4,0.694,P1,Team_A,High,6
634,High,0.9,0.83,1,0.81,0.93,0.81,3,0.713,P1,Team_A,High,6
635,High,0.9,0.63,1,0.97,0.31,0.5,2,0.706,P1,Team_A,High,6
636,Medium,0.6,0.8,2,0.84,0.84,0.99,2,0.599,P2,Team_B,Medium,3
637,Medium,0.6,0.23,4,0.81,0.88,0.66,1,0.443,P2,Team_B,Medium,2
638,Low,0.3,0.77,1,0.48,0.63,0.57,4,0.375,P3,Team_C,Low,1
639,High,0.9,0.27,3,0.6,0.65,0.62,5,0.65,P1,Team_C,High,6
640,Low,0.3,0.72,1,0.48,0.87,0.55,2,0.321,P3,Team_B,Low,1
641,Low,0.3,0.54,3,0.76,0.65,0.72,3,0.362,P3,Team_C,Low,1
642,Low,0.3,0.23,2,0.69,0.31,0.51,4,0.226,P3,Team_C,Low,1
643,High,0.9,0.72,3,0.53,0.87,0.78,4,0.705,P1,Team_B,High,5
644,Medium,0.6,0.22,3,0.86,0.47,0.84,0,0.367,P3,Team_A,Low,1
645,Medium,0.6,0.83,2,0.66,0.81,0.95,1,0.584,P2,Team_B,Medium,2
646,Medium,0.6,0.81,3,0.4,0.69,0.33,5,0.645,P2,Team_C,Medium,3
647,Medium,0.6,0.18,2,0.59,0.73,0.89,4,0.438,P2,Team_A,Medium,2
648,High,0.9,0.43,3,0.87,0.87,0.69,2,0.633,P2,Team_A,Medium,2
649,High,0.9,0.1,4,0.71,0.85,0.75,3,0.547,P2,Team_B,Medium,3
650,Medium,0.6,0.06,4,0.62,0.6,0.39,3,0.513,P2,Team_C,Medium,3
651,Low,0.3,0.23,3,0.61,0.31,0.4,5,0.36,P3,Team_B,Low,1
652,High,0.9,0.09,2,0.45,0.56,0.98,2,0.45,P2,Team_C,Medium,3
653,Low,0.3,0.59,1,0.61,0.46,0.57,4,0.374,P3,Team_C,Low,1
654,High,0.9,0.35,2,0.87,0.66,0.96,3,0.646,P2,Team_A,Medium,2
655,Medium,0.6,0.81,1,0.84,0.39,0.53,2,0.519,P2,Team_A,Medium,3
656,Medium,0.6,0.58,1,0.81,0.76,0.89,3,0.449,P2,Team_B,Medium,3
657,High,0.9,0.48,4,0.67,0.7,0.43,1,0.737,P1,Team_B,High,5
658,Low,0.3,0.62,2,0.96,0.76,0.43,3,0.3,P3,Team_B,Low,1
659,Medium,0.6,0.28,4,0.96,0.52,0.33,2,0.552,P2,Team_A,Medium,3
660,Medium,0.6,0.82,1,0.7,0.65,0.88,3,0.539,P2,Team_A,Medium,3
661,Medium,0.6,0.43,4,0.98,0.6,0.74,2,0.48,P2,Team_A,Medium,3
662,High,0.9,0.66,3,0.79,0.84,0.76,2,0.615,P2,Team_B,Medium,3
663,Low,0.3,0.82,1,0.96,0.92,0.52,4,0.399,P3,Team_B,Low,1
664,Low,0.3,0.92,1,0.79,0.45,0.92,6,0.368,P3,Team_B,Low,1
665,High,0.9,0.06,3,0.87,0.75,0.95,3,0.548,P2,Team_A,Medium,2
666,Medium,0.6,0.6,4,0.79,0.74,0.95,4,0.585,P2,Team_C,Medium,2
667,Low,0.3,0.7,2,0.77,0.77,0.77,1,0.396,P3,Team_C,Low,1
668,Low,0.3,0.89,4,0.83,0.79,0.62,4,0.454,P2,Team_B,Medium,3
669,Medium,0.6,0.63,3,0.79,0.67,0.81,4,0.569,P2,Team_A,Medium,2
670,Low,0.3,0.69,4,0.81,0.95,0.92,3,0.34,P3,Team_C,Low,1
671,Low,0.3,0.31,4,0.65,0.77,0.64,3,0.34,P3,Team_C,Low,1
672,Low,0.3,0.38,4,0.9,0.74,0.47,4,0.368,P3,Team_C,Low,1
673,High,0.9,0.84,2,0.76,0.89,0.46,8,0.837,P1,Team_B,High,5
674,Low,0.3,0.21,1,0.8,0.77,0.77,5,0.216,P3,Team_C,Low,1
675,Medium,0.6,0.18,3,0.99,0.59,0.69,3,0.457,P2,Team_C,Medium,2
676,Low,0.3,0.73,4,0.82,0.39,0.66,3,0.416,P3,Team_B,Low,1
677,Low,0.3,0.09,2,0.95,0.59,0.63,3,0.297,P3,Team_C,Low,1
678,Medium,0.6,0.1,2,0.71,0.79,0.47,1,0.45,P2,Team_B,Medium,2
679,Low,0.3,0.18,1,0.57,0.91,0.67,0,0.213,P3,Team_B,Low,1
680,High,0.9,0.47,2,0.85,0.62,0.58,3,0.622,P2,Team_A,Medium,3
681,High,0.9,0.32,1,0.83,0.64,0.45,3,0.734,P1,Team_A,High,5
682,Low,0.3,0.91,2,0.74,0.82,0.49,5,0.454,P2,Team_B,Medium,3
683,High,0.9,0.53,2,0.72,0.3,0.98,4,0.775,P1,Team_C,High,6
684,Low,0.3,0.58,4,0.81,0.85,0.66,2,0.351,P3,Team_B,Low,1
685,Medium,0.6,0.83,2,0.87,0.26,0.31,0,0.569,P2,Team_C,Medium,2
686,Medium,0.6,0.37,3,0.32,0.87,0.99,1,0.474,P2,Team_B,Medium,2
687,Medium,0.6,0.25,3,0.97,0.66,0.41,2,0.451,P2,Team_C,Medium,2
688,Medium,0.6,0.52,3,0.82,0.61,0.52,1,0.549,P2,Team_A,Medium,3
689,High,0.9,0.12,2,0.61,0.69,0.82,8,0.648,P2,Team_C,Medium,3
690,Medium,0.6,0.75,1,0.94,0.49,0.89,0,0.58,P2,Team_A,Medium,3
691,High,0.9,0.29,1,0.74,0.53,0.84,0,0.659,P1,Team_C,High,6
692,Low,0.3,0.5,2,0.73,0.91,0.75,6,0.322,P3,Team_C,Low,1
693,High,0.9,0.45,1,0.57,0.7,0.31,4,0.696,P1,Team_B,High,4
694,Medium,0.6,0.09,4,0.71,0.57,0.44,3,0.404,P3,Team_A,Low,1
695,Low,0.3,0.33,3,0.8,0.5,0.95,2,0.33,P3,Team_C,Low,1
696,High,0.9,0.39,1,0.68,0.67,0.62,2,0.555,P2,Team_C,Medium,3
697,High,0.9,0.59,2,0.91,0.57,0.93,3,0.651,P1,Team_A,High,5
698,Low,0.3,0.26,2,0.78,0.9,0.87,2,0.249,P3,Team_B,Low,1
699,Low,0.3,0.87,1,0.87,0.55,0.57,2,0.459,P2,Team_B,Medium,2
700,High,0.9,0.21,1,0.53,0.62,0.46,6,0.629,P2,Team_C,Medium,3
701,Low,0.3,0.12,1,0.53,0.5,0.42,5,0.363,P3,Team_B,Low,1
702,High,0.9,0.17,2,0.59,0.64,0.61,3,0.619,P2,Team_C,Medium,3
703,High,0.9,0.32,4,0.73,0.71,0.73,2,0.594,P2,Team_B,Medium,3
704,Medium,0.6,0.63,1,0.83,0.32,0.76,6,0.49,P2,Team_C,Medium,3
705,Medium,0.6,0.28,3,0.74,0.74,0.7,3,0.542,P2,Team_C,Medium,3
706,High,0.9,0.46,2,0.44,0.68,0.33,4,0.785,P1,Team_C,High,4
707,Medium,0.6,0.71,3,0.92,0.68,0.3,2,0.536,P2,Team_C,Medium,3
708,Medium,0.6,0.22,2,0.89,0.94,0.74,2,0.396,P3,Team_B,Low,1
709,Low,0.3,0.6,3,0.66,0.91,0.78,5,0.365,P3,Team_C,Low,1
710,Medium,0.6,0.3,4,0.97,0.6,0.79,4,0.467,P2,Team_C,Medium,3
711,Medium,0.6,0.33,1,0.83,0.48,0.48,1,0.582,P2,Team_A,Medium,2
712,High,0.9,0.42,2,0.87,0.37,0.48,5,0.767,P1,Team_A,High,5
713,Low,0.3,0.89,2,0.62,0.31,0.8,3,0.462,P2,Team_B,Medium,3
714,Medium,0.6,0.5,2,0.79,0.76,0.65,6,0.599,P2,Team_B,Medium,3
715,Low,0.3,0.67,1,0.82,0.76,0.71,2,0.344,P3,Team_C,Low,1
716,High,0.9,0.58,2,0.95,0.59,0.66,1,0.641,P2,Team_A,Medium,3
717,Medium,0.6,0.76,3,0.8,0.72,0.4,2,0.618,P2,Team_A,Medium,2
718,High,0.9,0.53,1,0.34,0.35,0.39,4,0.654,P1,Team_C,High,6
719,Low,0.3,0.24,2,0.75,0.35,0.61,3,0.356,P3,Team_C,Low,1
720,High,0.9,0.12,4,0.62,0.94,0.8,2,0.586,P2,Team_B,Medium,2
721,High,0.9,0.6,3,0.7,0.88,0.44,2,0.709,P1,Team_B,High,4
722,Low,0.3,0.63,1,0.61,0.36,0.41,3,0.491,P2,Team_C,Medium,3
723,High,0.9,0.52,2,0.69,0.49,0.41,8,0.746,P1,Team_C,High,4
724,High,0.9,0.22,2,0.4,0.47,0.35,2,0.674,P1,Team_C,High,5
725,Low,0.3,0.43,2,0.71,0.81,0.57,3,0.31,P3,Team_B,Low,1
726,Medium,0.6,0.43,3,0.87,0.79,0.88,3,0.414,P3,Team_B,Low,1
727,Medium,0.6,0.31,2,0.42,0.83,0.6,4,0.495,P2,Team_B,Medium,3
728,Medium,0.6,0.39,3,0.31,0.81,0.87,3,0.431,P2,Team_B,Medium,3
729,Low,0.3,0.59,2,0.74,0.88,0.92,2,0.369,P3,Team_C,Low,1
730,Medium,0.6,0.39,3,0.92,0.76,0.69,2,0.504,P2,Team_B,Medium,2
731,Medium,0.6,0.55,4,0.59,0.56,0.6,3,0.544,P2,Team_C,Medium,2
732,High,0.9,0.48,4,0.29,0.97,0.77,1,0.702,P1,Team_B,High,6
733,Medium,0.6,0.52,1,0.81,0.68,0.59,2,0.522,P2,Team_C,Medium,3
734,Medium,0.6,0.36,1,0.56,0.57,0.75,2,0.549,P2,Team_A,Medium,3
735,Low,0.3,0.69,1,0.78,0.91,0.41,2,0.351,P3,Team_B,Low,1
736,Medium,0.6,0.76,3,0.68,0.55,0.9,1,0.514,P2,Team_A,Medium,2
737,Medium,0.6,0.1,4,0.7,0.28,0.39,2,0.494,P2,Team_C,Medium,3
738,Low,0.3,0.44,1,0.49,0.65,0.3,3,0.422,P2,Team_B,Medium,3
739,Low,0.3,0.51,2,0.46,0.32,0.52,2,0.25,P3,Team_B,Low,1
740,High,0.9,0.1,4,0.77,0.42,0.85,5,0.547,P2,Team_C,Medium,2
741,High,0.9,0.03,2,0.94,0.9,0.51,5,0.551,P2,Team_A,Medium,2
742,Low,0.3,0.42,3,0.7,0.53,0.77,0,0.359,P3,Team_B,Low,1
743,Medium,0.6,0.37,4,0.87,0.34,0.43,1,0.597,P2,Team_C,Medium,3
744,High,0.9,0.36,2,0.87,0.71,0.97,3,0.627,P2,Team_A,Medium,3
745,Low,0.3,0.39,4,0.79,0.68,0.62,3,0.276,P3,Team_C,Low,1
746,High,0.9,0.19,4,0.73,0.98,0.6,3,0.559,P2,Team_B,Medium,3
747,High,0.9,0.64,1,0.86,0.79,0.44,2,0.65,P1,Team_A,High,5
748,Medium,0.6,0.68,2,0.76,0.89,0.3,2,0.566,P2,Team_B,Medium,3
749,Low,0.3,0.55,1,0.83,0.37,0.44,2,0.343,P3,Team_C,Low,1
750,Low,0.3,0.53,4,0.72,0.82,0.48,2,0.392,P3,Team_B,Low,1
751,Medium,0.6,0.33,1,0.73,0.57,0.8,3,0.526,P2,Team_C,Medium,3
752,Low,0.3,0.54,4,0.9,0.79,0.75,1,0.346,P3,Team_B,Low,1
753,Low,0.3,0.25,2,0.31,0.74,0.36,3,0.386,P3,Team_C,Low,1
754,Medium,0.6,0.84,3,0.72,0.82,0.35,6,0.555,P2,Team_B,Medium,3
755,Low,0.3,0.35,4,0.63,0.64,0.33,3,0.39,P3,Team_B,Low,1
756,Low,0.3,0.33,2,0.78,0.5,0.86,3,0.314,P3,Team_C,Low,1
757,Medium,0.6,0.54,3,0.66,0.79,0.47,7,0.582,P2,Team_B,Medium,3
758,High,0.9,0.32,2,0.92,0.78,0.98,2,0.62,P2,Team_A,Medium,3
759,Low,0.3,0.56,1,0.7,0.76,0.78,4,0.319,P3,Team_C,Low,1
760,Medium,0.6,0.44,2,0.69,0.27,0.7,3,0.596,P2,Team_A,Medium,2
761,Low,0.3,0.5,3,0.62,0.65,0.88,2,0.274,P3,Team_C,Low,1
762,Medium,0.6,0.78,1,0.69,0.65,0.87,2,0.611,P2,Team_A,Medium,3
763,High,0.9,0.34,4,0.68,0.4,0.79,1,0.678,P1,Team_C,High,4
764,Low,0.3,0.89,2,0.61,0.8,0.35,6,0.43,P2,Team_B,Medium,3
765,Medium,0.6,0.47,1,0.89,0.52,0.56,2,0.515,P2,Team_A,Medium,3
766,Low,0.3,0.65,2,0.44,0.8,0.46,3,0.332,P3,Team_C,Low,1
767,Medium,0.6,0.16,2,0.65,0.73,0.45,3,0.48,P2,Team_C,Medium,2
768,Low,0.3,0.43,1,0.95,0.52,0.52,2,0.307,P3,Team_C,Low,1
769,Low,0.3,0.24,1,0.61,0.38,0.37,3,0.413,P3,Team_B,Low,1
770,Low,0.3,0.25,1,0.61,0.77,0.95,2,0.288,P3,Team_C,Low,1
771,High,0.9,0.47,2,0.63,0.72,0.56,4,0.701,P1,Team_B,High,4
772,Medium,0.6,0.49,1,0.74,0.68,0.33,4,0.588,P2,Team_A,Medium,3
773,Medium,0.6,0.53,4,0.92,0.87,0.42,4,0.563,P2,Team_B,Medium,3
774,High,0.9,0.58,1,0.8,0.76,0.33,4,0.668,P1,Team_A,High,6
775,Low,0.3,0.38,2,0.7,0.71,0.84,4,0.358,P3,Team_B,Low,1
776,Low,0.3,0.71,2,0.94,0.75,0.51,1,0.384,P3,Team_C,Low,1
777,Low,0.3,0.29,4,0.9,0.95,0.39,2,0.258,P3,Team_C,Low,1
778,Low,0.3,0.89,1,0.86,0.7,0.58,3,0.458,P2,Team_C,Medium,2
779,Low,0.3,0.68,2,0.43,0.67,0.72,4,0.423,P2,Team_C,Medium,3
780,High,0.9,0.56,4,0.33,0.75,0.97,3,0.617,P2,Team_B,Medium,3
781,High,0.9,0.91,4,0.47,0.37,0.39,4,0.81,P1,Team_C,High,5
782,High,0.9,0.37,4,0.3,0.31,0.31,3,0.682,P1,Team_C,High,6
783,Medium,0.6,0.77,4,0.92,0.5,0.8,4,0.527,P2,Team_A,Medium,2
784,Medium,0.6,0.09,3,0.86,0.43,0.94,6,0.539,P2,Team_C,Medium,3
785,Low,0.3,0.74,2,0.72,0.49,0.86,2,0.363,P3,Team_C,Low,1
786,High,0.9,0.52,4,0.7,0.72,0.4,4,0.866,P1,Team_B,High,6
787,Low,0.3,0.03,4,0.68,0.84,0.68,4,0.281,P3,Team_B,Low,1
788,High,0.9,0.53,4,0.66,0.66,0.96,3,0.541,P2,Team_C,Medium,2
789,Low,0.3,0.78,3,0.74,0.52,0.71,5,0.489,P2,Team_B,Medium,3
790,Low,0.3,0.37,3,0.91,0.32,0.79,2,0.386,P3,Team_C,Low,1
791,Medium,0.6,0.52,3,0.79,0.22,0.69,6,0.588,P2,Team_A,Medium,3
792,Medium,0.6,0.81,1,0.86,0.94,0.33,7,0.629,P2,Team_B,Medium,3
793,High,0.9,0.82,4,0.71,0.52,0.81,6,0.733,P1,Team_C,High,4
794,Medium,0.6,0.63,1,0.7,0.85,0.35,3,0.616,P2,Team_B,Medium,2
795,Low,0.3,0.46,4,0.78,0.88,0.74,5,0.303,P3,Team_C,Low,1
796,Low,0.3,0.43,2,0.54,0.82,0.88,2,0.252,P3,Team_C,Low,1
797,Medium,0.6,0.39,1,0.48,0.64,0.7,2,0.487,P2,Team_A,Medium,2
798,Medium,0.6,0.1,3,0.77,0.64,1.0,3,0.413,P3,Team_C,Low,1
799,Low,0.3,0.79,4,0.69,0.47,0.84,2,0.419,P3,Team_C,Low,1
800,High,0.9,0.39,1,0.59,0.38,0.86,4,0.673,P1,Team_C,High,4
801,Low,0.3,0.63,1,0.81,0.94,0.82,6,0.335,P3,Team_B,Low,1
802,High,0.9,0.42,2,0.5,0.53,0.9,1,0.653,P1,Team_C,High,5
803,High,0.9,0.5,3,0.89,0.72,0.45,3,0.728,P1,Team_A,High,4
804,Medium,0.6,0.25,1,0.95,0.91,0.62,0,0.353,P3,Team_B,Low,1
805,High,0.9,0.26,4,0.74,0.91,0.89,4,0.587,P2,Team_B,Medium,3
806,Medium,0.6,0.48,3,0.81,0.53,0.48,3,0.62,P2,Team_A,Medium,2
807,Medium,0.6,0.8,2,0.72,0.75,0.58,6,0.535,P2,Team_B,Medium,2
808,Medium,0.6,0.38,1,0.82,0.78,0.53,2,0.512,P2,Team_B,Medium,2
809,High,0.9,0.27,4,0.81,0.58,0.37,7,0.715,P1,Team_A,High,4
810,Medium,0.6,0.82,4,0.58,0.81,0.68,2,0.564,P2,Team_B,Medium,2
811,Low,0.3,0.26,1,0.84,0.81,0.81,7,0.323,P3,Team_C,Low,1
812,High,0.9,0.63,3,0.53,0.61,0.34,6,0.759,P1,Team_C,High,5
813,Medium,0.6,0.44,2,0.87,0.66,0.92,1,0.488,P2,Team_C,Medium,3
814,Low,0.3,0.57,3,0.51,0.83,0.8,6,0.314,P3,Team_B,Low,1
815,High,0.9,0.07,2,0.95,0.79,0.57,8,0.609,P2,Team_A,Medium,3
816,Medium,0.6,0.11,2,0.81,0.76,0.55,3,0.479,P2,Team_B,Medium,2
817,High,0.9,0.08,2,0.77,0.43,0.33,3,0.611,P2,Team_C,Medium,2
818,Low,0.3,0.23,2,0.66,0.58,0.83,1,0.309,P3,Team_C,Low,1
819,Medium,0.6,0.57,4,0.91,0.66,0.86,2,0.503,P2,Team_A,Medium,2
820,Low,0.3,0.74,2,0.65,0.34,0.92,3,0.46,P2,Team_B,Medium,2
821,Medium,0.6,0.31,2,0.74,0.87,0.58,3,0.402,P3,Team_B,Low,1
822,High,0.9,0.4,4,0.6,0.5,0.37,2,0.671,P1,Team_C,High,4
823,High,0.9,0.54,2,0.82,0.61,0.68,3,0.639,P2,Team_A,Medium,2
824,Medium,0.6,0.29,2,0.78,0.61,0.62,4,0.492,P2,Team_C,Medium,2
825,Low,0.3,0.41,2,0.74,0.82,0.53,1,0.289,P3,Team_C,Low,1
826,High,0.9,0.79,4,0.57,0.63,0.56,4,0.726,P1,Team_C,High,6
827,Low,0.3,0.96,3,0.81,0.86,0.48,1,0.524,P2,Team_C,Medium,2
828,High,0.9,0.46,3,0.53,0.81,0.75,6,0.599,P2,Team_B,Medium,2
829,Medium,0.6,0.56,2,0.89,0.64,0.46,2,0.468,P2,Team_C,Medium,3
830,Low,0.3,0.2,3,0.91,0.75,0.86,2,0.307,P3,Team_B,Low,1
831,High,0.9,0.31,3,0.67,0.55,0.37,1,0.731,P1,Team_C,High,5
832,High,0.9,0.37,3,0.92,0.36,0.91,1,0.682,P1,Team_A,High,6
833,High,0.9,0.86,1,0.85,0.8,0.89,5,0.79,P1,Team_A,High,6
834,Medium,0.6,0.58,1,0.89,0.87,0.92,2,0.496,P2,Team_B,Medium,2
835,High,0.9,0.4,4,0.8,0.67,0.58,2,0.717,P1,Team_A,High,6
836,Medium,0.6,0.63,1,0.92,0.89,0.66,2,0.555,P2,Team_B,Medium,3
837,Low,0.3,0.81,2,0.78,0.45,0.56,4,0.506,P2,Team_B,Medium,2
838,Low,0.3,0.4,1,0.88,0.72,0.34,2,0.323,P3,Team_B,Low,1
839,Low,0.3,0.28,4,0.57,0.45,0.57,2,0.241,P3,Team_B,Low,1
840,High,0.9,0.63,2,0.93,0.59,0.33,2,0.761,P1,Team_A,High,6
841,High,0.9,0.64,2,0.63,0.55,0.35,3,0.855,P1,Team_C,High,6
842,Low,0.3,0.51,3,0.7,0.53,0.96,2,0.441,P2,Team_B,Medium,3
843,High,0.9,0.45,2,0.78,0.72,0.98,2,0.613,P2,Team_B,Medium,2
844,Medium,0.6,0.94,1,0.69,0.4,0.78,4,0.612,P2,Team_A,Medium,3
845,High,0.9,0.47,1,0.66,0.61,0.65,4,0.733,P1,Team_C,High,5
846,High,0.9,0.48,3,0.86,0.67,0.46,3,0.673,P1,Team_A,High,5
847,Low,0.3,0.13,1,0.42,0.57,0.85,4,0.227,P3,Team_B,Low,1
848,Low,0.3,0.74,2,0.96,0.74,0.98,4,0.383,P3,Team_B,Low,1
849,Medium,0.6,0.72,2,0.85,0.51,0.73,6,0.574,P2,Team_A,Medium,2
850,Medium,0.6,0.63,4,0.55,0.89,0.72,1,0.452,P2,Team_B,Medium,2
851,Medium,0.6,0.76,4,0.47,0.98,0.84,2,0.568,P2,Team_B,Medium,3
852,High,0.9,0.45,2,0.72,0.68,0.34,5,0.742,P1,Team_C,High,5
853,Low,0.3,0.6,3,0.72,0.8,0.78,2,0.359,P3,Team_B,Low,1
854,Medium,0.6,0.47,2,0.53,0.76,0.66,6,0.553,P2,Team_B,Medium,2
855,Low,0.3,0.5,4,0.92,0.92,0.54,4,0.34,P3,Team_B,Low,1
856,Low,0.3,0.83,3,0.84,0.75,0.5,3,0.508,P2,Team_B,Medium,3
857,High,0.9,0.47,1,0.84,0.82,0.36,4,0.667,P1,Team_A,High,6
858,High,0.9,0.16,2,0.84,0.84,0.44,1,0.766,P1,Team_A,High,4
859,Low,0.3,0.63,4,0.9,0.54,0.96,2,0.407,P3,Team_B,Low,1
860,Low,0.3,0.54,2,0.85,0.66,0.76,3,0.345,P3,Team_B,Low,1
861,High,0.9,0.4,2,0.73,0.85,0.93,2,0.582,P2,Team_B,Medium,3
862,Medium,0.6,0.28,2,0.81,0.61,1.0,4,0.488,P2,Team_A,Medium,3
863,Low,0.3,0.55,2,0.68,0.86,0.56,3,0.308,P3,Team_C,Low,1
864,Low,0.3,0.95,3,0.59,0.56,0.49,3,0.447,P2,Team_B,Medium,2
865,Medium,0.6,0.36,4,0.63,0.86,0.8,3,0.495,P2,Team_B,Medium,2
866,High,0.9,0.64,2,0.4,0.68,0.56,3,0.711,P1,Team_C,High,5
867,Low,0.3,0.52,2,0.82,0.94,0.62,1,0.257,P3,Team_B,Low,1
868,High,0.9,0.77,3,0.67,0.49,0.86,2,0.732,P1,Team_C,High,4
869,High,0.9,0.84,2,0.71,0.45,0.78,2,0.804,P1,Team_C,High,4
870,Low,0.3,0.43,4,0.77,0.9,0.5,2,0.227,P3,Team_B,Low,1
871,Medium,0.6,0.58,4,0.79,0.34,0.79,2,0.561,P2,Team_A,Medium,2
872,Low,0.3,0.55,2,0.77,0.75,0.46,1,0.319,P3,Team_B,Low,1
873,Low,0.3,0.33,1,0.51,0.64,0.85,2,0.342,P3,Team_C,Low,1
874,Low,0.3,0.84,1,0.86,0.53,0.9,5,0.379,P3,Team_C,Low,1
875,Low,0.3,0.91,2,0.93,0.59,0.61,5,0.459,P2,Team_C,Medium,3
876,High,0.9,0.64,3,0.49,0.3,0.42,0,0.755,P1,Team_C,High,5
877,Low,0.3,0.02,4,0.65,0.8,0.88,5,0.205,P3,Team_B,Low,1
878,Medium,0.6,0.27,1,0.91,0.8,0.55,2,0.464,P2,Team_B,Medium,3
879,Medium,0.6,0.49,3,0.44,0.79,0.5,4,0.607,P2,Team_B,Medium,2
880,Low,0.3,0.05,3,0.76,0.46,0.69,3,0.303,P3,Team_B,Low,1
881,High,0.9,0.88,2,0.81,0.9,0.52,2,0.679,P1,Team_A,High,4
882,Medium,0.6,0.46,4,0.89,0.85,0.91,1,0.483,P2,Team_B,Medium,2
883,Low,0.3,0.71,2,0.3,0.67,0.95,2,0.315,P3,Team_B,Low,1
884,Medium,0.6,0.71,3,0.87,0.48,0.69,1,0.548,P2,Team_C,Medium,3
885,Medium,0.6,0.75,3,0.89,0.42,0.68,3,0.577,P2,Team_A,Medium,2
886,High,0.9,0.57,3,0.61,0.83,0.42,5,0.701,P1,Team_B,High,5
887,High,0.9,0.57,4,0.8,0.63,0.49,4,0.702,P1,Team_A,High,5
888,High,0.9,0.6,2,0.96,0.9,0.55,5,0.767,P1,Team_A,High,5
889,Low,0.3,0.49,1,0.75,0.6,0.32,5,0.4,P3,Team_B,Low,1
890,Medium,0.6,0.25,2,0.98,0.72,0.66,5,0.525,P2,Team_A,Medium,2
891,Medium,0.6,0.82,2,0.92,0.59,0.65,3,0.64,P2,Team_A,Medium,2
892,Medium,0.6,0.39,3,0.8,0.29,0.52,3,0.5,P2,Team_A,Medium,3
893,Medium,0.6,0.19,1,0.95,0.84,0.49,0,0.447,P2,Team_B,Medium,2
894,Low,0.3,0.67,3,0.88,0.74,0.9,2,0.471,P2,Team_B,Medium,2
895,High,0.9,0.42,1,0.8,0.9,0.3,6,0.624,P2,Team_A,Medium,3
896,Medium,0.6,0.27,1,0.9,0.95,0.45,5,0.448,P2,Team_B,Medium,2
897,Low,0.3,0.39,1,0.63,0.81,0.89,2,0.342,P3,Team_C,Low,1
898,Low,0.3,0.35,2,0.87,0.76,0.86,3,0.269,P3,Team_C,Low,1
899,High,0.9,0.41,1,0.75,0.73,0.36,2,0.7,P1,Team_B,High,4
900,Medium,0.6,0.24,1,0.73,0.74,0.7,3,0.465,P2,Team_C,Medium,3
901,Low,0.3,0.19,3,0.67,0.5,0.44,3,0.279,P3,Team_B,Low,1
902,High,0.9,0.52,1,0.75,0.47,0.54,5,0.718,P1,Team_C,High,4
903,Low,0.3,0.66,3,0.67,0.54,0.84,4,0.345,P3,Team_B,Low,1
904,Low,0.3,0.78,3,0.83,0.67,0.51,3,0.36,P3,Team_C,Low,1
905,Low,0.3,0.75,1,0.56,0.93,1.0,7,0.346,P3,Team_C,Low,1
906,High,0.9,0.25,1,0.44,0.81,0.5,5,0.606,P2,Team_B,Medium,2
907,Low,0.3,0.49,3,0.78,0.7,0.7,3,0.355,P3,Team_C,Low,1
908,Medium,0.6,0.56,4,0.64,0.97,0.96,4,0.471,P2,Team_B,Medium,3
909,Low,0.3,0.48,2,0.87,0.91,0.98,1,0.312,P3,Team_C,Low,1
910,Medium,0.6,0.14,2,0.94,0.2,0.73,3,0.561,P2,Team_C,Medium,3
911,Low,0.3,0.98,4,0.96,0.66,0.77,3,0.405,P3,Team_B,Low,1
912,High,0.9,0.36,3,0.59,0.44,0.47,4,0.723,P1,Team_C,High,5
913,Low,0.3,0.2,2,0.45,0.81,0.96,4,0.198,P3,Team_C,Low,1
914,Low,0.3,0.36,1,0.94,0.59,0.38,3,0.357,P3,Team_C,Low,1
915,High,0.9,0.23,3,0.85,0.75,0.45,6,0.695,P1,Team_A,High,6
916,Medium,0.6,0.87,3,0.52,0.68,0.68,3,0.653,P1,Team_C,High,6
917,Low,0.3,0.29,4,0.86,0.29,0.61,4,0.406,P3,Team_C,Low,1
918,Medium,0.6,0.54,3,0.78,0.88,0.91,2,0.495,P2,Team_B,Medium,3
919,High,0.9,0.53,3,0.69,0.92,0.54,3,0.584,P2,Team_B,Medium,3
920,Low,0.3,0.26,2,0.65,0.85,0.92,2,0.242,P3,Team_B,Low,1
921,Medium,0.6,0.17,4,0.92,0.32,0.8,2,0.434,P2,Team_A,Medium,2
922,Medium,0.6,0.06,1,0.86,0.54,0.88,1,0.482,P2,Team_A,Medium,2
923,Low,0.3,0.86,4,0.81,0.74,0.62,4,0.483,P2,Team_B,Medium,3
924,Medium,0.6,0.57,3,0.87,0.55,0.52,3,0.61,P2,Team_C,Medium,3
925,Low,0.3,0.67,1,0.38,0.79,0.48,0,0.241,P3,Team_C,Low,1
926,Medium,0.6,0.95,1,0.58,0.63,0.67,1,0.547,P2,Team_C,Medium,3
927,Low,0.3,0.36,2,0.55,0.49,0.32,4,0.399,P3,Team_C,Low,1
928,Low,0.3,0.47,2,0.83,0.75,0.52,2,0.373,P3,Team_B,Low,1
929,Low,0.3,0.94,3,0.74,0.82,0.67,3,0.401,P3,Team_B,Low,1
930,Medium,0.6,0.25,2,0.51,0.5,0.65,3,0.532,P2,Team_A,Medium,3
931,High,0.9,0.11,1,0.71,0.68,0.83,2,0.53,P2,Team_C,Medium,3
932,High,0.9,0.59,1,0.88,0.89,0.87,3,0.679,P1,Team_A,High,4
933,Low,0.3,0.69,3,0.74,0.87,0.72,1,0.372,P3,Team_B,Low,1
934,Medium,0.6,0.93,4,0.79,0.89,0.74,1,0.598,P2,Team_B,Medium,2
935,Medium,0.6,0.71,2,0.44,0.4,0.68,3,0.494,P2,Team_A,Medium,2
936,Low,0.3,0.88,2,0.52,0.58,0.53,2,0.399,P3,Team_C,Low,1
937,Medium,0.6,0.24,1,0.82,0.87,0.65,4,0.471,P2,Team_B,Medium,3
938,High,0.9,0.83,1,0.57,0.52,0.56,4,0.799,P1,Team_C,High,4
939,High,0.9,0.17,3,0.66,0.61,0.67,1,0.555,P2,Team_C,Medium,3
940,High,0.9,0.72,1,0.51,0.63,0.51,3,0.742,P1,Team_C,High,6
941,Medium,0.6,0.79,4,0.78,0.93,0.83,1,0.468,P2,Team_B,Medium,2
942,High,0.9,0.46,1,0.93,0.61,0.57,4,0.584,P2,Team_A,Medium,2
943,Medium,0.6,0.09,1,0.61,0.86,0.48,5,0.46,P2,Team_B,Medium,2
944,Low,0.3,0.31,2,0.79,0.91,0.68,6,0.419,P3,Team_C,Low,1
945,Low,0.3,0.51,2,0.7,0.52,0.74,1,0.275,P3,Team_C,Low,1
946,High,0.9,0.52,2,0.78,0.4,0.96,3,0.679,P1,Team_C,High,5
947,High,0.9,0.38,3,0.87,0.87,0.5,3,0.636,P2,Team_A,Medium,2
948,Low,0.3,0.4,2,0.81,0.93,0.64,2,0.33,P3,Team_C,Low,1
949,Low,0.3,0.56,4,0.85,0.35,0.46,4,0.368,P3,Team_C,Low,1
950,Low,0.3,0.49,1,0.87,0.71,0.83,3,0.25,P3,Team_C,Low,1
951,Medium,0.6,0.5,4,0.88,0.22,0.75,3,0.464,P2,Team_C,Medium,3
952,Low,0.3,0.51,1,0.76,0.83,0.94,1,0.24,P3,Team_C,Low,1
953,Medium,0.6,0.55,4,0.68,0.48,0.47,3,0.475,P2,Team_A,Medium,2
954,Medium,0.6,0.56,3,0.66,0.67,0.45,2,0.639,P2,Team_C,Medium,2
955,Low,0.3,0.58,3,0.76,0.49,0.74,0,0.325,P3,Team_C,Low,1
956,Medium,0.6,0.84,4,0.9,0.96,0.64,3,0.532,P2,Team_B,Medium,2
957,High,0.9,0.28,2,0.69,0.81,0.99,7,0.643,P2,Team_B,Medium,2
958,High,0.9,0.37,2,0.97,0.87,0.67,3,0.569,P2,Team_A,Medium,3
959,High,0.9,0.23,4,0.51,0.94,0.34,5,0.692,P1,Team_B,High,6
960,High,0.9,0.49,2,0.77,0.4,0.49,3,0.798,P1,Team_C,High,4
961,Medium,0.6,0.35,2,0.93,0.56,0.55,1,0.528,P2,Team_C,Medium,2
962,Low,0.3,0.62,4,0.92,0.8,0.37,2,0.434,P2,Team_C,Medium,2
963,Medium,0.6,0.69,1,0.81,0.42,0.58,0,0.543,P2,Team_A,Medium,2
964,High,0.9,0.19,1,0.7,0.46,0.71,6,0.667,P1,Team_C,High,4
965,Medium,0.6,0.59,3,0.95,0.96,0.84,4,0.461,P2,Team_B,Medium,2
966,Low,0.3,0.34,2,0.68,0.83,0.45,1,0.327,P3,Team_B,Low,1
967,High,0.9,0.83,3,0.86,0.68,0.93,3,0.721,P1,Team_A,High,4
968,Low,0.3,0.52,3,0.92,0.43,0.59,4,0.403,P3,Team_C,Low,1
969,Medium,0.6,0.2,1,0.77,0.49,0.37,2,0.511,P2,Team_A,Medium,2
970,Medium,0.6,0.16,1,0.75,0.45,0.99,4,0.399,P3,Team_C,Low,1
971,Low,0.3,0.24,3,0.94,0.68,0.46,2,0.23,P3,Team_C,Low,1
972,Low,0.3,0.29,3,0.81,0.72,0.98,2,0.289,P3,Team_C,Low,1
973,Low,0.3,0.62,1,0.58,0.36,0.99,5,0.363,P3,Team_C,Low,1
974,Medium,0.6,0.94,2,0.9,0.63,0.37,3,0.574,P2,Team_C,Medium,2
975,Low,0.3,0.63,3,0.94,0.73,0.71,2,0.355,P3,Team_C,Low,1
976,High,0.9,0.63,4,0.67,0.81,0.79,4,0.66,P1,Team_B,High,5
977,Medium,0.6,0.4,1,0.62,0.73,0.71,4,0.549,P2,Team_C,Medium,3
978,Low,0.3,0.56,1,0.66,0.86,0.31,3,0.399,P3,Team_C,Low,1
979,High,0.9,0.35,3,0.74,0.84,0.87,1,0.573,P2,Team_B,Medium,2
980,Medium,0.6,0.21,4,0.69,0.52,0.99,6,0.469,P2,Team_A,Medium,2
981,High,0.9,0.71,4,0.83,0.9,0.98,3,0.701,P1,Team_A,High,6
982,Low,0.3,0.17,3,0.82,0.72,0.63,4,0.245,P3,Team_B,Low,1
983,High,0.9,0.82,4,0.89,0.56,0.74,0,0.645,P2,Team_A,Medium,2
984,High,0.9,0.21,1,0.65,0.55,0.86,2,0.543,P2,Team_C,Medium,2
985,Low,0.3,0.63,3,0.91,0.86,0.56,5,0.428,P2,Team_C,Medium,3
986,Low,0.3,0.58,4,0.97,0.8,1.0,5,0.387,P3,Team_C,Low,1
987,Medium,0.6,0.49,4,0.84,0.52,0.4,2,0.503,P2,Team_A,Medium,3
988,Medium,0.6,0.63,2,0.71,0.67,0.84,6,0.704,P1,Team_A,High,4
989,High,0.9,0.43,2,0.51,0.76,0.9,4,0.592,P2,Team_B,Medium,2
990,Medium,0.6,0.4,3,0.41,0.39,0.62,2,0.429,P2,Team_A,Medium,2
991,High,0.9,0.3,1,0.48,0.79,0.56,1,0.58,P2,Team_B,Medium,3
992,Medium,0.6,0.33,4,0.43,0.71,0.97,2,0.452,P2,Team_A,Medium,2
993,Low,0.3,0.76,2,0.79,0.76,0.71,5,0.379,P3,Team_B,Low,1
994,High,0.9,0.48,4,0.9,0.87,0.86,8,0.653,P1,Team_A,High,5
995,Low,0.3,0.69,1,0.84,0.86,0.99,4,0.308,P3,Team_C,Low,1
996,Low,0.3,0.56,4,0.75,0.9,0.45,4,0.297,P3,Team_C,Low,1
997,Low,0.3,0.17,4,0.58,0.7,0.61,5,0.333,P3,Team_B,Low,1
998,Low,0.3,0.76,4,0.87,0.55,0.8,1,0.373,P3,Team_B,Low,1
999,Low,0.3,0.55,1,0.75,0.71,0.87,1,0.355,P3,Team_B,Low,1
1000,Low,0.3,0.59,3,0.39,0.68,0.45,4,0.406,P3,Team_B,Low,1
1001,Medium,0.6,0.41,4,0.41,0.75,0.64,3,0.567,P2,Team_B,Medium,2
1002,High,0.9,0.27,2,0.37,0.41,0.56,4,0.644,P2,Team_C,Medium,2
1003,Low,0.3,0.46,1,0.68,0.59,0.52,4,0.495,P2,Team_C,Medium,2
1004,Medium,0.6,0.1,2,0.66,0.52,0.86,4,0.465,P2,Team_A,Medium,3
1005,Medium,0.6,0.79,1,0.89,0.85,0.89,2,0.511,P2,Team_B,Medium,3
1006,High,0.9,0.78,2,0.64,0.58,0.78,4,0.753,P1,Team_C,High,5
1007,Medium,0.6,0.62,3,0.75,0.69,0.64,4,0.579,P2,Team_C,Medium,3
1008,Medium,0.6,0.9,3,0.86,0.73,0.36,1,0.641,P2,Team_C,Medium,2
1009,Low,0.3,0.59,4,0.84,0.92,0.4,3,0.407,P3,Team_B,Low,1
1010,Low,0.3,0.37,2,0.7,0.86,0.64,3,0.307,P3,Team_C,Low,1
1011,High,0.9,0.33,4,0.09,0.8,0.74,1,0.534,P2,Team_B,Medium,2
1012,Low,0.3,0.39,3,0.75,0.55,0.32,3,0.468,P2,Team_B,Medium,2
1013,Medium,0.6,0.19,4,0.8,0.43,0.7,4,0.392,P3,Team_A,Low,1
1014,High,0.9,0.71,3,0.3,0.54,0.49,1,0.685,P1,Team_C,High,4
1015,Low,0.3,0.89,1,0.55,0.58,0.8,5,0.438,P2,Team_B,Medium,3
1016,Low,0.3,0.6,3,0.87,0.48,0.77,2,0.413,P3,Team_C,Low,1
1017,Low,0.3,0.4,4,0.89,0.58,0.82,1,0.356,P3,Team_C,Low,1
1018,Medium,0.6,0.55,3,0.23,0.61,0.9,6,0.54,P2,Team_A,Medium,3
1019,Medium,0.6,0.71,1,0.45,0.49,0.85,4,0.5,P2,Team_C,Medium,3
1020,Low,0.3,0.73,3,0.54,0.72,0.93,6,0.3,P3,Team_B,Low,1
1021,Low,0.3,0.94,1,0.85,0.45,0.77,3,0.558,P2,Team_B,Medium,3
1022,Medium,0.6,0.46,3,0.9,0.59,0.66,6,0.483,P2,Team_A,Medium,3
1023,Low,0.3,0.34,3,0.65,0.69,0.98,4,0.219,P3,Team_B,Low,1
1024,Low,0.3,0.68,4,0.66,0.8,0.91,3,0.381,P3,Team_C,Low,1
1025,Low,0.3,0.29,4,0.75,0.47,0.34,1,0.352,P3,Team_C,Low,1
1026,Low,0.3,0.34,4,0.92,0.75,0.41,3,0.27,P3,Team_B,Low,1
1027,High,0.9,0.88,3,0.74,0.31,0.3,7,0.886,P1,Team_C,High,6
1028,Medium,0.6,0.09,3,0.71,0.98,0.6,4,0.373,P3,Team_B,Low,1
1029,Low,0.3,0.56,3,0.72,0.82,0.65,3,0.222,P3,Team_B,Low,1
1030,Medium,0.6,0.12,2,0.45,0.59,0.82,4,0.451,P2,Team_A,Medium,2
1031,Low,0.3,0.8,4,0.74,0.87,0.54,1,0.444,P2,Team_B,Medium,2
1032,Low,0.3,0.57,2,0.9,0.47,0.39,6,0.498,P2,Team_B,Medium,2
1033,Medium,0.6,0.43,2,0.79,0.69,0.3,4,0.544,P2,Team_A,Medium,3
1034,Low,0.3,0.36,4,0.83,0.91,0.96,4,0.217,P3,Team_C,Low,1
1035,Medium,0.6,0.33,2,0.65,0.75,0.71,4,0.422,P2,Team_B,Medium,2
1036,Low,0.3,0.38,1,0.77,0.68,0.97,2,0.227,P3,Team_C,Low,1
1037,Medium,0.6,0.87,1,0.86,0.66,0.37,2,0.639,P2,Team_A,Medium,3
1038,Medium,0.6,0.43,2,0.56,0.58,0.59,5,0.531,P2,Team_A,Medium,3
1039,Low,0.3,0.69,1,0.66,0.72,0.83,2,0.322,P3,Team_C,Low,1
1040,Medium,0.6,0.54,4,0.71,0.87,0.53,5,0.608,P2,Team_B,Medium,2
1041,Medium,0.6,0.32,1,0.77,0.64,0.58,6,0.459,P2,Team_A,Medium,2
1042,High,0.9,0.38,2,0.76,0.61,0.49,2,0.62,P2,Team_C,Medium,2
1043,Low,0.3,0.47,3,0.62,0.63,0.78,3,0.318,P3,Team_B,Low,1
1044,High,0.9,0.35,4,0.71,0.66,0.95,3,0.6,P2,Team_C,Medium,3
1045,High,0.9,0.82,2,0.62,0.62,0.58,1,0.823,P1,Team_C,High,5
1046,High,0.9,0.42,4,0.67,0.71,0.62,4,0.694,P1,Team_B,High,6
1047,Low,0.3,0.79,1,0.97,0.8,0.4,0,0.396,P3,Team_B,Low,1
1048,Low,0.3,0.34,3,0.78,0.59,0.95,1,0.253,P3,Team_B,Low,1
1049,Low,0.3,0.49,1,0.59,0.93,0.96,1,0.362,P3,Team_C,Low,1
1050,Medium,0.6,0.66,1,0.92,0.68,0.39,4,0.604,P2,Team_A,Medium,3
1051,Medium,0.6,0.67,4,0.45,0.79,0.93,2,0.499,P2,Team_B,Medium,2
1052,Medium,0.6,0.27,3,0.61,0.76,0.52,4,0.585,P2,Team_B,Medium,2
1053,Medium,0.6,0.32,2,0.53,0.93,0.39,4,0.468,P2,Team_B,Medium,2
1054,High,0.9,0.49,1,0.42,0.67,0.55,2,0.726,P1,Team_C,High,5
1055,Low,0.3,0.1,3,0.86,0.77,0.43,3,0.283,P3,Team_B,Low,1
1056,Low,0.3,0.76,2,0.69,0.89,0.49,3,0.428,P2,Team_C,Medium,2
1057,High,0.9,0.83,3,0.74,0.79,0.79,3,0.651,P1,Team_B,High,6
1058,High,0.9,0.68,4,0.95,0.31,0.95,3,0.711,P1,Team_A,High,4
1059,Medium,0.6,0.75,4,0.92,0.72,0.39,2,0.547,P2,Team_A,Medium,3
1060,Medium,0.6,0.91,1,0.57,0.64,0.5,5,0.617,P2,Team_C,Medium,2
1061,Low,0.3,0.42,2,0.44,0.81,0.64,3,0.395,P3,Team_C,Low,1
1062,Low,0.3,0.8,1,0.95,0.44,1.0,5,0.464,P2,Team_C,Medium,2
1063,Medium,0.6,0.14,3,0.66,0.77,0.42,3,0.495,P2,Team_B,Medium,2
1064,Low,0.3,0.62,3,0.94,0.35,0.99,4,0.389,P3,Team_C,Low,1
1065,High,0.9,0.21,2,0.79,0.6,0.68,3,0.621,P2,Team_C,Medium,3
1066,Low,0.3,0.16,4,0.65,0.5,0.54,6,0.388,P3,Team_B,Low,1
1067,High,0.9,0.43,1,0.77,0.75,0.83,2,0.749,P1,Team_B,High,6
1068,Medium,0.6,0.34,3,0.82,0.74,0.79,4,0.574,P2,Team_C,Medium,3
1069,Low,0.3,0.08,3,0.37,0.36,0.34,2,0.266,P3,Team_C,Low,1
1070,Low,0.3,0.47,1,0.74,0.86,0.52,2,0.319,P3,Team_B,Low,1
1071,High,0.9,0.92,1,0.6,0.62,0.97,5,0.733,P1,Team_C,High,5
1072,High,0.9,0.67,3,0.77,0.9,0.86,4,0.636,P2,Team_B,Medium,3
1073,Low,0.3,0.17,3,0.71,0.52,0.87,5,0.252,P3,Team_B,Low,1
1074,Medium,0.6,0.23,1,0.84,0.58,0.67,5,0.456,P2,Team_C,Medium,2
1075,High,0.9,0.51,3,0.6,0.87,0.33,3,0.686,P1,Team_B,High,6
1076,Low,0.3,0.84,4,0.8,0.46,0.63,5,0.492,P2,Team_B,Medium,3
1077,High,0.9,0.74,3,0.7,0.89,0.61,0,0.671,P1,Team_B,High,6
1078,High,0.9,0.39,2,0.8,0.56,0.95,2,0.561,P2,Team_A,Medium,3
1079,Low,0.3,0.16,1,0.86,0.62,0.34,3,0.294,P3,Team_B,Low,1
1080,Low,0.3,0.47,3,0.85,0.38,0.35,1,0.417,P3,Team_B,Low,1
1081,High,0.9,0.43,1,0.82,0.46,0.85,5,0.62,P2,Team_A,Medium,2
1082,Low,0.3,0.57,4,0.8,0.8,0.94,3,0.293,P3,Team_C,Low,1
1083,Medium,0.6,0.7,4,0.57,0.66,0.98,5,0.592,P2,Team_C,Medium,2
1084,Medium,0.6,0.14,4,0.76,0.57,0.97,1,0.394,P3,Team_C,Low,1
1085,Low,0.3,0.66,2,0.8,0.69,0.49,2,0.319,P3,Team_B,Low,1
1086,Low,0.3,0.57,3,0.75,0.6,0.54,3,0.344,P3,Team_B,Low,1
1087,Medium,0.6,0.62,3,0.71,0.81,0.44,3,0.599,P2,Team_B,Medium,2
1088,High,0.9,0.47,2,0.67,0.67,0.75,4,0.633,P2,Team_C,Medium,3
1089,Low,0.3,0.33,4,0.87,0.63,0.81,1,0.287,P3,Team_C,Low,1
1090,High,0.9,0.49,2,0.61,0.38,0.83,2,0.673,P1,Team_C,High,4
1091,High,0.9,0.57,4,0.98,0.71,0.9,4,0.702,P1,Team_A,High,6
1092,Low,0.3,0.82,3,0.83,0.39,0.69,1,0.397,P3,Team_B,Low,1
1093,Medium,0.6,0.57,2,0.85,0.65,0.44,2,0.567,P2,Team_C,Medium,3
1094,Low,0.3,0.61,3,0.88,0.9,0.42,3,0.342,P3,Team_C,Low,1
1095,Medium,0.6,0.72,1,0.72,0.19,0.61,0,0.66,P1,Team_C,High,6
1096,High,0.9,0.59,3,0.93,0.7,0.51,8,0.678,P1,Team_A,High,5
1097,High,0.9,0.91,4,0.42,0.73,0.36,3,0.851,P1,Team_B,High,6
1098,Medium,0.6,0.67,1,0.91,0.69,0.94,3,0.59,P2,Team_C,Medium,3
1099,Medium,0.6,0.48,3,0.73,0.76,0.8,4,0.438,P2,Team_B,Medium,2
1100,High,0.9,0.44,2,0.53,0.8,0.93,2,0.565,P2,Team_B,Medium,2
1101,Medium,0.6,0.65,3,0.89,0.79,0.69,7,0.562,P2,Team_B,Medium,2
1102,Low,0.3,0.26,2,0.8,0.74,0.61,1,0.272,P3,Team_C,Low,1
1103,Medium,0.6,0.47,1,0.79,0.66,0.67,3,0.575,P2,Team_A,Medium,2
1104,High,0.9,0.41,3,0.47,0.66,0.71,5,0.699,P1,Team_C,High,5
1105,Low,0.3,0.46,2,0.92,0.89,0.72,8,0.324,P3,Team_C,Low,1
1106,High,0.9,0.49,4,0.71,0.35,0.94,2,0.734,P1,Team_C,High,6
1107,Low,0.3,0.14,3,0.66,0.82,0.83,4,0.263,P3,Team_C,Low,1
1108,Low,0.3,0.61,4,0.53,0.67,0.34,3,0.395,P3,Team_C,Low,1
1109,Low,0.3,0.66,4,0.67,0.53,0.37,3,0.413,P3,Team_B,Low,1
1110,Medium,0.6,0.1,3,0.78,0.78,0.59,7,0.569,P2,Team_B,Medium,2
1111,Low,0.3,0.89,2,0.32,0.72,0.92,3,0.443,P2,Team_C,Medium,3
1112,Low,0.3,0.12,2,0.66,0.72,0.56,1,0.123,P3,Team_C,Low,1
1113,Low,0.3,0.29,3,0.9,0.54,0.49,2,0.356,P3,Team_B,Low,1
1114,Medium,0.6,0.96,2,0.69,0.64,0.61,2,0.599,P2,Team_C,Medium,3
1115,High,0.9,0.5,2,0.92,0.85,0.58,0,0.578,P2,Team_A,Medium,3
1116,Low,0.3,0.89,3,0.93,0.78,0.98,1,0.431,P2,Team_B,Medium,2
1117,High,0.9,0.59,1,0.91,0.33,0.31,2,0.812,P1,Team_A,High,5
1118,Medium,0.6,0.45,2,0.86,0.56,0.87,4,0.473,P2,Team_C,Medium,2
1119,Medium,0.6,0.51,3,0.48,0.8,0.92,4,0.442,P2,Team_B,Medium,2
1120,High,0.9,0.8,3,0.26,0.64,0.7,4,0.696,P1,Team_C,High,4
1121,Medium,0.6,0.58,2,0.81,0.88,0.7,3,0.487,P2,Team_B,Medium,3
1122,Medium,0.6,0.58,1,0.76,0.56,0.76,2,0.545,P2,Team_C,Medium,2
1123,Medium,0.6,0.26,1,0.91,0.62,0.34,4,0.482,P2,Team_C,Medium,3
1124,Low,0.3,0.86,3,0.93,0.69,0.49,5,0.366,P3,Team_B,Low,1
1125,High,0.9,0.59,3,0.95,0.64,0.74,4,0.659,P1,Team_A,High,5
1126,Low,0.3,0.19,2,0.81,0.89,0.65,6,0.308,P3,Team_C,Low,1
1127,Medium,0.6,0.27,3,0.66,0.8,0.34,2,0.583,P2,Team_B,Medium,2
1128,Medium,0.6,0.5,2,0.88,0.74,0.5,6,0.53,P2,Team_A,Medium,3
1129,Medium,0.6,0.27,2,0.88,0.83,0.37,3,0.459,P2,Team_B,Medium,3
1130,Low,0.3,0.73,1,0.75,0.5,0.52,0,0.394,P3,Team_C,Low,1
1131,Medium,0.6,0.53,1,0.67,0.47,0.81,2,0.574,P2,Team_C,Medium,3
1132,Medium,0.6,0.78,1,0.55,0.94,0.88,6,0.538,P2,Team_B,Medium,3
1133,Medium,0.6,0.75,4,0.88,0.6,0.43,2,0.589,P2,Team_C,Medium,3
1134,High,0.9,0.27,1,0.46,0.69,0.92,4,0.59,P2,Team_C,Medium,3
1135,High,0.9,0.26,3,0.47,0.65,0.39,4,0.674,P1,Team_C,High,6
1136,Medium,0.6,0.49,3,0.68,0.62,0.51,3,0.414,P3,Team_C,Low,1
1137,High,0.9,0.76,1,0.89,0.91,0.86,3,0.716,P1,Team_A,High,5
1138,Low,0.3,0.47,4,0.71,0.8,0.77,1,0.35,P3,Team_B,Low,1
1139,Low,0.3,0.34,3,0.81,0.31,0.75,4,0.495,P2,Team_B,Medium,3
1140,Medium,0.6,0.42,4,0.84,0.68,0.42,2,0.57,P2,Team_A,Medium,3
1141,Low,0.3,0.43,4,0.68,0.45,0.37,1,0.358,P3,Team_C,Low,1
1142,Low,0.3,0.15,4,0.78,0.73,0.57,3,0.247,P3,Team_B,Low,1
1143,Medium,0.6,0.35,3,0.63,0.27,0.86,7,0.501,P2,Team_A,Medium,3
1144,Medium,0.6,0.51,2,0.8,0.78,1.0,4,0.503,P2,Team_B,Medium,3
1145,Medium,0.6,0.51,1,0.86,0.83,0.86,3,0.469,P2,Team_B,Medium,3
1146,Medium,0.6,0.57,2,0.8,0.8,0.38,5,0.584,P2,Team_B,Medium,3
1147,Medium,0.6,0.96,3,0.78,0.54,0.38,4,0.569,P2,Team_C,Medium,3
1148,Medium,0.6,0.73,4,0.79,0.47,0.62,2,0.58,P2,Team_A,Medium,2
1149,Low,0.3,0.18,4,0.78,0.38,0.94,2,0.227,P3,Team_B,Low,1
1150,Low,0.3,0.43,4,0.86,0.64,0.49,4,0.383,P3,Team_B,Low,1
1151,Medium,0.6,0.08,2,0.78,0.82,0.53,3,0.393,P3,Team_B,Low,1
1152,Medium,0.6,0.14,3,0.83,0.55,0.76,2,0.422,P2,Team_A,Medium,2
1153,Medium,0.6,0.33,1,0.51,0.17,0.76,1,0.548,P2,Team_C,Medium,2
1154,Medium,0.6,0.58,1,0.5,0.57,0.81,4,0.547,P2,Team_C,Medium,2
1155,High,0.9,0.4,4,0.51,0.37,0.5,2,0.797,P1,Team_C,High,5
1156,Medium,0.6,0.1,4,0.78,0.81,0.51,4,0.423,P2,Team_B,Medium,3
1157,High,0.9,0.27,3,0.57,0.62,0.5,3,0.645,P2,Team_C,Medium,3
1158,Low,0.3,0.39,3,0.3,0.98,0.73,2,0.317,P3,Team_C,Low,1
1159,Medium,0.6,0.37,2,0.89,0.5,0.39,4,0.492,P2,Team_C,Medium,2
1160,Low,0.3,0.14,1,0.7,0.56,0.92,4,0.187,P3,Team_B,Low,1
1161,Low,0.3,0.38,2,0.73,0.37,0.8,3,0.337,P3,Team_B,Low,1
1162,High,0.9,0.11,2,0.82,0.91,0.75,2,0.621,P2,Team_A,Medium,3
1163,High,0.9,0.77,1,0.93,0.76,0.67,0,0.673,P1,Team_A,High,5
1164,Low,0.3,0.84,4,0.68,0.71,0.69,8,0.44,P2,Team_B,Medium,2
1165,High,0.9,0.63,3,0.3,0.69,0.71,6,0.677,P1,Team_C,High,5
1166,High,0.9,0.46,1,0.42,0.72,0.82,0,0.621,P2,Team_B,Medium,3
1167,Low,0.3,0.63,3,0.87,0.92,0.41,5,0.383,P3,Team_B,Low,1
1168,Low,0.3,0.35,4,0.61,0.71,0.39,4,0.281,P3,Team_B,Low,1
1169,High,0.9,0.33,1,0.45,0.86,0.54,6,0.595,P2,Team_B,Medium,3
1170,Low,0.3,0.66,3,0.86,0.76,0.61,5,0.334,P3,Team_C,Low,1
1171,High,0.9,0.11,4,0.46,0.83,0.77,4,0.64,P2,Team_B,Medium,3
1172,Medium,0.6,0.87,4,0.55,0.78,0.44,1,0.543,P2,Team_B,Medium,2
1173,Low,0.3,0.57,3,0.49,0.63,0.43,2,0.354,P3,Team_B,Low,1
1174,Low,0.3,0.08,3,0.52,0.74,0.57,1,0.209,P3,Team_B,Low,1
1175,High,0.9,0.3,4,0.63,0.63,0.67,6,0.699,P1,Team_C,High,5
1176,Medium,0.6,0.17,2,0.72,0.78,0.39,2,0.464,P2,Team_B,Medium,3
1177,High,0.9,0.44,4,0.77,0.51,0.75,2,0.592,P2,Team_C,Medium,2
1178,Medium,0.6,0.51,4,0.9,0.52,1.0,4,0.465,P2,Team_A,Medium,3
1179,Low,0.3,0.39,3,0.77,0.68,0.35,10,0.44,P2,Team_B,Medium,2
1180,Medium,0.6,0.69,2,0.59,0.61,0.88,3,0.64,P2,Team_A,Medium,2
1181,Low,0.3,0.22,3,0.63,0.74,0.54,5,0.311,P3,Team_B,Low,1
1182,Low,0.3,0.55,3,0.6,0.74,0.79,3,0.375,P3,Team_B,Low,1
1183,Medium,0.6,0.11,2,0.63,0.66,0.88,4,0.477,P2,Team_C,Medium,3
1184,Medium,0.6,0.08,2,0.69,0.56,0.61,1,0.408,P3,Team_C,Low,1
1185,Medium,0.6,0.17,4,0.94,0.79,0.5,4,0.392,P3,Team_B,Low,1
1186,Low,0.3,0.03,1,0.78,0.83,0.65,2,0.293,P3,Team_B,Low,1
1187,Medium,0.6,0.5,2,0.66,0.61,0.57,3,0.571,P2,Team_A,Medium,2
1188,Low,0.3,0.71,3,0.72,0.86,0.44,2,0.466,P2,Team_B,Medium,2
1189,Low,0.3,0.14,2,0.6,0.37,0.84,5,0.292,P3,Team_C,Low,1
1190,Low,0.3,0.5,3,0.92,0.52,0.82,1,0.37,P3,Team_C,Low,1
1191,Low,0.3,0.31,1,0.5,0.54,0.66,2,0.328,P3,Team_C,Low,1
1192,Low,0.3,0.48,2,0.39,0.36,0.96,2,0.297,P3,Team_B,Low,1
1193,Medium,0.6,0.85,2,0.65,0.5,0.75,4,0.611,P2,Team_A,Medium,3
1194,Medium,0.6,0.46,3,0.62,0.56,0.71,3,0.508,P2,Team_C,Medium,2
1195,High,0.9,0.42,1,0.54,0.76,0.68,3,0.705,P1,Team_B,High,6
1196,Low,0.3,0.62,4,0.74,0.9,0.91,2,0.265,P3,Team_C,Low,1
1197,High,0.9,0.58,1,0.56,0.4,0.73,4,0.771,P1,Team_C,High,6
1198,Low,0.3,0.81,4,0.87,0.94,0.36,2,0.376,P3,Team_C,Low,1
1199,Low,0.3,0.35,3,0.88,0.84,0.41,1,0.338,P3,Team_B,Low,1
1200,Medium,0.6,0.94,1,0.75,0.88,0.37,1,0.625,P2,Team_B,Medium,2
1201,Medium,0.6,0.61,3,0.84,0.82,0.64,2,0.51,P2,Team_B,Medium,3
1202,Low,0.3,0.81,4,0.42,0.37,0.82,2,0.372,P3,Team_B,Low,1
1203,Low,0.3,0.55,3,0.71,0.54,0.89,2,0.359,P3,Team_C,Low,1
1204,Low,0.3,0.48,4,0.73,0.36,0.76,4,0.276,P3,Team_B,Low,1
1205,Low,0.3,0.4,4,0.56,0.39,0.88,1,0.367,P3,Team_C,Low,1
1206,Medium,0.6,0.88,1,0.54,0.77,0.6,2,0.565,P2,Team_B,Medium,3
1207,Low,0.3,0.68,2,0.77,0.31,0.73,0,0.42,P3,Team_B,Low,1
1208,High,0.9,0.76,4,0.66,0.34,0.59,2,0.715,P1,Team_C,High,5
1209,Low,0.3,0.16,1,0.53,0.56,0.8,4,0.227,P3,Team_C,Low,1
1210,High,0.9,0.14,3,0.55,0.87,0.4,2,0.532,P2,Team_B,Medium,3
1211,Low,0.3,0.47,3,0.76,0.8,0.61,3,0.361,P3,Team_B,Low,1
1212,Low,0.3,0.77,2,0.89,0.79,0.66,4,0.432,P2,Team_B,Medium,2
1213,Low,0.3,0.35,2,0.82,0.57,0.9,1,0.323,P3,Team_C,Low,1
1214,Medium,0.6,0.56,1,0.52,0.84,0.98,2,0.415,P3,Team_B,Low,1
1215,High,0.9,0.48,2,0.45,0.66,0.96,6,0.738,P1,Team_C,High,5
1216,Medium,0.6,0.4,2,0.82,0.56,0.93,4,0.604,P2,Team_A,Medium,3
1217,Low,0.3,0.49,1,0.87,0.38,0.93,2,0.287,P3,Team_B,Low,1
1218,High,0.9,0.44,3,0.64,0.67,0.48,4,0.688,P1,Team_C,High,5
1219,Medium,0.6,0.18,3,0.48,0.54,0.95,2,0.415,P3,Team_C,Low,1
1220,High,0.9,0.49,1,0.67,0.55,0.99,3,0.723,P1,Team_C,High,6
1221,High,0.9,0.53,4,0.79,0.74,0.93,2,0.518,P2,Team_B,Medium,3
1222,High,0.9,0.64,2,0.95,0.94,0.79,2,0.621,P2,Team_A,Medium,3
1223,Medium,0.6,0.46,1,0.47,0.65,0.77,2,0.553,P2,Team_C,Medium,3
1224,Low,0.3,0.28,1,0.72,0.82,0.62,4,0.204,P3,Team_B,Low,1
1225,Medium,0.6,0.8,3,0.82,0.65,0.35,0,0.544,P2,Team_C,Medium,3
1226,High,0.9,0.61,1,0.64,0.49,0.91,0,0.726,P1,Team_C,High,6
1227,Low,0.3,0.65,3,0.6,0.88,0.61,6,0.451,P2,Team_B,Medium,2
1228,Low,0.3,0.02,2,0.83,0.89,0.32,3,0.244,P3,Team_B,Low,1
1229,Medium,0.6,0.51,1,0.89,0.53,0.69,7,0.557,P2,Team_A,Medium,3
1230,Low,0.3,0.55,3,0.91,0.83,0.57,3,0.247,P3,Team_C,Low,1
1231,Low,0.3,0.27,4,0.88,0.38,0.9,3,0.367,P3,Team_C,Low,1
1232,Medium,0.6,0.41,2,0.77,0.69,0.69,6,0.514,P2,Team_C,Medium,3
1233,Medium,0.6,0.44,4,0.56,0.5,0.88,4,0.482,P2,Team_C,Medium,2
1234,Medium,0.6,0.22,1,0.92,0.71,0.59,3,0.427,P2,Team_A,Medium,3
1235,Medium,0.6,0.09,1,0.72,0.31,0.36,3,0.545,P2,Team_A,Medium,3
1236,Medium,0.6,0.13,2,0.66,0.83,0.99,4,0.442,P2,Team_B,Medium,2
1237,High,0.9,0.76,4,0.85,0.56,0.41,5,0.683,P1,Team_A,High,4
1238,Low,0.3,0.68,1,0.7,0.85,0.39,6,0.43,P2,Team_C,Medium,2
1239,Low,0.3,0.51,1,0.87,0.49,0.7,2,0.289,P3,Team_B,Low,1
1240,Medium,0.6,0.64,4,0.76,0.47,0.72,1,0.612,P2,Team_A,Medium,3
1241,Low,0.3,0.07,3,0.8,0.56,0.61,1,0.295,P3,Team_B,Low,1
1242,Low,0.3,0.34,1,0.61,0.55,0.85,3,0.309,P3,Team_B,Low,1
1243,Medium,0.6,0.26,1,0.94,0.59,0.47,3,0.437,P2,Team_C,Medium,3
1244,Medium,0.6,0.4,1,0.45,0.76,0.38,3,0.609,P2,Team_B,Medium,3
1245,Low,0.3,0.4,4,0.76,0.73,0.67,0,0.307,P3,Team_B,Low,1
1246,Medium,0.6,0.72,3,0.74,0.91,0.6,3,0.592,P2,Team_B,Medium,3
1247,Low,0.3,0.8,4,0.95,0.27,0.54,4,0.422,P2,Team_C,Medium,3
1248,Low,0.3,0.8,4,0.54,0.5,0.75,2,0.502,P2,Team_B,Medium,3
1249,Low,0.3,0.73,2,0.97,0.97,0.5,4,0.392,P3,Team_C,Low,1
1250,Medium,0.6,0.79,4,0.9,0.96,0.98,6,0.456,P2,Team_B,Medium,3
1251,Medium,0.6,0.74,1,0.78,0.65,0.43,4,0.555,P2,Team_C,Medium,3
1252,Low,0.3,0.28,3,0.75,0.91,0.42,1,0.247,P3,Team_C,Low,1
1253,High,0.9,0.67,2,0.73,0.55,0.74,3,0.702,P1,Team_C,High,5
1254,Low,0.3,0.34,1,0.54,0.39,0.63,7,0.417,P3,Team_C,Low,1
1255,Low,0.3,0.48,3,0.8,0.49,0.42,5,0.375,P3,Team_B,Low,1
1256,Medium,0.6,0.26,3,0.7,0.51,0.82,2,0.474,P2,Team_C,Medium,2
1257,Low,0.3,0.91,2,0.88,0.93,0.38,5,0.359,P3,Team_B,Low,1
1258,Low,0.3,0.63,2,0.72,0.46,0.95,3,0.37,P3,Team_C,Low,1
1259,Medium,0.6,0.74,4,0.83,0.81,0.68,3,0.619,P2,Team_B,Medium,3
1260,High,0.9,0.8,2,0.7,0.39,0.71,7,0.752,P1,Team_C,High,6
1261,Low,0.3,0.8,4,0.85,0.51,0.4,6,0.395,P3,Team_B,Low,1
1262,High,0.9,0.59,4,0.77,0.8,0.43,4,0.709,P1,Team_B,High,5
1263,Low,0.3,0.32,2,0.85,0.76,0.39,3,0.302,P3,Team_C,Low,1
1264,Medium,0.6,0.39,3,0.64,0.75,0.46,3,0.487,P2,Team_B,Medium,2
1265,High,0.9,0.71,1,0.7,0.89,0.67,2,0.747,P1,Team_B,High,6
1266,Medium,0.6,0.28,2,0.64,0.93,0.43,1,0.4,P3,Team_B,Low,1
1267,Medium,0.6,0.81,3,0.97,0.51,0.52,3,0.608,P2,Team_A,Medium,2
1268,Low,0.3,0.2,3,0.69,0.55,0.51,4,0.297,P3,Team_C,Low,1
1269,Medium,0.6,0.72,3,0.87,0.69,0.32,3,0.639,P2,Team_A,Medium,2
1270,Medium,0.6,0.59,1,0.53,0.86,0.72,1,0.498,P2,Team_B,Medium,2
1271,High,0.9,0.45,2,0.76,0.87,0.38,3,0.6,P2,Team_B,Medium,3
1272,Low,0.3,0.35,1,0.83,0.74,0.53,2,0.218,P3,Team_C,Low,1
1273,Medium,0.6,0.26,3,0.78,0.55,0.38,3,0.459,P2,Team_C,Medium,3
1274,Medium,0.6,0.61,2,0.75,0.48,0.77,4,0.592,P2,Team_A,Medium,2
1275,Low,0.3,0.77,2,0.31,0.41,0.82,2,0.362,P3,Team_B,Low,1
1276,Medium,0.6,0.26,2,0.71,0.93,0.75,3,0.523,P2,Team_B,Medium,2
1277,Medium,0.6,0.27,1,0.8,0.61,0.46,0,0.487,P2,Team_C,Medium,3
1278,Low,0.3,0.92,1,0.72,0.69,0.81,0,0.419,P3,Team_C,Low,1
1279,Low,0.3,0.51,2,0.7,0.62,0.47,3,0.391,P3,Team_C,Low,1
1280,Medium,0.6,0.73,4,0.95,0.68,0.78,5,0.527,P2,Team_C,Medium,3
1281,Low,0.3,0.81,4,0.86,0.44,0.36,0,0.366,P3,Team_B,Low,1
1282,Medium,0.6,0.69,1,0.46,0.61,0.63,2,0.633,P2,Team_C,Medium,2
1283,High,0.9,0.57,3,0.88,0.98,0.9,6,0.644,P2,Team_A,Medium,2
1284,Low,0.3,0.37,1,0.93,0.56,0.41,0,0.372,P3,Team_C,Low,1
1285,Low,0.3,0.65,4,0.84,0.32,0.55,1,0.372,P3,Team_B,Low,1
1286,Low,0.3,0.97,4,0.8,0.57,0.52,0,0.464,P2,Team_C,Medium,2
1287,Low,0.3,0.73,4,0.84,0.25,0.92,5,0.462,P2,Team_B,Medium,3
1288,Low,0.3,0.7,1,0.82,0.75,0.4,5,0.414,P3,Team_C,Low,1
1289,High,0.9,0.49,4,0.83,0.59,0.66,6,0.753,P1,Team_A,High,4
1290,High,0.9,0.36,2,0.69,0.61,0.31,5,0.696,P1,Team_C,High,6
1291,High,0.9,0.28,2,0.88,0.69,0.77,3,0.68,P1,Team_A,High,4
1292,Low,0.3,0.34,4,0.62,0.89,0.92,1,0.247,P3,Team_C,Low,1
1293,High,0.9,0.2,3,0.65,0.82,0.73,2,0.593,P2,Team_B,Medium,3
1294,Medium,0.6,0.67,4,0.82,0.77,0.69,3,0.495,P2,Team_B,Medium,3
1295,High,0.9,0.09,2,0.51,0.66,0.98,6,0.562,P2,Team_C,Medium,3
1296,Low,0.3,0.67,1,0.54,0.93,0.59,3,0.286,P3,Team_B,Low,1
1297,Medium,0.6,0.34,4,0.85,0.75,0.73,1,0.383,P3,Team_B,Low,1
1298,Medium,0.6,0.73,3,0.48,0.54,0.7,4,0.607,P2,Team_A,Medium,3
1299,Low,0.3,0.42,2,0.66,0.7,0.71,2,0.303,P3,Team_C,Low,1
1300,Medium,0.6,0.52,2,0.65,0.64,0.55,3,0.551,P2,Team_C,Medium,3
1301,High,0.9,0.28,1,0.91,0.58,0.61,5,0.599,P2,Team_A,Medium,2
1302,High,0.9,0.53,2,0.82,0.72,0.62,2,0.657,P1,Team_A,High,4
1303,Low,0.3,0.72,2,0.5,0.95,0.69,3,0.344,P3,Team_B,Low,1
1304,Low,0.3,0.21,3,0.85,0.7,0.92,1,0.325,P3,Team_B,Low,1
1305,Low,0.3,0.51,3,0.73,0.58,0.63,1,0.427,P2,Team_C,Medium,3
1306,High,0.9,0.45,4,0.82,0.73,0.74,2,0.675,P1,Team_A,High,6
1307,Low,0.3,0.42,3,0.72,0.43,0.47,5,0.356,P3,Team_B,Low,1
1308,Medium,0.6,0.43,4,0.52,0.8,0.98,1,0.384,P3,Team_B,Low,1
1309,Medium,0.6,0.47,2,0.78,0.36,0.73,2,0.508,P2,Team_A,Medium,2
1310,Medium,0.6,0.22,2,0.72,0.83,0.56,3,0.477,P2,Team_B,Medium,3
1311,High,0.9,0.56,1,0.82,0.66,0.88,6,0.615,P2,Team_A,Medium,2
1312,Low,0.3,0.36,4,0.74,0.58,0.45,1,0.361,P3,Team_C,Low,1
1313,Low,0.3,0.7,4,0.81,0.56,0.59,2,0.307,P3,Team_C,Low,1
1314,Low,0.3,0.57,4,0.88,0.3,0.63,3,0.34,P3,Team_B,Low,1
1315,Low,0.3,0.29,3,0.6,0.88,0.74,4,0.266,P3,Team_C,Low,1
1316,Low,0.3,0.5,3,0.44,0.79,1.0,1,0.345,P3,Team_B,Low,1
1317,Medium,0.6,0.16,3,0.84,0.9,0.41,3,0.386,P3,Team_B,Low,1
1318,Medium,0.6,0.82,1,0.72,0.44,0.98,3,0.562,P2,Team_A,Medium,3
1319,High,0.9,0.87,1,0.51,0.51,0.77,3,0.777,P1,Team_C,High,4
1320,High,0.9,0.12,3,0.84,0.86,0.55,3,0.547,P2,Team_A,Medium,2
1321,High,0.9,0.54,1,0.95,0.63,0.83,3,0.694,P1,Team_A,High,5
1322,Low,0.3,0.64,2,0.76,0.78,0.35,0,0.441,P2,Team_C,Medium,3
1323,Low,0.3,0.68,4,0.68,0.88,0.66,4,0.382,P3,Team_B,Low,1
1324,Medium,0.6,0.36,1,0.72,0.7,0.63,7,0.586,P2,Team_C,Medium,2
1325,Low,0.3,0.52,3,0.87,0.41,0.7,2,0.358,P3,Team_B,Low,1
1326,Low,0.3,0.31,4,0.65,0.62,0.52,3,0.292,P3,Team_C,Low,1
1327,High,0.9,0.65,3,0.85,0.51,0.63,1,0.663,P1,Team_A,High,5
1328,Low,0.3,0.55,4,0.94,0.75,0.34,0,0.365,P3,Team_C,Low,1
1329,High,0.9,0.61,1,0.99,0.39,0.8,3,0.71,P1,Team_A,High,5
1330,Low,0.3,0.71,3,0.5,0.7,0.64,3,0.443,P2,Team_B,Medium,2
1331,High,0.9,0.3,4,0.94,0.71,0.53,3,0.594,P2,Team_A,Medium,2
1332,High,0.9,0.39,3,0.59,0.64,0.37,5,0.626,P2,Team_C,Medium,2
1333,Low,0.3,0.12,2,0.3,0.66,0.72,1,0.256,P3,Team_B,Low,1
1334,Low,0.3,0.58,2,0.52,0.64,0.4,2,0.374,P3,Team_B,Low,1
1335,High,0.9,0.66,1,0.93,0.41,0.89,1,0.595,P2,Team_A,Medium,2
1336,High,0.9,0.6,3,0.65,0.74,0.5,3,0.683,P1,Team_B,High,4
1337,Low,0.3,0.64,3,0.81,0.59,0.7,1,0.327,P3,Team_C,Low,1
1338,High,0.9,0.79,2,0.96,0.57,0.52,4,0.696,P1,Team_A,High,6
1339,Low,0.3,0.77,4,0.31,0.48,0.76,3,0.426,P2,Team_B,Medium,2
1340,High,0.9,0.64,1,0.53,0.89,0.43,5,0.752,P1,Team_B,High,5
1341,Low,0.3,0.83,4,0.8,0.63,0.59,2,0.487,P2,Team_B,Medium,2
1342,Medium,0.6,0.6,2,0.68,0.57,0.38,1,0.602,P2,Team_A,Medium,3
1343,Medium,0.6,0.43,4,0.73,0.63,0.35,3,0.556,P2,Team_C,Medium,3
1344,Medium,0.6,0.78,2,0.49,0.81,0.78,2,0.506,P2,Team_B,Medium,2
1345,Medium,0.6,0.42,3,0.72,0.72,0.84,3,0.462,P2,Team_C,Medium,3
1346,Low,0.3,0.55,1,0.5,0.83,0.52,1,0.238,P3,Team_B,Low,1
1347,High,0.9,0.14,4,0.58,0.61,0.78,4,0.653,P1,Team_C,High,6
1348,Low,0.3,0.37,2,0.7,0.37,0.58,3,0.376,P3,Team_C,Low,1
1349,Low,0.3,0.17,1,0.67,0.72,0.47,1,0.238,P3,Team_B,Low,1
1350,High,0.9,0.64,1,0.37,0.59,0.33,2,0.808,P1,Team_C,High,6
1351,Medium,0.6,0.57,2,0.95,0.69,0.95,3,0.692,P1,Team_C,High,5
1352,High,0.9,0.77,2,0.88,0.92,0.9,3,0.678,P1,Team_A,High,5
1353,High,0.9,0.3,4,0.94,0.35,0.58,6,0.729,P1,Team_A,High,6
1354,Low,0.3,0.45,1,0.85,0.5,0.42,3,0.336,P3,Team_C,Low,1
1355,High,0.9,0.55,1,0.85,0.64,0.71,2,0.709,P1,Team_A,High,4
1356,Low,0.3,0.72,3,0.75,0.84,0.69,2,0.348,P3,Team_B,Low,1
1357,High,0.9,0.74,3,0.95,0.74,0.91,2,0.709,P1,Team_A,High,4
1358,Medium,0.6,0.85,4,0.6,0.57,0.44,1,0.58,P2,Team_A,Medium,2
1359,Medium,0.6,0.24,4,0.66,0.7,0.89,2,0.434,P2,Team_A,Medium,3
1360,Low,0.3,0.26,2,0.71,0.72,0.87,3,0.261,P3,Team_C,Low,1
1361,Low,0.3,0.4,3,0.73,0.98,0.53,3,0.306,P3,Team_C,Low,1
1362,Low,0.3,0.63,3,0.8,0.63,0.75,8,0.44,P2,Team_C,Medium,2
1363,Medium,0.6,0.72,4,0.39,0.66,0.53,0,0.558,P2,Team_A,Medium,2
1364,Medium,0.6,0.84,2,0.81,0.77,0.35,8,0.616,P2,Team_B,Medium,2
1365,Low,0.3,0.92,1,0.79,0.29,0.46,3,0.446,P2,Team_B,Medium,3
1366,Medium,0.6,0.29,4,0.51,0.59,0.49,2,0.475,P2,Team_C,Medium,2
1367,High,0.9,0.36,3,0.63,0.86,0.86,1,0.568,P2,Team_B,Medium,3
1368,Medium,0.6,0.77,4,0.74,0.77,0.41,2,0.558,P2,Team_B,Medium,3
1369,High,0.9,0.14,4,0.72,0.89,0.67,5,0.524,P2,Team_B,Medium,3
1370,High,0.9,0.29,1,0.86,0.65,0.59,4,0.632,P2,Team_A,Medium,2
1371,Low,0.3,0.76,4,0.65,0.5,0.78,8,0.444,P2,Team_C,Medium,2
1372,High,0.9,0.85,1,0.54,0.59,0.86,3,0.732,P1,Team_C,High,6
1373,Low,0.3,0.8,1,0.68,0.79,0.64,3,0.506,P2,Team_C,Medium,2
1374,Low,0.3,0.26,1,0.62,0.67,0.4,4,0.366,P3,Team_B,Low,1
1375,Medium,0.6,0.67,2,0.91,0.71,0.8,1,0.582,P2,Team_C,Medium,3
1376,Low,0.3,0.21,2,0.85,0.76,0.47,1,0.328,P3,Team_C,Low,1
1377,Medium,0.6,0.59,3,0.68,0.28,0.86,1,0.526,P2,Team_C,Medium,3
1378,High,0.9,0.27,1,0.9,0.61,0.88,3,0.612,P2,Team_A,Medium,3
1379,High,0.9,0.36,2,0.75,0.31,0.6,1,0.668,P1,Team_C,High,5
1380,Medium,0.6,0.77,2,0.82,0.62,0.84,7,0.534,P2,Team_C,Medium,2
1381,High,0.9,0.17,2,0.87,0.52,0.79,3,0.638,P2,Team_A,Medium,2
1382,Medium,0.6,0.1,4,0.92,0.97,0.86,4,0.427,P2,Team_B,Medium,2
1383,Low,0.3,0.14,2,0.9,0.59,0.42,3,0.242,P3,Team_B,Low,1
1384,High,0.9,0.43,1,0.72,0.81,0.96,5,0.625,P2,Team_B,Medium,3
1385,High,0.9,0.68,4,0.73,0.56,0.68,1,0.687,P1,Team_C,High,4
1386,High,0.9,0.74,2,0.47,0.74,0.77,1,0.681,P1,Team_B,High,5
1387,Low,0.3,0.26,3,0.63,0.93,0.67,3,0.249,P3,Team_C,Low,1
1388,Medium,0.6,0.18,3,0.82,0.52,0.53,2,0.423,P2,Team_C,Medium,2
1389,High,0.9,0.44,1,0.91,0.67,0.54,2,0.612,P2,Team_A,Medium,2
1390,Low,0.3,0.5,1,0.89,0.95,0.41,1,0.365,P3,Team_B,Low,1
1391,Medium,0.6,0.06,2,0.73,0.42,0.43,3,0.439,P2,Team_C,Medium,3
1392,Medium,0.6,0.46,1,0.58,0.56,0.35,1,0.543,P2,Team_A,Medium,3
1393,Medium,0.6,0.55,1,0.88,0.82,0.47,3,0.529,P2,Team_B,Medium,2
1394,Low,0.3,0.82,3,0.9,0.83,0.37,2,0.412,P3,Team_C,Low,1
1395,High,0.9,0.76,3,0.88,0.85,0.5,4,0.851,P1,Team_A,High,4
1396,Medium,0.6,0.58,2,0.77,0.83,0.99,3,0.382,P3,Team_B,Low,1
1397,High,0.9,0.76,2,0.69,0.63,0.87,2,0.737,P1,Team_C,High,5
1398,High,0.9,0.4,4,0.58,0.81,0.42,3,0.646,P2,Team_B,Medium,3
1399,High,0.9,0.54,1,0.99,0.76,0.47,3,0.751,P1,Team_A,High,4
1400,Low,0.3,0.08,2,0.81,0.77,0.6,4,0.304,P3,Team_B,Low,1
1401,Low,0.3,0.48,3,0.76,0.65,0.51,3,0.356,P3,Team_C,Low,1
1402,High,0.9,0.49,1,0.85,0.74,0.98,4,0.651,P1,Team_A,High,5
1403,High,0.9,0.87,3,0.66,0.95,0.86,7,0.747,P1,Team_B,High,6
1404,Medium,0.6,0.59,3,0.88,0.72,0.91,2,0.548,P2,Team_C,Medium,3
1405,Medium,0.6,0.15,1,0.63,0.85,0.99,1,0.373,P3,Team_B,Low,1
1406,Medium,0.6,0.59,2,0.69,0.81,0.77,6,0.521,P2,Team_B,Medium,3
1407,Medium,0.6,0.74,2,0.62,0.69,0.77,2,0.483,P2,Team_A,Medium,2
1408,Medium,0.6,0.52,2,0.64,0.91,0.65,2,0.471,P2,Team_B,Medium,2
1409,Low,0.3,0.96,2,0.87,0.5,0.96,3,0.417,P3,Team_B,Low,1
1410,High,0.9,0.8,1,0.85,0.84,0.59,1,0.691,P1,Team_A,High,4
1411,Low,0.3,0.56,2,0.52,0.52,0.52,4,0.354,P3,Team_B,Low,1
1412,High,0.9,0.38,3,0.58,0.92,0.92,4,0.551,P2,Team_B,Medium,2
1413,High,0.9,0.91,1,0.62,0.84,0.7,1,0.681,P1,Team_B,High,6
1414,Medium,0.6,0.36,1,0.59,0.83,0.4,3,0.524,P2,Team_B,Medium,3
1415,Low,0.3,0.23,3,0.9,0.35,0.97,3,0.353,P3,Team_C,Low,1
1416,Medium,0.6,0.88,4,0.72,0.78,0.99,4,0.5,P2,Team_B,Medium,3
1417,Low,0.3,0.56,4,0.71,0.51,1.0,0,0.303,P3,Team_C,Low,1
1418,Medium,0.6,0.72,4,0.68,0.77,0.95,1,0.478,P2,Team_B,Medium,3
1419,Low,0.3,0.22,4,0.91,0.83,0.37,5,0.363,P3,Team_C,Low,1
1420,Medium,0.6,0.2,1,0.82,0.54,0.77,3,0.399,P3,Team_A,Low,1
1421,Low,0.3,0.75,3,0.92,0.6,0.63,3,0.476,P2,Team_C,Medium,2
1422,High,0.9,0.25,2,0.36,0.92,0.35,2,0.692,P1,Team_B,High,5
1423,Medium,0.6,0.58,4,0.76,0.83,0.31,0,0.608,P2,Team_B,Medium,2
1424,Medium,0.6,0.82,3,0.85,0.87,0.71,2,0.527,P2,Team_B,Medium,2
1425,Medium,0.6,0.41,1,0.4,0.62,0.48,5,0.519,P2,Team_C,Medium,3
1426,Medium,0.6,0.91,2,0.71,0.89,0.77,1,0.464,P2,Team_B,Medium,2
1427,Medium,0.6,0.64,3,0.95,0.72,0.5,2,0.568,P2,Team_C,Medium,2
1428,High,0.9,0.25,2,0.62,0.8,0.73,4,0.615,P2,Team_B,Medium,2
1429,Low,0.3,0.52,3,0.8,0.83,0.66,6,0.31,P3,Team_B,Low,1
1430,Low,0.3,0.56,2,0.52,0.31,0.68,3,0.35,P3,Team_B,Low,1
1431,High,0.9,0.6,4,0.67,0.65,0.91,4,0.647,P2,Team_C,Medium,3
1432,Low,0.3,0.65,3,0.6,0.67,0.63,4,0.355,P3,Team_B,Low,1
1433,High,0.9,0.52,3,0.97,0.83,0.48,2,0.732,P1,Team_A,High,6
1434,Low,0.3,0.63,3,0.85,0.93,0.97,1,0.331,P3,Team_B,Low,1
1435,Medium,0.6,0.94,1,0.8,0.32,0.67,4,0.691,P1,Team_C,High,6
1436,Low,0.3,0.26,2,0.55,0.58,0.99,1,0.314,P3,Team_B,Low,1
1437,Low,0.3,0.86,2,0.87,0.54,0.34,4,0.466,P2,Team_B,Medium,2
1438,Low,0.3,0.46,1,0.55,0.79,0.79,0,0.313,P3,Team_B,Low,1
1439,Low,0.3,0.53,4,0.79,0.89,0.96,3,0.316,P3,Team_C,Low,1
1440,Medium,0.6,0.47,3,0.87,0.69,0.43,2,0.518,P2,Team_C,Medium,2
1441,Low,0.3,0.32,4,0.61,0.59,0.91,5,0.272,P3,Team_C,Low,1
1442,Medium,0.6,0.44,3,0.71,0.75,0.65,1,0.479,P2,Team_B,Medium,2
1443,High,0.9,0.77,3,0.5,0.66,0.92,5,0.781,P1,Team_C,High,6
1444,High,0.9,0.87,2,0.37,0.44,0.31,4,0.789,P1,Team_C,High,6
1445,Low,0.3,0.51,2,0.74,0.82,0.98,4,0.251,P3,Team_C,Low,1
1446,High,0.9,0.52,4,0.72,0.84,0.48,2,0.763,P1,Team_B,High,6
1447,Medium,0.6,0.53,3,0.82,0.51,0.97,4,0.566,P2,Team_A,Medium,3
1448,Medium,0.6,0.88,1,0.33,0.82,0.46,3,0.62,P2,Team_B,Medium,3
1449,Medium,0.6,0.38,3,0.55,0.79,0.37,1,0.492,P2,Team_B,Medium,3
1450,Medium,0.6,0.1,2,0.83,0.54,0.78,2,0.38,P3,Team_C,Low,1
1451,Low,0.3,0.53,3,0.75,0.59,0.39,5,0.395,P3,Team_C,Low,1
1452,Medium,0.6,0.64,3,0.82,0.11,0.39,1,0.677,P1,Team_C,High,6
1453,Low,0.3,0.32,1,0.96,0.94,0.87,0,0.293,P3,Team_B,Low,1
1454,Low,0.3,0.38,2,0.43,0.44,0.89,1,0.323,P3,Team_C,Low,1
1455,Medium,0.6,0.41,1,0.89,0.69,0.81,2,0.503,P2,Team_C,Medium,2
1456,Low,0.3,0.53,1,0.69,0.85,0.72,4,0.415,P3,Team_B,Low,1
1457,Medium,0.6,0.91,1,0.47,0.35,0.34,5,0.631,P2,Team_C,Medium,3
1458,High,0.9,0.78,3,0.77,0.52,0.9,2,0.678,P1,Team_C,High,5
1459,Low,0.3,0.32,2,0.61,0.92,0.51,4,0.335,P3,Team_B,Low,1
1460,Low,0.3,0.46,3,0.86,0.89,0.66,5,0.385,P3,Team_B,Low,1
1461,Low,0.3,0.53,4,0.5,0.83,0.62,7,0.324,P3,Team_B,Low,1
1462,Medium,0.6,0.17,2,0.52,0.38,0.89,2,0.411,P3,Team_C,Low,1
1463,High,0.9,0.49,1,0.88,0.79,0.79,3,0.695,P1,Team_A,High,6
1464,Medium,0.6,0.5,4,0.76,0.82,0.87,2,0.406,P3,Team_B,Low,1
1465,Medium,0.6,0.83,3,0.72,0.82,0.78,1,0.508,P2,Team_B,Medium,3
1466,Low,0.3,0.64,1,0.6,0.87,0.55,1,0.368,P3,Team_C,Low,1
1467,Medium,0.6,0.28,2,0.67,0.75,0.58,0,0.394,P3,Team_B,Low,1
1468,Medium,0.6,0.54,4,0.54,0.74,0.59,4,0.472,P2,Team_A,Medium,2
1469,High,0.9,0.48,1,0.77,0.46,0.43,3,0.673,P1,Team_C,High,5
1470,Medium,0.6,0.73,4,0.86,0.81,0.71,2,0.462,P2,Team_B,Medium,2
1471,High,0.9,0.95,1,0.89,0.72,0.79,2,0.691,P1,Team_A,High,5
1472,Low,0.3,0.71,3,0.7,0.69,0.87,3,0.357,P3,Team_C,Low,1
1473,High,0.9,0.77,4,0.67,0.49,0.78,1,0.781,P1,Team_C,High,4
1474,High,0.9,0.2,2,0.88,0.56,0.9,2,0.645,P2,Team_A,Medium,3
1475,Low,0.3,0.56,4,0.88,0.87,0.95,4,0.22,P3,Team_C,Low,1
1476,Medium,0.6,0.77,1,0.79,0.69,0.59,2,0.522,P2,Team_A,Medium,2
1477,Medium,0.6,0.34,1,0.45,0.74,0.53,0,0.386,P3,Team_A,Low,1
1478,Low,0.3,0.33,3,0.48,0.61,0.63,3,0.346,P3,Team_B,Low,1
1479,Medium,0.6,0.63,4,0.93,0.24,0.39,4,0.66,P1,Team_A,High,6
1480,Low,0.3,0.44,2,0.73,0.19,0.54,1,0.355,P3,Team_B,Low,1
1481,Medium,0.6,0.52,1,0.73,0.49,0.73,4,0.594,P2,Team_A,Medium,3
1482,Medium,0.6,0.65,2,0.8,0.65,0.34,2,0.575,P2,Team_A,Medium,2
1483,Medium,0.6,0.61,3,0.94,0.51,0.43,3,0.606,P2,Team_C,Medium,2
1484,Low,0.3,0.7,1,0.61,0.72,0.3,2,0.404,P3,Team_C,Low,1
1485,Medium,0.6,0.51,2,0.81,0.51,0.7,1,0.565,P2,Team_C,Medium,2
1486,Low,0.3,0.12,2,0.92,0.88,0.91,7,0.28,P3,Team_C,Low,1
1487,High,0.9,0.61,2,0.71,0.63,0.84,8,0.747,P1,Team_C,High,5
1488,High,0.9,0.37,1,0.5,0.52,0.71,2,0.729,P1,Team_C,High,4
1489,Low,0.3,0.51,4,0.81,0.56,0.52,2,0.297,P3,Team_C,Low,1
1490,High,0.9,0.16,4,0.83,0.66,0.62,2,0.545,P2,Team_A,Medium,2
1491,Medium,0.6,0.4,1,0.88,0.78,0.69,5,0.487,P2,Team_B,Medium,2
1492,Low,0.3,0.1,4,0.33,0.45,0.5,2,0.231,P3,Team_B,Low,1
1493,Low,0.3,0.53,2,0.74,0.8,0.86,3,0.311,P3,Team_C,Low,1
1494,High,0.9,0.6,2,0.53,0.95,1.0,2,0.637,P2,Team_B,Medium,3
1495,Low,0.3,0.09,2,0.79,0.46,0.58,4,0.336,P3,Team_C,Low,1
1496,Medium,0.6,0.47,4,0.78,0.38,0.53,4,0.482,P2,Team_C,Medium,2
1497,Medium,0.6,0.33,1,0.9,0.41,0.38,2,0.535,P2,Team_C,Medium,3
1498,Medium,0.6,0.17,2,0.9,0.77,0.68,1,0.445,P2,Team_B,Medium,2
1499,High,0.9,0.7,4,0.81,0.55,0.77,2,0.713,P1,Team_A,High,4
1500,Medium,0.6,0.29,2,0.73,0.81,0.71,2,0.428,P2,Team_B,Medium,3
1501,Low,0.3,0.4,1,0.72,0.27,0.54,4,0.343,P3,Team_C,Low,1
1502,High,0.9,0.62,4,0.59,0.74,0.44,4,0.736,P1,Team_B,High,4
1503,Medium,0.6,0.6,2,0.92,0.54,0.64,4,0.481,P2,Team_C,Medium,3
1504,Low,0.3,0.71,3,0.7,0.69,0.66,6,0.405,P3,Team_B,Low,1
1505,Low,0.3,0.48,3,0.66,0.81,0.38,3,0.437,P2,Team_C,Medium,3
1506,High,0.9,0.64,4,0.63,0.58,0.86,2,0.771,P1,Team_C,High,5
1507,Medium,0.6,0.24,4,0.78,0.74,0.96,5,0.398,P3,Team_A,Low,1
1508,High,0.9,0.42,2,0.42,0.76,0.84,1,0.606,P2,Team_B,Medium,3
1509,Low,0.3,0.54,2,0.61,0.58,0.3,3,0.373,P3,Team_C,Low,1
1510,High,0.9,0.71,4,0.69,0.68,0.68,1,0.667,P1,Team_C,High,5
1511,Low,0.3,0.65,3,0.44,0.2,0.8,0,0.388,P3,Team_C,Low,1
1512,Low,0.3,0.43,3,0.54,0.64,0.79,4,0.328,P3,Team_B,Low,1
1513,High,0.9,0.31,3,0.51,0.83,0.47,6,0.702,P1,Team_B,High,5
1514,Medium,0.6,0.32,4,0.81,0.61,0.4,2,0.556,P2,Team_A,Medium,2
1515,Medium,0.6,0.17,2,0.85,0.47,0.69,2,0.383,P3,Team_A,Low,1
1516,Low,0.3,0.6,3,0.62,0.54,0.92,2,0.355,P3,Team_B,Low,1
1517,Low,0.3,0.33,3,0.19,0.56,0.3,3,0.328,P3,Team_C,Low,1
1518,Low,0.3,0.35,1,0.5,0.56,0.79,5,0.268,P3,Team_B,Low,1
1519,Low,0.3,0.57,4,0.79,0.75,0.6,3,0.403,P3,Team_C,Low,1
1520,Low,0.3,0.8,3,0.69,0.64,0.44,7,0.382,P3,Team_B,Low,1
1521,Medium,0.6,0.75,3,0.96,0.82,0.65,3,0.577,P2,Team_B,Medium,2
1522,Medium,0.6,0.03,1,0.93,0.82,0.72,1,0.411,P3,Team_B,Low,1
1523,High,0.9,0.47,2,0.9,0.71,0.36,4,0.662,P1,Team_A,High,5
1524,Low,0.3,0.84,3,0.7,0.42,0.7,6,0.438,P2,Team_B,Medium,2
1525,Medium,0.6,0.47,1,0.92,0.51,0.87,5,0.471,P2,Team_A,Medium,3
1526,Low,0.3,0.71,3,0.81,0.61,0.63,5,0.472,P2,Team_C,Medium,2
1527,High,0.9,0.67,1,0.6,0.55,0.38,4,0.748,P1,Team_C,High,4
1528,Low,0.3,0.76,4,0.97,0.74,0.71,0,0.345,P3,Team_B,Low,1
1529,High,0.9,0.37,3,0.87,0.67,0.88,2,0.627,P2,Team_A,Medium,2
1530,Medium,0.6,0.29,3,0.34,0.59,0.88,2,0.47,P2,Team_C,Medium,2
1531,Medium,0.6,0.79,3,0.64,0.3,0.99,2,0.547,P2,Team_C,Medium,2
1532,Low,0.3,0.35,3,0.91,0.89,0.57,2,0.187,P3,Team_C,Low,1
1533,Medium,0.6,0.38,3,0.55,0.78,0.78,2,0.43,P2,Team_B,Medium,3
1534,High,0.9,0.75,2,0.53,0.65,0.86,3,0.737,P1,Team_C,High,4
1535,Medium,0.6,0.45,1,0.73,0.59,0.82,1,0.502,P2,Team_A,Medium,3
1536,Low,0.3,0.77,1,0.46,0.65,0.81,2,0.368,P3,Team_B,Low,1
1537,Medium,0.6,0.41,2,0.92,0.66,0.38,2,0.605,P2,Team_C,Medium,3
1538,High,0.9,0.35,3,0.56,0.29,0.52,3,0.601,P2,Team_C,Medium,2
1539,Low,0.3,0.19,4,0.71,0.75,0.93,4,0.279,P3,Team_C,Low,1
1540,Medium,0.6,0.51,1,0.57,0.82,0.39,3,0.617,P2,Team_B,Medium,3
1541,High,0.9,0.73,1,0.77,0.62,0.87,2,0.767,P1,Team_C,High,4
1542,Medium,0.6,0.59,4,0.86,0.79,0.41,3,0.537,P2,Team_B,Medium,2
1543,Medium,0.6,0.71,4,0.96,0.59,0.5,3,0.543,P2,Team_A,Medium,2
1544,Medium,0.6,0.3,3,0.54,0.55,0.67,0,0.435,P2,Team_C,Medium,3
1545,High,0.9,0.69,1,0.85,0.84,0.64,2,0.654,P1,Team_A,High,6
1546,Low,0.3,0.45,2,0.92,0.55,0.4,2,0.352,P3,Team_C,Low,1
1547,High,0.9,0.38,4,0.68,0.78,0.61,3,0.574,P2,Team_B,Medium,2
1548,Medium,0.6,0.63,2,0.59,0.34,0.86,5,0.586,P2,Team_A,Medium,2
1549,High,0.9,0.5,2,0.53,0.87,0.71,1,0.657,P1,Team_B,High,6
1550,Low,0.3,0.33,1,0.79,0.19,0.34,4,0.482,P2,Team_B,Medium,3
1551,Low,0.3,0.69,2,0.48,0.88,0.72,4,0.336,P3,Team_C,Low,1
1552,High,0.9,0.43,1,0.27,0.47,0.31,1,0.691,P1,Team_C,High,6
1553,Low,0.3,0.44,4,0.74,0.71,0.46,3,0.304,P3,Team_C,Low,1
1554,Medium,0.6,0.14,3,0.97,0.51,0.79,2,0.425,P2,Team_A,Medium,2
1555,Medium,0.6,0.87,2,0.95,0.95,0.43,1,0.618,P2,Team_B,Medium,3
1556,Medium,0.6,0.5,4,0.81,0.33,0.75,5,0.481,P2,Team_C,Medium,3
1557,Low,0.3,0.63,2,0.78,0.3,0.38,3,0.42,P2,Team_B,Medium,3
1558,High,0.9,0.23,3,0.49,0.43,0.43,5,0.739,P1,Team_C,High,6
1559,High,0.9,0.44,4,0.48,0.59,0.63,3,0.702,P1,Team_C,High,5
1560,High,0.9,0.43,3,0.24,0.87,0.54,1,0.657,P1,Team_B,High,5
1561,High,0.9,0.36,2,0.59,0.83,0.71,6,0.625,P2,Team_B,Medium,2
1562,Medium,0.6,0.39,1,0.75,0.95,0.98,4,0.483,P2,Team_B,Medium,3
1563,High,0.9,0.46,3,0.58,0.77,0.97,4,0.622,P2,Team_B,Medium,3
1564,High,0.9,0.34,1,0.43,0.73,0.51,4,0.685,P1,Team_B,High,5
1565,Low,0.3,0.46,4,0.59,0.9,0.68,7,0.358,P3,Team_B,Low,1
1566,Low,0.3,0.52,4,0.77,0.53,0.66,2,0.324,P3,Team_C,Low,1
1567,Medium,0.6,0.2,4,0.47,0.79,0.94,2,0.426,P2,Team_B,Medium,2
1568,Low,0.3,0.62,1,0.43,0.95,0.8,3,0.235,P3,Team_B,Low,1
1569,Low,0.3,0.32,4,0.66,0.3,0.8,1,0.333,P3,Team_C,Low,1
1570,Medium,0.6,0.08,1,0.86,0.77,0.99,1,0.499,P2,Team_B,Medium,2
1571,Medium,0.6,0.48,1,0.66,0.68,0.37,1,0.536,P2,Team_C,Medium,3
1572,Low,0.3,0.38,3,0.72,0.64,0.4,9,0.301,P3,Team_B,Low,1
1573,High,0.9,0.73,4,0.89,0.49,0.68,2,0.804,P1,Team_A,High,4
1574,Low,0.3,0.25,1,0.88,0.8,0.91,2,0.234,P3,Team_C,Low,1
1575,Low,0.3,0.96,4,0.64,0.66,0.79,6,0.431,P2,Team_B,Medium,3
1576,Low,0.3,0.32,4,0.83,0.42,0.38,4,0.355,P3,Team_C,Low,1
1577,High,0.9,0.28,3,0.9,0.43,0.65,2,0.639,P2,Team_A,Medium,2
1578,Medium,0.6,0.24,2,0.59,0.56,0.81,4,0.395,P3,Team_C,Low,1
1579,Medium,0.6,0.52,2,0.33,0.57,0.93,2,0.521,P2,Team_C,Medium,2
1580,Low,0.3,0.41,2,0.86,0.94,0.6,2,0.313,P3,Team_C,Low,1
1581,Medium,0.6,0.32,4,0.86,0.95,0.34,2,0.538,P2,Team_B,Medium,3
1582,Medium,0.6,0.13,2,0.94,0.77,0.4,2,0.461,P2,Team_B,Medium,3
1583,Low,0.3,0.31,3,0.86,0.82,0.82,1,0.379,P3,Team_C,Low,1
1584,Low,0.3,0.39,2,0.87,0.58,0.82,4,0.315,P3,Team_C,Low,1
1585,Medium,0.6,0.18,4,0.73,0.85,0.39,3,0.479,P2,Team_B,Medium,2
1586,Medium,0.6,0.84,1,0.65,0.8,0.31,1,0.594,P2,Team_B,Medium,3
1587,High,0.9,0.37,3,0.9,0.4,0.66,6,0.672,P1,Team_A,High,6
1588,High,0.9,0.95,1,0.45,0.36,0.45,4,0.804,P1,Team_C,High,5
1589,Medium,0.6,0.57,2,0.75,0.7,0.46,1,0.55,P2,Team_C,Medium,3
1590,High,0.9,0.32,1,0.76,0.79,0.67,2,0.641,P2,Team_B,Medium,3
1591,Low,0.3,0.45,1,0.95,0.69,0.69,3,0.288,P3,Team_C,Low,1
1592,Medium,0.6,0.48,2,0.81,0.92,0.68,4,0.58,P2,Team_B,Medium,3
1593,High,0.9,0.27,3,0.65,0.85,0.58,1,0.534,P2,Team_B,Medium,3
1594,Medium,0.6,0.68,4,0.53,0.49,0.48,4,0.614,P2,Team_A,Medium,3
1595,Medium,0.6,0.15,1,0.69,0.67,0.68,2,0.376,P3,Team_C,Low,1
1596,High,0.9,0.57,1,0.7,0.87,0.39,3,0.739,P1,Team_B,High,6
1597,High,0.9,0.45,3,0.64,0.92,0.31,0,0.692,P1,Team_B,High,6
1598,Medium,0.6,0.63,1,0.77,0.59,0.58,4,0.492,P2,Team_C,Medium,2
1599,Low,0.3,0.07,1,0.56,0.88,0.4,6,0.214,P3,Team_C,Low,1
1600,Low,0.3,0.6,1,0.52,0.55,0.96,5,0.41,P3,Team_B,Low,1
1601,Low,0.3,0.4,4,0.6,0.4,0.52,5,0.269,P3,Team_C,Low,1
1602,Low,0.3,0.88,1,0.91,0.77,0.72,4,0.377,P3,Team_B,Low,1
1603,Low,0.3,0.58,1,0.79,0.86,0.53,4,0.379,P3,Team_B,Low,1
1604,Medium,0.6,0.62,3,0.89,0.53,0.76,5,0.523,P2,Team_C,Medium,3
1605,High,0.9,0.54,2,0.58,0.66,0.62,4,0.658,P1,Team_C,High,6
1606,Low,0.3,0.67,3,0.93,0.65,0.56,2,0.448,P2,Team_C,Medium,2
1607,High,0.9,0.43,1,0.72,0.55,0.8,4,0.693,P1,Team_C,High,4
1608,Low,0.3,0.6,4,0.87,0.66,0.33,1,0.39,P3,Team_C,Low,1
1609,Medium,0.6,0.05,3,0.87,0.43,0.97,4,0.48,P2,Team_A,Medium,2
1610,High,0.9,0.55,2,0.97,0.82,0.72,3,0.559,P2,Team_A,Medium,2
1611,Medium,0.6,0.19,1,0.93,0.61,0.47,1,0.496,P2,Team_C,Medium,2
1612,Low,0.3,0.87,3,0.76,0.35,0.63,2,0.444,P2,Team_C,Medium,3
1613,Medium,0.6,0.94,2,0.72,0.48,0.6,6,0.572,P2,Team_C,Medium,2
1614,Low,0.3,0.24,3,0.98,0.63,0.52,2,0.319,P3,Team_C,Low,1
1615,Low,0.3,0.31,2,0.45,0.64,0.78,2,0.289,P3,Team_B,Low,1
1616,Medium,0.6,0.48,4,0.83,0.62,0.99,5,0.418,P3,Team_C,Low,1
1617,High,0.9,0.7,2,0.76,0.52,0.5,1,0.733,P1,Team_C,High,6
1618,Low,0.3,0.83,1,0.45,0.41,0.43,5,0.425,P2,Team_B,Medium,3
1619,High,0.9,0.77,4,0.84,0.39,0.31,3,0.747,P1,Team_A,High,5
1620,Low,0.3,0.54,2,0.67,0.61,0.55,2,0.307,P3,Team_B,Low,1
1621,High,0.9,0.59,3,0.8,0.47,0.75,4,0.67,P1,Team_A,High,6
1622,Low,0.3,0.57,1,0.55,0.57,0.72,8,0.308,P3,Team_B,Low,1
1623,Low,0.3,0.71,4,0.65,0.52,0.63,3,0.343,P3,Team_B,Low,1
1624,Low,0.3,0.12,4,0.67,0.88,0.53,3,0.281,P3,Team_C,Low,1
1625,Low,0.3,0.45,3,0.49,0.39,0.69,4,0.304,P3,Team_C,Low,1
1626,Low,0.3,0.85,2,0.96,0.63,0.97,1,0.44,P2,Team_B,Medium,3
1627,Low,0.3,0.47,4,0.83,0.47,0.57,2,0.436,P2,Team_B,Medium,3
1628,High,0.9,0.17,4,0.77,0.78,0.51,1,0.528,P2,Team_B,Medium,3
1629,Medium,0.6,0.15,2,0.54,0.48,0.42,4,0.462,P2,Team_A,Medium,2
1630,Low,0.3,0.2,4,0.55,0.83,0.88,3,0.221,P3,Team_C,Low,1
1631,Low,0.3,0.68,1,0.88,0.74,0.45,4,0.374,P3,Team_C,Low,1
1632,Low,0.3,0.54,3,0.84,0.68,0.7,2,0.361,P3,Team_B,Low,1
1633,Low,0.3,0.64,4,0.63,0.78,0.41,5,0.366,P3,Team_C,Low,1
1634,Low,0.3,0.07,4,0.88,0.86,0.75,5,0.168,P3,Team_B,Low,1
1635,High,0.9,0.25,2,0.9,0.71,0.43,5,0.681,P1,Team_A,High,4
1636,Medium,0.6,0.3,1,0.66,0.53,0.55,3,0.493,P2,Team_A,Medium,2
1637,Low,0.3,0.45,1,0.82,0.45,0.75,1,0.399,P3,Team_B,Low,1
1638,High,0.9,0.6,1,0.84,0.63,0.34,5,0.74,P1,Team_A,High,6
1639,Medium,0.6,0.57,2,0.7,0.83,0.73,5,0.532,P2,Team_B,Medium,3
1640,Medium,0.6,0.08,1,0.58,0.71,0.9,2,0.34,P3,Team_A,Low,1
1641,High,0.9,0.37,2,0.94,0.69,0.79,3,0.656,P1,Team_A,High,5
1642,Medium,0.6,0.26,1,0.87,0.52,0.56,1,0.497,P2,Team_C,Medium,3
1643,Low,0.3,0.36,4,0.74,0.71,0.96,1,0.333,P3,Team_C,Low,1
1644,Low,0.3,0.47,4,0.73,0.8,0.66,1,0.356,P3,Team_C,Low,1
1645,Low,0.3,0.6,1,0.6,0.71,0.93,5,0.268,P3,Team_C,Low,1
1646,Low,0.3,0.6,4,0.45,0.78,0.79,1,0.442,P2,Team_C,Medium,2
1647,Medium,0.6,0.79,4,0.55,0.9,0.39,2,0.544,P2,Team_B,Medium,3
1648,High,0.9,0.34,3,0.84,0.82,0.32,5,0.684,P1,Team_A,High,4
1649,High,0.9,0.64,1,0.86,0.59,0.92,6,0.658,P1,Team_A,High,4
1650,Low,0.3,0.03,3,0.79,0.87,0.48,3,0.259,P3,Team_C,Low,1
1651,Medium,0.6,0.56,3,0.61,0.57,0.77,3,0.524,P2,Team_C,Medium,2
1652,Medium,0.6,0.59,3,0.54,0.9,0.77,5,0.511,P2,Team_B,Medium,2
1653,Low,0.3,0.63,4,0.91,0.82,0.55,9,0.324,P3,Team_C,Low,1
1654,High,0.9,0.24,1,0.95,0.61,0.41,4,0.72,P1,Team_A,High,4
1655,Low,0.3,0.78,3,0.94,0.71,0.66,3,0.448,P2,Team_B,Medium,2
1656,High,0.9,0.39,1,0.35,0.73,0.32,3,0.725,P1,Team_B,High,4
1657,High,0.9,0.49,4,0.62,0.46,0.57,1,0.683,P1,Team_C,High,5
1658,Low,0.3,0.44,1,0.56,0.86,0.73,1,0.319,P3,Team_B,Low,1
1659,Low,0.3,0.48,2,0.73,0.71,0.71,1,0.42,P3,Team_C,Low,1
1660,Low,0.3,0.6,4,0.59,0.62,0.77,1,0.43,P2,Team_B,Medium,3
1661,Low,0.3,0.27,4,0.82,0.98,0.98,4,0.161,P3,Team_C,Low,1
1662,Medium,0.6,0.33,1,0.5,0.65,0.39,3,0.588,P2,Team_A,Medium,2
1663,Low,0.3,0.59,4,0.77,0.76,0.59,5,0.369,P3,Team_C,Low,1
1664,Low,0.3,0.18,2,0.36,0.6,0.51,2,0.302,P3,Team_B,Low,1
1665,Low,0.3,0.78,2,0.56,0.65,0.57,4,0.466,P2,Team_C,Medium,2
1666,Low,0.3,0.7,1,0.66,0.75,0.43,3,0.382,P3,Team_B,Low,1
1667,High,0.9,0.27,4,0.55,0.91,0.66,5,0.57,P2,Team_B,Medium,2
1668,High,0.9,0.16,1,0.78,0.64,0.67,4,0.626,P2,Team_C,Medium,3
1669,Medium,0.6,0.77,2,0.96,0.74,0.59,1,0.57,P2,Team_C,Medium,2
1670,High,0.9,0.38,3,0.66,0.8,0.84,7,0.668,P1,Team_B,High,6
1671,Low,0.3,0.5,2,0.73,0.92,0.83,2,0.307,P3,Team_B,Low,1
1672,Low,0.3,0.21,4,0.87,0.71,0.87,2,0.23,P3,Team_B,Low,1
1673,Medium,0.6,0.89,3,0.56,0.93,0.89,6,0.6,P2,Team_B,Medium,3
1674,Medium,0.6,0.75,1,0.82,0.73,0.55,4,0.552,P2,Team_C,Medium,3
1675,Low,0.3,0.17,4,0.62,0.44,0.45,3,0.339,P3,Team_B,Low,1
1676,Low,0.3,0.8,3,0.9,0.76,0.87,7,0.453,P2,Team_C,Medium,2
1677,Medium,0.6,0.38,2,0.76,0.57,0.91,3,0.394,P3,Team_C,Low,1
1678,Low,0.3,0.04,2,0.49,0.72,0.94,7,0.196,P3,Team_B,Low,1
1679,Low,0.3,0.88,3,0.89,0.24,0.97,7,0.53,P2,Team_B,Medium,2
1680,Low,0.3,0.79,4,0.6,0.59,0.68,0,0.39,P3,Team_C,Low,1
1681,Medium,0.6,0.5,2,0.89,0.68,0.51,4,0.493,P2,Team_A,Medium,3
1682,High,0.9,0.27,4,0.88,0.71,0.98,7,0.517,P2,Team_A,Medium,3
1683,Low,0.3,0.24,4,0.93,0.77,0.87,2,0.252,P3,Team_B,Low,1
1684,Medium,0.6,0.73,1,0.29,0.72,0.95,2,0.585,P2,Team_C,Medium,2
1685,Low,0.3,0.43,3,0.92,0.89,0.52,1,0.292,P3,Team_C,Low,1
1686,High,0.9,0.35,3,0.79,0.89,0.96,2,0.545,P2,Team_B,Medium,2
1687,Low,0.3,0.73,3,0.5,0.52,0.96,4,0.367,P3,Team_C,Low,1
1688,Medium,0.6,0.49,1,0.74,0.77,0.47,2,0.54,P2,Team_B,Medium,2
1689,Medium,0.6,0.19,4,0.47,0.57,0.99,2,0.36,P3,Team_A,Low,1
1690,Medium,0.6,0.35,2,0.5,0.39,0.83,3,0.527,P2,Team_C,Medium,3
1691,Low,0.3,0.71,4,0.83,0.69,0.51,4,0.354,P3,Team_B,Low,1
1692,Medium,0.6,0.49,1,0.95,0.81,0.75,9,0.538,P2,Team_B,Medium,3
1693,High,0.9,0.68,2,0.85,0.58,0.84,4,0.713,P1,Team_A,High,5
1694,Medium,0.6,0.08,1,0.84,0.65,0.63,4,0.524,P2,Team_A,Medium,3
1695,High,0.9,0.84,3,0.94,0.21,0.7,2,0.854,P1,Team_A,High,6
1696,High,0.9,0.78,3,0.64,0.83,0.36,4,0.834,P1,Team_B,High,5
1697,Low,0.3,0.64,4,0.8,0.66,0.85,5,0.388,P3,Team_C,Low,1
1698,Low,0.3,0.51,4,0.82,0.98,0.88,1,0.28,P3,Team_C,Low,1
1699,Medium,0.6,0.22,4,0.97,0.85,0.7,7,0.374,P3,Team_B,Low,1
1700,High,0.9,0.42,4,0.88,0.5,0.94,4,0.651,P1,Team_A,High,4
1701,Low,0.3,0.88,1,0.86,0.57,0.48,2,0.512,P2,Team_B,Medium,3
1702,Low,0.3,0.42,2,0.71,0.55,0.55,3,0.435,P2,Team_B,Medium,2
1703,High,0.9,0.74,3,0.54,0.96,0.45,4,0.71,P1,Team_B,High,6
1704,Medium,0.6,0.79,3,0.82,0.57,0.74,3,0.538,P2,Team_A,Medium,3
1705,Medium,0.6,0.39,2,0.94,0.8,0.84,3,0.498,P2,Team_B,Medium,3
1706,High,0.9,0.27,4,0.21,0.58,0.31,4,0.601,P2,Team_C,Medium,3
1707,Medium,0.6,0.36,4,0.82,0.82,0.95,3,0.443,P2,Team_B,Medium,3
1708,High,0.9,0.5,2,0.88,0.53,0.4,3,0.734,P1,Team_A,High,4
1709,High,0.9,0.73,1,0.9,0.45,0.53,3,0.77,P1,Team_A,High,6
1710,Low,0.3,0.29,1,0.67,0.56,0.94,4,0.351,P3,Team_B,Low,1
1711,Medium,0.6,0.5,3,0.53,0.84,0.38,3,0.504,P2,Team_B,Medium,3
1712,Low,0.3,0.69,2,0.7,0.44,0.6,2,0.46,P2,Team_B,Medium,3
1713,Low,0.3,0.86,1,0.67,0.51,0.59,4,0.492,P2,Team_C,Medium,2
1714,Low,0.3,0.21,3,0.47,0.9,0.36,1,0.336,P3,Team_B,Low,1
1715,Low,0.3,0.46,4,0.55,0.6,0.96,7,0.342,P3,Team_B,Low,1
1716,Medium,0.6,0.84,3,0.71,0.7,0.54,2,0.618,P2,Team_A,Medium,2
1717,High,0.9,0.28,4,0.65,0.84,0.44,2,0.594,P2,Team_B,Medium,2
1718,High,0.9,0.51,2,0.87,0.73,0.72,3,0.605,P2,Team_A,Medium,2
1719,High,0.9,0.7,2,0.54,0.82,0.77,7,0.64,P2,Team_B,Medium,3
1720,Medium,0.6,0.92,1,0.7,0.88,0.69,1,0.496,P2,Team_B,Medium,2
1721,Low,0.3,0.53,1,0.86,0.6,0.69,4,0.378,P3,Team_B,Low,1
1722,Medium,0.6,0.36,3,0.83,0.95,0.53,3,0.483,P2,Team_B,Medium,2
1723,Medium,0.6,0.44,1,0.93,0.85,0.36,1,0.468,P2,Team_B,Medium,2
1724,High,0.9,0.58,3,0.79,0.99,0.9,4,0.761,P1,Team_B,High,5
1725,Medium,0.6,0.26,3,0.78,0.58,0.84,7,0.513,P2,Team_C,Medium,3
1726,Low,0.3,0.4,4,0.59,0.79,1.0,5,0.252,P3,Team_C,Low,1
1727,Medium,0.6,0.46,1,0.77,0.97,0.35,2,0.51,P2,Team_B,Medium,3
1728,Low,0.3,0.48,1,0.81,0.71,0.93,1,0.269,P3,Team_C,Low,1
1729,Medium,0.6,0.35,4,0.71,0.82,0.77,3,0.447,P2,Team_B,Medium,2
1730,Medium,0.6,0.81,3,0.46,0.72,0.73,2,0.469,P2,Team_C,Medium,2
1731,Low,0.3,0.37,4,0.75,0.87,0.34,3,0.29,P3,Team_B,Low,1
1732,High,0.9,0.65,1,0.71,0.51,0.74,5,0.693,P1,Team_C,High,6
1733,High,0.9,0.44,1,0.55,0.27,0.89,5,0.653,P1,Team_C,High,6
1734,Low,0.3,0.72,4,0.72,0.76,0.73,3,0.31,P3,Team_C,Low,1
1735,Medium,0.6,0.62,3,0.73,0.51,0.66,4,0.481,P2,Team_C,Medium,2
1736,Low,0.3,0.84,4,0.61,0.91,0.63,5,0.389,P3,Team_B,Low,1
1737,Low,0.3,0.73,4,0.98,0.64,0.33,7,0.345,P3,Team_B,Low,1
1738,Low,0.3,0.51,2,0.58,0.75,0.96,2,0.27,P3,Team_C,Low,1
1739,Low,0.3,0.66,1,0.67,0.67,0.61,4,0.44,P2,Team_B,Medium,3
1740,Medium,0.6,0.31,4,0.79,0.41,0.46,6,0.587,P2,Team_A,Medium,2
1741,Medium,0.6,0.6,4,0.74,0.78,0.99,3,0.409,P3,Team_B,Low,1
1742,High,0.9,0.09,3,0.59,0.47,0.94,1,0.639,P2,Team_C,Medium,3
1743,Low,0.3,0.68,4,0.57,0.83,0.58,3,0.35,P3,Team_B,Low,1
1744,High,0.9,0.71,1,0.74,0.46,0.98,4,0.74,P1,Team_C,High,4
1745,Low,0.3,0.87,3,0.71,0.66,0.78,4,0.391,P3,Team_B,Low,1
1746,Medium,0.6,0.31,4,0.74,0.44,0.86,3,0.466,P2,Team_A,Medium,2
1747,Low,0.3,0.78,3,0.71,0.65,0.42,4,0.39,P3,Team_C,Low,1
1748,Low,0.3,0.97,1,0.48,0.46,0.67,1,0.447,P2,Team_B,Medium,2
1749,Medium,0.6,0.55,3,0.87,0.33,0.55,0,0.491,P2,Team_C,Medium,3
1750,Low,0.3,0.49,3,0.9,0.28,0.52,3,0.307,P3,Team_B,Low,1
1751,High,0.9,0.7,4,0.82,0.55,0.8,2,0.755,P1,Team_A,High,5
1752,Medium,0.6,0.57,2,0.96,0.59,0.55,3,0.482,P2,Team_C,Medium,3
1753,Medium,0.6,0.42,4,0.39,0.77,0.92,1,0.369,P3,Team_B,Low,1
1754,Low,0.3,0.46,3,0.82,0.91,0.8,1,0.404,P3,Team_C,Low,1
1755,Medium,0.6,0.71,2,0.58,0.44,0.38,3,0.547,P2,Team_A,Medium,2
1756,Low,0.3,0.23,4,0.8,0.4,0.46,4,0.335,P3,Team_C,Low,1
1757,High,0.9,0.62,3,0.61,0.78,0.73,7,0.785,P1,Team_B,High,6
1758,Medium,0.6,0.64,2,0.94,0.36,0.97,5,0.588,P2,Team_C,Medium,2
1759,High,0.9,0.12,1,0.67,0.58,0.38,2,0.61,P2,Team_C,Medium,2
1760,Low,0.3,0.28,2,0.93,0.32,0.33,6,0.345,P3,Team_C,Low,1
1761,Medium,0.6,0.88,2,0.62,0.65,0.91,3,0.483,P2,Team_A,Medium,3
1762,Medium,0.6,0.81,2,0.63,0.55,0.46,3,0.685,P1,Team_C,High,4
1763,High,0.9,0.49,1,0.9,0.4,0.31,1,0.715,P1,Team_A,High,4
1764,Low,0.3,0.33,4,0.85,0.86,0.59,3,0.341,P3,Team_B,Low,1
1765,Low,0.3,0.4,2,0.83,0.94,0.41,4,0.364,P3,Team_B,Low,1
1766,Medium,0.6,0.45,3,0.65,0.46,0.39,3,0.619,P2,Team_A,Medium,3
1767,High,0.9,0.92,2,0.91,0.9,0.77,3,0.667,P1,Team_A,High,4
1768,Medium,0.6,0.91,4,0.56,0.82,0.97,5,0.523,P2,Team_B,Medium,2
1769,Medium,0.6,0.66,1,0.79,0.7,0.8,4,0.53,P2,Team_C,Medium,2
1770,Low,0.3,0.6,3,0.95,0.6,0.42,3,0.431,P2,Team_B,Medium,3
1771,Low,0.3,0.27,1,0.75,0.84,0.68,6,0.259,P3,Team_B,Low,1
1772,High,0.9,0.75,1,0.75,0.88,0.49,3,0.714,P1,Team_B,High,5
1773,Low,0.3,0.93,4,0.94,0.48,0.79,5,0.467,P2,Team_B,Medium,2
1774,Low,0.3,0.41,4,0.81,0.95,0.64,0,0.349,P3,Team_C,Low,1
1775,High,0.9,0.55,2,0.41,0.71,0.9,2,0.643,P2,Team_B,Medium,2
1776,Low,0.3,0.38,2,0.45,0.86,0.4,2,0.327,P3,Team_C,Low,1
1777,Low,0.3,0.78,4,0.86,0.67,0.87,0,0.365,P3,Team_C,Low,1
1778,Medium,0.6,0.41,2,0.69,0.61,0.98,5,0.533,P2,Team_C,Medium,3
1779,Low,0.3,0.27,2,0.71,0.58,0.71,4,0.373,P3,Team_C,Low,1
1780,High,0.9,0.44,3,0.68,0.82,0.92,5,0.627,P2,Team_B,Medium,2
1781,High,0.9,0.6,1,0.37,0.43,0.5,5,0.852,P1,Team_C,High,5
1782,Low,0.3,0.62,1,0.92,0.52,0.55,3,0.341,P3,Team_C,Low,1
1783,Medium,0.6,0.18,1,0.75,0.59,0.33,3,0.507,P2,Team_A,Medium,2
1784,Medium,0.6,0.36,2,0.87,0.55,0.46,5,0.495,P2,Team_A,Medium,2
1785,Low,0.3,0.37,2,0.79,0.56,0.51,4,0.453,P2,Team_C,Medium,3
1786,Low,0.3,0.78,4,0.91,0.56,0.43,2,0.392,P3,Team_B,Low,1
1787,Medium,0.6,0.86,4,0.77,0.65,0.81,3,0.585,P2,Team_C,Medium,2
1788,High,0.9,0.5,3,0.74,0.45,0.85,4,0.648,P2,Team_C,Medium,3
1789,Low,0.3,0.48,1,0.64,0.88,0.66,3,0.304,P3,Team_C,Low,1
1790,Medium,0.6,0.12,2,0.48,0.81,0.96,5,0.328,P3,Team_B,Low,1
1791,Medium,0.6,0.73,1,0.95,0.95,0.48,2,0.596,P2,Team_B,Medium,2
1792,Medium,0.6,0.92,2,0.56,0.88,0.37,5,0.595,P2,Team_B,Medium,2
1793,Medium,0.6,0.21,3,0.75,0.78,0.49,4,0.427,P2,Team_B,Medium,2
1794,Medium,0.6,0.16,3,0.89,0.88,0.83,2,0.502,P2,Team_B,Medium,2
1795,Low,0.3,0.3,4,0.87,0.37,0.35,2,0.415,P3,Team_B,Low,1
1796,High,0.9,0.64,4,0.88,0.63,0.78,0,0.74,P1,Team_A,High,4
1797,Low,0.3,0.09,3,0.64,0.62,0.48,2,0.18,P3,Team_B,Low,1
1798,Low,0.3,0.36,2,0.33,0.81,0.99,4,0.257,P3,Team_C,Low,1
1799,Low,0.3,0.37,2,0.85,0.61,0.35,3,0.292,P3,Team_C,Low,1
1800,Medium,0.6,0.11,2,0.79,0.88,0.95,4,0.361,P3,Team_B,Low,1
1801,Low,0.3,0.58,4,0.65,0.86,0.37,2,0.362,P3,Team_C,Low,1
1802,High,0.9,0.22,3,0.72,0.61,0.87,2,0.624,P2,Team_C,Medium,3
1803,Low,0.3,0.87,3,0.78,0.94,0.94,4,0.304,P3,Team_B,Low,1
1804,Medium,0.6,0.78,4,0.68,0.53,0.74,2,0.437,P2,Team_A,Medium,2
1805,Low,0.3,0.3,2,0.9,0.49,0.76,4,0.304,P3,Team_C,Low,1
1806,Low,0.3,0.45,3,0.85,0.61,0.97,1,0.327,P3,Team_B,Low,1
1807,Low,0.3,0.61,4,0.65,0.5,0.34,5,0.434,P2,Team_C,Medium,3
1808,Low,0.3,0.82,3,0.74,0.68,0.65,3,0.38,P3,Team_C,Low,1
1809,Medium,0.6,0.35,1,0.95,0.68,0.66,4,0.476,P2,Team_C,Medium,3
1810,Low,0.3,0.64,1,0.63,0.59,0.47,3,0.46,P2,Team_B,Medium,2
1811,Medium,0.6,0.6,2,0.73,0.66,0.39,2,0.602,P2,Team_A,Medium,2
1812,High,0.9,0.21,4,0.53,0.78,0.81,2,0.617,P2,Team_B,Medium,3
1813,Medium,0.6,0.72,4,0.56,0.55,0.73,3,0.55,P2,Team_C,Medium,3
1814,Low,0.3,0.21,1,0.71,0.72,0.74,4,0.276,P3,Team_B,Low,1
1815,High,0.9,0.56,3,0.96,0.53,0.32,4,0.831,P1,Team_A,High,4
1816,Low,0.3,0.43,2,0.66,0.65,1.0,2,0.242,P3,Team_C,Low,1
1817,High,0.9,0.95,1,0.64,0.54,0.69,0,0.842,P1,Team_C,High,6
1818,Medium,0.6,0.46,3,0.76,0.74,0.84,0,0.456,P2,Team_A,Medium,3
1819,Medium,0.6,0.41,4,0.72,0.37,1.0,5,0.553,P2,Team_A,Medium,3
1820,High,0.9,0.4,2,0.78,0.82,0.42,3,0.718,P1,Team_B,High,6
1821,High,0.9,0.08,4,0.67,0.62,0.71,1,0.648,P2,Team_C,Medium,2
1822,Low,0.3,0.31,2,0.92,0.9,0.58,6,0.256,P3,Team_C,Low,1
1823,Medium,0.6,0.19,3,0.43,0.9,0.78,6,0.371,P3,Team_B,Low,1
1824,Low,0.3,0.35,2,0.95,0.56,0.53,2,0.265,P3,Team_C,Low,1
1825,Medium,0.6,0.55,4,0.69,0.49,0.51,3,0.619,P2,Team_A,Medium,2
1826,Medium,0.6,0.97,4,0.6,0.75,0.47,2,0.616,P2,Team_B,Medium,2
1827,Low,0.3,0.28,2,0.63,0.21,0.55,2,0.409,P3,Team_C,Low,1
1828,Low,0.3,0.64,4,0.66,0.91,0.35,0,0.345,P3,Team_C,Low,1
1829,Medium,0.6,0.2,1,0.87,0.68,0.81,2,0.424,P2,Team_C,Medium,2
1830,High,0.9,0.69,1,0.85,0.91,0.66,1,0.693,P1,Team_A,High,5
1831,Medium,0.6,0.63,3,0.8,0.13,0.76,4,0.553,P2,Team_A,Medium,3
1832,Low,0.3,0.49,3,0.75,0.49,0.39,2,0.368,P3,Team_C,Low,1
1833,High,0.9,0.5,2,0.79,0.7,0.43,4,0.751,P1,Team_B,High,4
1834,Low,0.3,0.57,4,0.4,0.99,0.32,2,0.369,P3,Team_C,Low,1
1835,Medium,0.6,0.3,2,0.71,0.61,0.46,2,0.532,P2,Team_A,Medium,3
1836,High,0.9,0.59,1,0.37,0.79,0.32,2,0.727,P1,Team_B,High,6
1837,High,0.9,0.57,1,0.55,0.8,0.93,1,0.635,P2,Team_B,Medium,2
1838,High,0.9,0.85,2,0.7,0.82,0.83,1,0.772,P1,Team_B,High,6
1839,Medium,0.6,0.5,3,0.51,0.61,0.44,2,0.61,P2,Team_C,Medium,2
1840,Low,0.3,0.92,1,0.68,0.43,0.42,4,0.529,P2,Team_B,Medium,2
1841,Medium,0.6,0.73,3,0.72,0.82,0.38,3,0.51,P2,Team_B,Medium,2
1842,High,0.9,0.35,4,0.53,0.91,0.77,4,0.597,P2,Team_B,Medium,3
1843,High,0.9,0.86,3,0.79,0.8,0.98,4,0.769,P1,Team_B,High,4
1844,Low,0.3,0.1,3,0.43,0.79,0.53,4,0.28,P3,Team_B,Low,1
1845,Medium,0.6,0.76,1,0.8,0.79,0.53,1,0.517,P2,Team_B,Medium,3
1846,Medium,0.6,0.48,2,0.89,0.88,0.45,3,0.612,P2,Team_B,Medium,2
1847,Low,0.3,0.58,1,0.72,0.65,0.83,5,0.372,P3,Team_B,Low,1
1848,High,0.9,0.86,3,0.39,0.64,0.48,1,0.779,P1,Team_C,High,6
1849,High,0.9,0.84,3,0.56,0.75,1.0,3,0.69,P1,Team_B,High,5
1850,Low,0.3,0.61,4,0.82,0.4,0.95,6,0.362,P3,Team_C,Low,1
1851,Medium,0.6,0.42,4,0.4,0.44,0.89,3,0.429,P2,Team_C,Medium,3
1852,High,0.9,0.84,1,0.62,0.7,0.96,5,0.686,P1,Team_B,High,4
1853,Medium,0.6,0.35,1,0.88,0.56,0.42,1,0.497,P2,Team_C,Medium,3
1854,High,0.9,0.45,1,0.59,0.94,0.65,1,0.699,P1,Team_B,High,4
1855,Low,0.3,0.91,4,0.23,0.91,0.62,2,0.391,P3,Team_B,Low,1
1856,Low,0.3,0.34,3,0.55,0.83,0.92,2,0.177,P3,Team_B,Low,1
1857,Low,0.3,0.62,2,0.64,0.23,0.66,2,0.529,P2,Team_B,Medium,3
1858,Low,0.3,0.62,3,0.66,0.71,0.56,7,0.405,P3,Team_C,Low,1
1859,High,0.9,0.42,2,0.71,0.75,0.96,2,0.566,P2,Team_B,Medium,2
1860,Low,0.3,0.44,4,0.82,0.55,0.71,2,0.339,P3,Team_C,Low,1
1861,High,0.9,0.27,2,0.56,0.61,0.93,7,0.58,P2,Team_C,Medium,2
1862,Medium,0.6,0.27,4,0.66,0.5,0.74,1,0.373,P3,Team_C,Low,1
1863,High,0.9,0.22,3,0.6,0.81,0.37,3,0.686,P1,Team_B,High,6
1864,High,0.9,0.49,3,0.61,0.79,0.96,3,0.667,P1,Team_B,High,4
1865,Low,0.3,0.26,1,0.88,0.85,0.85,4,0.29,P3,Team_C,Low,1
1866,Low,0.3,0.46,1,0.73,0.84,0.69,4,0.329,P3,Team_B,Low,1
1867,Low,0.3,0.07,4,0.83,0.88,0.91,2,0.203,P3,Team_B,Low,1
1868,Medium,0.6,0.79,4,0.87,0.66,0.94,2,0.468,P2,Team_A,Medium,2
1869,High,0.9,0.51,2,0.71,0.57,0.33,3,0.707,P1,Team_C,High,6
1870,Medium,0.6,0.12,4,0.83,0.79,0.78,2,0.455,P2,Team_B,Medium,2
1871,Medium,0.6,0.46,2,0.75,0.82,0.82,2,0.492,P2,Team_B,Medium,2
1872,Low,0.3,0.76,1,0.95,0.78,0.69,2,0.387,P3,Team_B,Low,1
1873,Low,0.3,0.79,1,0.65,0.25,0.56,5,0.519,P2,Team_C,Medium,2
1874,Low,0.3,0.43,2,0.9,0.71,0.85,4,0.289,P3,Team_C,Low,1
1875,Low,0.3,0.33,3,0.46,0.73,0.42,3,0.343,P3,Team_B,Low,1
1876,Low,0.3,0.26,3,0.76,0.68,0.44,3,0.342,P3,Team_B,Low,1
1877,Low,0.3,0.33,2,0.84,0.17,0.39,1,0.362,P3,Team_B,Low,1
1878,High,0.9,0.26,4,0.57,0.7,0.31,1,0.647,P2,Team_B,Medium,3
1879,Low,0.3,0.08,1,0.57,0.91,0.3,1,0.202,P3,Team_C,Low,1
1880,Medium,0.6,0.75,2,0.78,0.78,0.91,0,0.426,P2,Team_B,Medium,2
1881,High,0.9,0.64,1,0.76,0.84,0.46,4,0.707,P1,Team_B,High,6
1882,High,0.9,0.72,1,0.92,0.82,0.61,8,0.747,P1,Team_A,High,5
1883,Low,0.3,0.43,3,0.69,0.71,0.31,3,0.377,P3,Team_B,Low,1
1884,Medium,0.6,0.47,2,0.61,0.8,0.69,2,0.411,P3,Team_B,Low,1
1885,High,0.9,0.4,1,0.69,0.45,0.8,4,0.614,P2,Team_C,Medium,2
1886,Low,0.3,0.74,1,0.91,0.56,0.32,3,0.489,P2,Team_B,Medium,3
1887,High,0.9,0.1,3,0.62,0.71,0.71,4,0.488,P2,Team_B,Medium,2
1888,Low,0.3,0.38,4,0.65,0.67,0.7,2,0.304,P3,Team_C,Low,1
1889,Low,0.3,0.16,1,0.61,0.84,0.84,2,0.272,P3,Team_B,Low,1
1890,Medium,0.6,0.73,3,0.86,0.6,0.47,2,0.564,P2,Team_A,Medium,2
1891,Low,0.3,0.08,3,0.87,0.72,0.79,1,0.193,P3,Team_C,Low,1
1892,High,0.9,0.4,3,0.72,0.83,0.52,6,0.587,P2,Team_B,Medium,2
1893,Low,0.3,0.5,1,0.69,0.7,0.62,2,0.273,P3,Team_C,Low,1
1894,Low,0.3,0.31,1,0.86,0.69,0.49,5,0.308,P3,Team_B,Low,1
1895,Low,0.3,0.34,2,0.52,0.77,0.44,5,0.454,P2,Team_C,Medium,3
1896,Low,0.3,0.91,2,0.78,0.61,0.84,1,0.45,P2,Team_C,Medium,2
1897,Low,0.3,0.44,1,0.71,0.56,0.89,5,0.326,P3,Team_C,Low,1
1898,Medium,0.6,0.38,4,0.35,0.72,0.31,4,0.554,P2,Team_C,Medium,2
1899,Medium,0.6,0.52,4,0.76,0.41,0.68,2,0.5,P2,Team_C,Medium,2
1900,High,0.9,0.25,2,0.5,0.51,0.77,4,0.642,P2,Team_C,Medium,2
1901,Medium,0.6,0.46,4,0.84,0.57,0.55,6,0.596,P2,Team_C,Medium,3
1902,Medium,0.6,0.67,4,0.67,0.73,0.86,1,0.579,P2,Team_C,Medium,2
1903,High,0.9,0.6,2,0.8,0.69,1.0,7,0.61,P2,Team_A,Medium,2
1904,Medium,0.6,0.7,3,0.36,0.57,0.6,6,0.513,P2,Team_A,Medium,2
1905,Medium,0.6,0.37,4,0.58,0.85,0.53,1,0.451,P2,Team_B,Medium,3
1906,Low,0.3,0.02,3,0.83,0.3,0.4,1,0.402,P3,Team_C,Low,1
1907,High,0.9,0.19,1,0.57,0.42,0.49,2,0.659,P1,Team_C,High,4
1908,Medium,0.6,0.71,2,0.72,0.91,0.81,1,0.585,P2,Team_B,Medium,2
1909,Medium,0.6,0.16,4,0.57,0.5,0.41,2,0.476,P2,Team_C,Medium,2
1910,Low,0.3,0.74,1,0.46,0.42,0.7,1,0.385,P3,Team_C,Low,1
1911,Medium,0.6,0.42,1,0.79,0.84,0.48,1,0.467,P2,Team_B,Medium,3
1912,Low,0.3,0.69,1,0.47,0.59,0.59,1,0.462,P2,Team_B,Medium,2
1913,High,0.9,0.06,4,0.96,0.69,0.91,1,0.482,P2,Team_A,Medium,3
1914,Medium,0.6,0.3,2,0.9,0.8,0.62,3,0.417,P3,Team_B,Low,1
1915,Low,0.3,0.93,1,0.81,0.86,0.33,1,0.481,P2,Team_C,Medium,2
1916,High,0.9,0.28,3,0.77,0.75,0.36,3,0.682,P1,Team_B,High,6
1917,Low,0.3,0.16,1,0.69,0.65,0.96,3,0.235,P3,Team_B,Low,1
1918,Low,0.3,0.28,3,0.82,0.37,0.99,0,0.206,P3,Team_C,Low,1
1919,Medium,0.6,0.65,4,0.57,0.72,0.63,3,0.576,P2,Team_C,Medium,3
1920,Medium,0.6,0.66,3,0.68,0.72,0.37,3,0.538,P2,Team_A,Medium,2
1921,Low,0.3,0.52,3,0.97,0.8,0.36,1,0.38,P3,Team_C,Low,1
1922,High,0.9,0.59,1,0.49,0.8,0.76,3,0.742,P1,Team_B,High,4
1923,Medium,0.6,0.12,4,0.41,0.66,0.63,1,0.463,P2,Team_A,Medium,2
1924,Medium,0.6,0.62,2,0.71,0.69,0.43,1,0.557,P2,Team_C,Medium,3
1925,Low,0.3,0.58,4,0.58,0.77,0.59,3,0.423,P2,Team_C,Medium,2
1926,Medium,0.6,0.65,2,0.57,0.52,0.46,4,0.547,P2,Team_A,Medium,3
1927,Medium,0.6,0.78,1,0.52,0.89,0.78,3,0.55,P2,Team_B,Medium,3
1928,High,0.9,0.12,3,0.87,0.52,0.4,5,0.675,P1,Team_A,High,4
1929,Medium,0.6,0.65,4,0.6,0.98,0.82,6,0.517,P2,Team_B,Medium,3
1930,Low,0.3,0.93,3,0.64,0.35,0.43,4,0.582,P2,Team_C,Medium,2
1931,Low,0.3,0.48,1,0.77,0.82,0.49,2,0.304,P3,Team_C,Low,1
1932,Low,0.3,0.54,2,0.62,0.44,0.79,9,0.343,P3,Team_B,Low,1
1933,Low,0.3,0.56,3,0.53,0.49,0.98,4,0.358,P3,Team_C,Low,1
1934,Medium,0.6,0.26,4,0.69,0.78,0.76,4,0.429,P2,Team_B,Medium,2
1935,Medium,0.6,0.69,1,0.69,0.58,0.38,2,0.602,P2,Team_C,Medium,2
1936,Medium,0.6,0.44,3,0.9,0.56,0.87,2,0.474,P2,Team_A,Medium,2
1937,High,0.9,0.15,3,0.61,0.94,0.98,2,0.497,P2,Team_B,Medium,3
1938,Low,0.3,0.27,3,0.83,0.78,0.47,4,0.301,P3,Team_B,Low,1
1939,Low,0.3,0.25,1,0.76,0.57,0.42,4,0.246,P3,Team_C,Low,1
1940,Medium,0.6,0.18,1,0.7,0.42,0.67,4,0.499,P2,Team_C,Medium,2
1941,Medium,0.6,0.65,4,0.61,0.68,0.51,2,0.617,P2,Team_A,Medium,2
1942,Low,0.3,0.35,2,0.77,0.93,0.56,1,0.252,P3,Team_C,Low,1
1943,Low,0.3,0.7,4,0.89,0.55,0.91,2,0.403,P3,Team_B,Low,1
1944,High,0.9,0.7,1,0.49,0.81,0.64,6,0.733,P1,Team_B,High,4
1945,High,0.9,0.38,4,0.63,0.7,0.45,3,0.707,P1,Team_B,High,4
1946,Medium,0.6,0.68,4,0.8,0.76,0.59,3,0.499,P2,Team_B,Medium,3
1947,Low,0.3,0.21,1,0.8,0.16,0.7,6,0.398,P3,Team_C,Low,1
1948,Medium,0.6,0.6,1,0.74,0.7,0.41,5,0.561,P2,Team_A,Medium,3
1949,Medium,0.6,0.77,3,0.68,0.7,0.82,1,0.68,P1,Team_A,High,5
1950,Medium,0.6,0.58,4,0.69,0.82,0.72,4,0.443,P2,Team_B,Medium,2
1951,High,0.9,0.23,2,0.49,0.52,0.87,3,0.72,P1,Team_C,High,5
1952,Medium,0.6,0.3,1,0.88,0.84,0.74,6,0.429,P2,Team_B,Medium,3
1953,Medium,0.6,0.05,1,0.91,0.88,0.49,4,0.394,P3,Team_B,Low,1
1954,Low,0.3,0.25,3,0.76,0.87,0.77,5,0.265,P3,Team_B,Low,1
1955,Medium,0.6,0.76,2,0.83,0.41,0.63,2,0.622,P2,Team_A,Medium,2
1956,High,0.9,0.65,3,0.46,0.96,0.42,5,0.802,P1,Team_B,High,6
1957,Low,0.3,0.65,2,0.96,0.44,0.39,2,0.367,P3,Team_B,Low,1
1958,Medium,0.6,0.71,2,0.67,0.87,0.86,3,0.363,P3,Team_B,Low,1
1959,Medium,0.6,0.49,3,0.95,0.65,0.41,2,0.538,P2,Team_A,Medium,2
1960,High,0.9,0.3,2,0.81,0.55,0.88,2,0.636,P2,Team_A,Medium,3
1961,Low,0.3,0.54,4,0.82,0.53,0.85,3,0.322,P3,Team_B,Low,1
1962,Low,0.3,0.77,2,0.7,0.64,0.46,2,0.387,P3,Team_C,Low,1
1963,Medium,0.6,0.48,3,0.95,0.73,0.42,2,0.537,P2,Team_C,Medium,2
1964,Low,0.3,0.28,2,0.93,0.62,0.46,3,0.408,P3,Team_B,Low,1
1965,Medium,0.6,0.48,1,0.59,0.3,0.87,5,0.596,P2,Team_C,Medium,3
1966,High,0.9,0.36,1,0.68,0.93,0.82,0,0.627,P2,Team_B,Medium,2
1967,Medium,0.6,0.56,4,0.85,0.45,0.92,5,0.604,P2,Team_C,Medium,2
1968,High,0.9,0.36,4,0.73,0.59,0.93,3,0.596,P2,Team_C,Medium,2
1969,Medium,0.6,0.52,2,0.59,0.62,0.68,3,0.491,P2,Team_A,Medium,3
1970,Medium,0.6,0.87,3,0.94,0.55,0.52,3,0.663,P1,Team_A,High,5
1971,Low,0.3,0.4,3,0.82,0.35,0.69,2,0.315,P3,Team_B,Low,1
1972,Medium,0.6,0.31,2,0.84,0.63,0.58,4,0.569,P2,Team_A,Medium,3
1973,Low,0.3,0.04,1,0.78,0.77,0.92,5,0.338,P3,Team_C,Low,1
1974,Low,0.3,0.57,1,0.79,0.57,0.98,4,0.365,P3,Team_B,Low,1
1975,Medium,0.6,0.75,1,0.91,0.32,0.53,3,0.594,P2,Team_A,Medium,2
1976,Medium,0.6,0.85,1,0.79,0.83,0.79,4,0.644,P2,Team_B,Medium,2
1977,Low,0.3,0.29,2,0.71,0.94,0.45,2,0.304,P3,Team_B,Low,1
1978,Medium,0.6,0.4,1,0.47,0.76,0.71,4,0.564,P2,Team_B,Medium,3
1979,High,0.9,0.62,4,0.47,0.91,0.44,1,0.641,P2,Team_B,Medium,2
1980,Low,0.3,0.55,1,0.6,0.71,0.36,2,0.383,P3,Team_C,Low,1
1981,Medium,0.6,0.62,2,0.67,0.77,0.85,3,0.565,P2,Team_B,Medium,3
1982,Medium,0.6,0.34,1,0.55,0.67,0.82,0,0.441,P2,Team_A,Medium,3
1983,Medium,0.6,0.68,3,0.71,0.58,0.56,4,0.71,P1,Team_A,High,5
1984,High,0.9,0.71,1,0.7,0.84,0.93,1,0.594,P2,Team_B,Medium,3
1985,High,0.9,0.74,1,0.62,0.84,0.54,5,0.727,P1,Team_B,High,4
1986,Medium,0.6,0.08,3,0.71,0.66,0.42,5,0.42,P3,Team_C,Low,1
1987,Medium,0.6,0.77,4,0.64,0.89,0.73,3,0.481,P2,Team_B,Medium,3
1988,Low,0.3,0.73,2,0.86,0.69,0.48,0,0.387,P3,Team_B,Low,1
1989,Medium,0.6,0.44,2,0.93,0.87,0.44,5,0.572,P2,Team_B,Medium,3
1990,Medium,0.6,0.46,1,0.96,0.59,0.32,5,0.452,P2,Team_C,Medium,2
1991,Low,0.3,0.35,2,0.85,0.81,0.55,1,0.304,P3,Team_B,Low,1
1992,Medium,0.6,0.25,2,0.78,0.86,0.59,1,0.436,P2,Team_B,Medium,2
1993,High,0.9,0.23,2,0.9,0.9,0.49,4,0.613,P2,Team_A,Medium,2
1994,Medium,0.6,0.6,3,0.87,0.76,0.45,3,0.597,P2,Team_B,Medium,3
1995,Medium,0.6,0.71,1,0.84,0.74,0.37,5,0.641,P2,Team_A,Medium,2
1996,Low,0.3,0.33,2,0.43,0.68,0.63,5,0.263,P3,Team_B,Low,1
1997,Low,0.3,0.35,2,0.76,0.83,0.35,4,0.324,P3,Team_B,Low,1
1998,High,0.9,0.39,1,0.72,0.56,0.69,3,0.787,P1,Team_C,High,6
1999,Low,0.3,0.67,1,0.95,0.69,0.62,4,0.378,P3,Team_C,Low,1
2000,Medium,0.6,0.54,2,0.42,0.47,0.8,4,0.525,P2,Team_A,Medium,3
2001,Low,0.3,0.24,1,0.78,0.59,0.44,7,0.299,P3,Team_C,Low,1
2002,High,0.9,0.73,2,0.4,0.84,0.57,3,0.67,P1,Team_B,High,4
2003,Low,0.3,0.72,1,0.71,0.76,0.45,5,0.451,P2,Team_C,Medium,2
2004,Low,0.3,0.54,1,0.77,0.95,0.63,6,0.349,P3,Team_B,Low,1
2005,Medium,0.6,0.51,2,0.75,0.84,0.56,1,0.505,P2,Team_B,Medium,2
2006,Low,0.3,0.73,2,0.6,0.63,0.61,2,0.46,P2,Team_B,Medium,3
2007,High,0.9,0.48,4,0.85,0.44,0.63,3,0.705,P1,Team_A,High,5
2008,Medium,0.6,0.83,4,0.95,0.58,1.0,3,0.565,P2,Team_A,Medium,3
2009,Medium,0.6,0.32,2,0.75,0.85,0.33,2,0.438,P2,Team_B,Medium,3
2010,Medium,0.6,0.39,3,0.72,0.66,0.83,3,0.446,P2,Team_A,Medium,2
2011,Low,0.3,0.66,1,0.83,0.56,0.42,1,0.444,P2,Team_B,Medium,2
2012,Medium,0.6,0.16,3,0.66,0.45,0.53,2,0.547,P2,Team_A,Medium,2
2013,Medium,0.6,0.83,2,0.82,0.71,0.73,2,0.561,P2,Team_C,Medium,2
2014,Medium,0.6,0.62,2,0.72,0.83,0.99,5,0.51,P2,Team_B,Medium,3
2015,Medium,0.6,0.82,2,0.82,0.56,0.7,4,0.544,P2,Team_C,Medium,2
2016,Medium,0.6,0.81,3,0.74,0.72,0.86,5,0.503,P2,Team_A,Medium,2
2017,Medium,0.6,0.86,4,0.75,0.63,0.46,3,0.606,P2,Team_A,Medium,3
2018,Medium,0.6,0.42,3,0.54,0.44,0.34,2,0.399,P3,Team_A,Low,1
2019,Medium,0.6,0.88,2,0.83,0.84,0.96,5,0.621,P2,Team_B,Medium,2
2020,Low,0.3,0.46,1,0.67,0.4,0.55,2,0.311,P3,Team_C,Low,1
2021,High,0.9,0.18,1,0.67,0.86,0.62,4,0.598,P2,Team_B,Medium,3
2022,Medium,0.6,0.4,4,0.7,0.49,0.38,3,0.536,P2,Team_C,Medium,3
2023,Medium,0.6,0.71,4,0.61,0.89,0.44,4,0.535,P2,Team_B,Medium,2
2024,Medium,0.6,0.33,2,0.85,0.85,0.54,3,0.534,P2,Team_B,Medium,2
2025,Low,0.3,0.72,4,0.75,0.71,0.85,1,0.33,P3,Team_C,Low,1
2026,Medium,0.6,0.68,3,0.9,0.51,0.49,7,0.528,P2,Team_C,Medium,3
2027,Low,0.3,0.67,3,0.71,0.64,0.35,3,0.357,P3,Team_B,Low,1
2028,Low,0.3,0.42,1,0.7,0.76,0.45,2,0.354,P3,Team_C,Low,1
2029,High,0.9,0.5,1,0.63,0.58,0.81,6,0.727,P1,Team_C,High,4
2030,High,0.9,0.56,2,0.92,0.67,0.63,5,0.696,P1,Team_A,High,4
2031,Medium,0.6,0.51,4,0.76,0.57,0.94,4,0.521,P2,Team_A,Medium,3
2032,Low,0.3,0.5,2,0.95,0.51,0.38,4,0.525,P2,Team_B,Medium,3
2033,Low,0.3,0.62,1,0.76,0.86,0.47,5,0.451,P2,Team_B,Medium,3
2034,High,0.9,0.58,4,0.89,0.53,0.57,0,0.708,P1,Team_A,High,6
2035,Medium,0.6,0.66,4,0.7,0.77,0.99,3,0.515,P2,Team_B,Medium,2
2036,Medium,0.6,0.62,4,0.57,0.49,0.94,8,0.575,P2,Team_C,Medium,3
2037,Low,0.3,0.37,1,0.84,0.58,0.74,2,0.302,P3,Team_B,Low,1
2038,Low,0.3,0.67,3,0.96,0.65,0.65,1,0.339,P3,Team_C,Low,1
2039,High,0.9,0.67,4,0.99,0.52,0.39,3,0.766,P1,Team_A,High,6
2040,Low,0.3,0.4,1,0.7,0.74,0.52,2,0.37,P3,Team_B,Low,1
2041,Medium,0.6,0.5,4,0.6,0.59,0.32,5,0.459,P2,Team_A,Medium,3
2042,High,0.9,0.72,1,0.87,0.68,0.4,6,0.752,P1,Team_A,High,4
2043,Medium,0.6,0.43,1,0.82,0.69,0.34,4,0.556,P2,Team_C,Medium,3
2044,Low,0.3,0.17,3,0.53,0.92,0.66,6,0.273,P3,Team_B,Low,1
2045,Medium,0.6,0.72,4,0.55,0.75,0.36,2,0.531,P2,Team_B,Medium,2
2046,Medium,0.6,0.25,2,0.61,0.8,0.38,2,0.428,P2,Team_B,Medium,2
2047,Low,0.3,0.6,1,0.66,0.7,0.6,2,0.312,P3,Team_B,Low,1
2048,High,0.9,0.57,1,0.56,0.33,0.34,2,0.734,P1,Team_C,High,4
2049,Low,0.3,0.76,1,0.6,0.64,0.88,5,0.417,P3,Team_C,Low,1
2050,High,0.9,0.75,2,0.83,0.16,0.45,2,0.813,P1,Team_A,High,6
2051,Medium,0.6,0.47,4,0.81,0.76,0.61,4,0.419,P3,Team_B,Low,1
2052,Low,0.3,0.44,2,0.93,0.95,0.65,1,0.288,P3,Team_B,Low,1
2053,Low,0.3,0.39,1,0.39,0.76,0.75,7,0.402,P3,Team_B,Low,1
2054,High,0.9,0.28,2,0.31,0.77,0.95,2,0.661,P1,Team_B,High,5
2055,Medium,0.6,0.48,2,0.41,0.94,0.4,2,0.46,P2,Team_B,Medium,2
2056,Low,0.3,0.4,1,0.81,0.57,0.97,4,0.31,P3,Team_C,Low,1
2057,Medium,0.6,0.7,4,0.77,0.44,0.64,4,0.589,P2,Team_C,Medium,2
2058,Low,0.3,0.4,4,0.9,0.58,0.65,3,0.247,P3,Team_B,Low,1
2059,High,0.9,0.92,1,0.77,0.72,0.7,3,0.71,P1,Team_B,High,4
2060,Medium,0.6,0.35,1,0.61,0.6,0.62,2,0.531,P2,Team_C,Medium,2
2061,High,0.9,0.44,2,0.65,0.79,0.92,3,0.592,P2,Team_B,Medium,3
2062,High,0.9,0.45,3,0.47,0.62,0.51,2,0.623,P2,Team_C,Medium,3
2063,Low,0.3,0.07,3,0.68,0.48,0.73,3,0.141,P3,Team_B,Low,1
2064,High,0.9,0.14,3,0.75,0.5,0.57,0,0.643,P2,Team_C,Medium,3
2065,Low,0.3,0.65,4,0.89,0.43,0.85,2,0.33,P3,Team_C,Low,1
2066,Medium,0.6,0.21,3,0.74,0.58,0.57,6,0.507,P2,Team_A,Medium,2
2067,High,0.9,0.42,1,0.2,0.88,0.81,0,0.593,P2,Team_B,Medium,2
2068,Low,0.3,0.82,3,0.43,0.4,0.68,4,0.392,P3,Team_B,Low,1
2069,Medium,0.6,0.57,1,0.6,0.61,0.36,6,0.598,P2,Team_A,Medium,2
2070,Medium,0.6,0.68,1,0.69,0.69,0.41,2,0.556,P2,Team_A,Medium,3
2071,High,0.9,0.57,2,0.91,0.61,0.31,1,0.644,P2,Team_A,Medium,3
2072,Low,0.3,0.71,2,0.74,0.79,0.91,5,0.275,P3,Team_B,Low,1
2073,Low,0.3,0.38,4,0.84,0.51,0.84,0,0.361,P3,Team_B,Low,1
2074,Medium,0.6,0.37,1,0.47,0.8,0.53,2,0.526,P2,Team_B,Medium,3
2075,Medium,0.6,0.72,3,0.81,0.57,0.45,3,0.597,P2,Team_C,Medium,2
2076,Low,0.3,0.27,4,0.92,0.63,0.53,2,0.319,P3,Team_B,Low,1
2077,Medium,0.6,0.51,1,0.79,0.49,0.82,3,0.516,P2,Team_C,Medium,3
2078,Low,0.3,0.69,2,0.73,0.84,0.54,8,0.322,P3,Team_C,Low,1
2079,Medium,0.6,0.58,1,0.47,0.57,0.57,1,0.554,P2,Team_A,Medium,3
2080,High,0.9,0.07,4,0.52,0.77,0.63,3,0.607,P2,Team_B,Medium,3
2081,Medium,0.6,0.26,2,0.63,0.82,0.78,1,0.385,P3,Team_B,Low,1
2082,High,0.9,0.19,2,0.59,0.88,0.44,0,0.624,P2,Team_B,Medium,2
2083,Low,0.3,0.1,2,0.54,0.86,0.86,5,0.361,P3,Team_C,Low,1
2084,Medium,0.6,0.05,2,0.56,0.5,0.95,5,0.464,P2,Team_C,Medium,2
2085,Medium,0.6,0.65,2,0.94,0.65,0.96,1,0.458,P2,Team_C,Medium,2
2086,Low,0.3,0.33,3,0.62,0.52,0.43,2,0.347,P3,Team_B,Low,1
2087,Low,0.3,0.23,1,0.64,0.64,0.34,1,0.325,P3,Team_C,Low,1
2088,Medium,0.6,0.83,2,0.43,0.39,0.89,1,0.631,P2,Team_C,Medium,2
2089,Medium,0.6,0.44,3,0.8,0.68,0.61,3,0.36,P3,Team_A,Low,1
2090,Low,0.3,0.19,1,0.56,0.45,0.82,2,0.318,P3,Team_C,Low,1
2091,High,0.9,0.01,4,0.77,0.65,0.33,0,0.63,P2,Team_C,Medium,3
2092,Medium,0.6,0.49,3,0.94,0.8,0.6,2,0.554,P2,Team_B,Medium,3
2093,Medium,0.6,0.81,2,0.9,0.84,0.95,5,0.537,P2,Team_B,Medium,3
2094,Low,0.3,0.23,2,0.73,0.6,0.59,1,0.376,P3,Team_B,Low,1
2095,Medium,0.6,0.91,4,0.62,0.43,0.83,1,0.548,P2,Team_A,Medium,3
2096,Low,0.3,0.53,2,0.61,0.67,0.94,1,0.302,P3,Team_C,Low,1
2097,Low,0.3,0.33,2,0.57,0.29,0.36,0,0.291,P3,Team_B,Low,1
2098,Low,0.3,0.55,4,0.78,0.46,0.32,0,0.373,P3,Team_C,Low,1
2099,Low,0.3,0.55,2,0.75,0.91,0.45,7,0.457,P2,Team_C,Medium,2
2100,Low,0.3,0.63,2,0.57,0.48,0.86,4,0.336,P3,Team_B,Low,1
2101,High,0.9,0.57,3,0.94,0.23,0.94,3,0.628,P2,Team_A,Medium,2
2102,Medium,0.6,0.57,3,0.5,0.84,0.98,3,0.494,P2,Team_B,Medium,2
2103,Medium,0.6,0.66,1,0.7,0.71,0.91,3,0.449,P2,Team_A,Medium,3
2104,Medium,0.6,0.87,4,0.79,0.59,0.31,0,0.751,P1,Team_A,High,4
2105,Medium,0.6,0.1,3,0.43,0.67,0.68,9,0.433,P2,Team_A,Medium,2
2106,Low,0.3,0.69,1,0.76,0.15,0.5,3,0.48,P2,Team_C,Medium,3
2107,Low,0.3,0.38,3,0.76,0.71,0.71,4,0.326,P3,Team_C,Low,1
2108,Low,0.3,0.89,3,0.57,0.51,0.43,5,0.412,P3,Team_C,Low,1
2109,Low,0.3,0.34,1,0.85,0.77,0.42,2,0.312,P3,Team_B,Low,1
2110,High,0.9,0.11,4,0.71,0.66,0.78,3,0.561,P2,Team_C,Medium,2
2111,Medium,0.6,0.63,1,0.93,0.11,0.95,4,0.522,P2,Team_C,Medium,2
2112,Medium,0.6,0.62,4,0.68,0.92,0.33,4,0.446,P2,Team_B,Medium,2
2113,High,0.9,0.61,3,0.85,0.69,0.39,3,0.648,P2,Team_A,Medium,3
2114,High,0.9,0.79,1,0.81,0.46,0.89,2,0.774,P1,Team_A,High,5
2115,Medium,0.6,0.72,2,0.66,0.39,0.93,6,0.565,P2,Team_C,Medium,2
2116,Low,0.3,0.81,4,0.62,0.61,0.45,4,0.435,P2,Team_C,Medium,2
2117,Low,0.3,0.25,2,0.88,0.93,0.53,3,0.27,P3,Team_C,Low,1
2118,Low,0.3,0.63,3,0.68,0.59,0.8,2,0.32,P3,Team_C,Low,1
2119,Medium,0.6,0.56,1,0.56,0.67,0.84,2,0.543,P2,Team_A,Medium,2
2120,Low,0.3,0.89,2,0.89,0.64,0.58,3,0.352,P3,Team_C,Low,1
2121,High,0.9,0.34,3,0.42,0.53,0.39,1,0.765,P1,Team_C,High,5
2122,Medium,0.6,0.13,1,0.88,0.65,0.46,6,0.434,P2,Team_C,Medium,2
2123,Medium,0.6,0.06,3,0.81,0.93,0.96,5,0.439,P2,Team_B,Medium,3
2124,Medium,0.6,0.41,3,0.86,0.68,0.77,6,0.591,P2,Team_A,Medium,3
2125,Medium,0.6,0.69,3,0.61,0.78,0.66,1,0.482,P2,Team_B,Medium,3
2126,High,0.9,0.46,1,0.71,0.91,0.88,5,0.663,P1,Team_B,High,5
2127,High,0.9,0.47,1,0.6,0.59,0.84,4,0.685,P1,Team_C,High,5
2128,High,0.9,0.52,3,0.54,0.92,0.39,2,0.652,P1,Team_B,High,5
2129,High,0.9,0.41,2,0.94,0.3,0.43,3,0.752,P1,Team_A,High,4
2130,Low,0.3,0.46,2,0.91,0.5,0.87,1,0.362,P3,Team_B,Low,1
2131,Medium,0.6,0.48,2,0.82,0.84,0.77,6,0.471,P2,Team_B,Medium,3
2132,Low,0.3,0.36,2,0.62,0.95,0.77,0,0.264,P3,Team_B,Low,1
2133,Medium,0.6,0.47,1,0.75,0.94,0.5,3,0.519,P2,Team_B,Medium,3
2134,High,0.9,0.56,1,0.76,0.53,0.32,1,0.702,P1,Team_C,High,4
2135,Low,0.3,0.48,3,0.84,0.88,0.7,5,0.293,P3,Team_B,Low,1
2136,Medium,0.6,0.88,1,0.83,0.76,0.38,1,0.574,P2,Team_B,Medium,3
2137,Medium,0.6,0.27,1,0.75,0.76,0.46,5,0.556,P2,Team_B,Medium,3
2138,Low,0.3,0.78,1,0.8,0.32,0.32,3,0.442,P2,Team_C,Medium,2
2139,Low,0.3,0.61,1,0.79,0.72,0.51,2,0.359,P3,Team_B,Low,1
2140,Medium,0.6,0.39,2,0.42,0.59,0.64,3,0.441,P2,Team_A,Medium,2
2141,High,0.9,0.83,3,0.86,0.59,0.74,3,0.784,P1,Team_A,High,5
2142,Low,0.3,0.47,3,0.66,0.71,0.92,3,0.318,P3,Team_C,Low,1
2143,Low,0.3,0.22,4,0.86,0.6,0.79,4,0.368,P3,Team_C,Low,1
2144,High,0.9,0.46,1,0.62,0.92,0.59,1,0.544,P2,Team_B,Medium,2
2145,Low,0.3,0.31,3,0.33,0.66,0.58,2,0.401,P3,Team_B,Low,1
2146,Low,0.3,0.43,1,0.97,0.98,0.73,5,0.294,P3,Team_B,Low,1
2147,High,0.9,0.8,2,0.56,0.76,0.98,4,0.686,P1,Team_B,High,6
2148,Medium,0.6,0.87,2,0.91,0.59,0.59,0,0.576,P2,Team_A,Medium,3
2149,High,0.9,0.36,3,0.7,0.87,0.66,2,0.653,P1,Team_B,High,4
2150,High,0.9,0.18,3,0.77,0.59,0.53,1,0.71,P1,Team_C,High,4
2151,High,0.9,0.56,1,0.74,0.88,0.85,3,0.657,P1,Team_B,High,4
2152,Medium,0.6,0.47,3,0.53,0.4,0.95,4,0.513,P2,Team_A,Medium,3
2153,Low,0.3,0.72,4,0.59,0.88,0.34,4,0.271,P3,Team_C,Low,1
2154,Low,0.3,0.59,3,0.56,0.53,0.97,4,0.325,P3,Team_C,Low,1
2155,Medium,0.6,0.97,2,0.46,0.72,0.89,0,0.585,P2,Team_C,Medium,3
2156,Medium,0.6,0.55,1,0.89,0.87,0.75,2,0.511,P2,Team_B,Medium,3
2157,Low,0.3,0.44,1,0.51,0.71,0.76,4,0.331,P3,Team_B,Low,1
2158,High,0.9,0.37,4,0.71,0.58,0.42,5,0.657,P1,Team_C,High,5
2159,High,0.9,0.93,3,0.71,0.82,0.68,2,0.814,P1,Team_B,High,5
2160,High,0.9,0.23,2,0.85,0.72,0.88,2,0.54,P2,Team_A,Medium,2
2161,Low,0.3,0.13,1,0.59,0.73,0.41,5,0.402,P3,Team_C,Low,1
2162,Low,0.3,0.75,2,0.7,0.76,0.51,1,0.399,P3,Team_B,Low,1
2163,Medium,0.6,0.24,1,0.91,0.92,0.62,0,0.391,P3,Team_B,Low,1
2164,Low,0.3,0.15,1,0.5,0.6,0.83,3,0.29,P3,Team_C,Low,1
2165,High,0.9,0.8,1,0.73,0.85,0.39,6,0.834,P1,Team_B,High,4
2166,Medium,0.6,0.94,4,0.71,0.9,0.44,3,0.642,P2,Team_B,Medium,2
2167,High,0.9,0.58,2,0.83,0.94,0.34,4,0.733,P1,Team_A,High,4
2168,Low,0.3,0.1,3,0.46,0.48,0.3,3,0.273,P3,Team_B,Low,1
2169,Medium,0.6,0.69,2,0.72,0.85,0.82,4,0.519,P2,Team_B,Medium,2
2170,Low,0.3,0.25,1,0.57,0.49,0.74,2,0.226,P3,Team_B,Low,1
2171,High,0.9,0.52,4,0.55,0.74,0.52,4,0.73,P1,Team_B,High,5
2172,Medium,0.6,0.47,1,0.95,0.82,0.55,2,0.442,P2,Team_B,Medium,2
2173,Medium,0.6,0.6,4,0.45,0.86,0.7,0,0.502,P2,Team_B,Medium,2
2174,Low,0.3,0.12,1,0.81,0.56,0.52,1,0.287,P3,Team_B,Low,1
2175,High,0.9,0.31,3,0.61,0.41,0.31,3,0.669,P1,Team_C,High,6
2176,Medium,0.6,0.84,2,0.72,0.71,0.56,5,0.612,P2,Team_C,Medium,2
2177,Low,0.3,0.35,2,0.7,0.81,0.78,2,0.24,P3,Team_C,Low,1
2178,Medium,0.6,0.61,2,0.88,0.95,0.43,2,0.487,P2,Team_B,Medium,3
2179,High,0.9,0.75,4,0.71,0.91,0.89,5,0.722,P1,Team_B,High,6
2180,High,0.9,0.82,4,0.73,0.71,0.94,4,0.689,P1,Team_B,High,4
2181,High,0.9,0.84,3,0.76,0.57,0.35,3,0.843,P1,Team_C,High,6
2182,Medium,0.6,0.91,4,0.72,0.63,0.99,2,0.541,P2,Team_C,Medium,2
2183,Medium,0.6,0.79,2,0.81,0.5,0.94,1,0.602,P2,Team_A,Medium,2
2184,Medium,0.6,0.47,1,0.95,0.83,0.64,5,0.561,P2,Team_B,Medium,3
2185,High,0.9,0.46,3,0.49,0.6,0.92,2,0.709,P1,Team_C,High,4
2186,High,0.9,0.92,3,0.52,0.61,0.93,4,0.762,P1,Team_C,High,5
2187,Low,0.3,0.27,4,0.83,0.87,0.93,3,0.182,P3,Team_C,Low,1
2188,Medium,0.6,0.47,3,0.76,0.67,0.59,5,0.469,P2,Team_A,Medium,2
2189,High,0.9,0.64,3,0.86,0.67,0.96,2,0.677,P1,Team_A,High,5
2190,Low,0.3,0.54,3,0.49,0.78,0.63,4,0.377,P3,Team_B,Low,1
2191,Low,0.3,0.5,2,0.64,0.79,0.51,4,0.338,P3,Team_B,Low,1
2192,High,0.9,0.89,4,0.91,0.78,0.33,4,0.739,P1,Team_A,High,5
2193,High,0.9,0.62,4,0.68,0.73,0.65,5,0.651,P1,Team_B,High,5
2194,Low,0.3,0.59,4,0.62,0.62,0.58,3,0.528,P2,Team_C,Medium,3
2195,Low,0.3,0.59,3,0.83,0.77,0.66,3,0.338,P3,Team_B,Low,1
2196,Medium,0.6,0.81,1,0.63,0.91,0.87,5,0.541,P2,Team_B,Medium,2
2197,High,0.9,0.64,3,0.82,0.26,0.88,3,0.689,P1,Team_A,High,5
2198,Low,0.3,0.21,3,0.71,0.75,0.93,4,0.402,P3,Team_B,Low,1
2199,Low,0.3,0.76,3,0.53,0.49,0.48,3,0.463,P2,Team_C,Medium,3
2200,High,0.9,0.5,4,0.66,0.48,0.78,2,0.653,P1,Team_C,High,5
2201,High,0.9,0.45,3,0.57,0.69,0.31,4,0.725,P1,Team_C,High,4
2202,Low,0.3,0.41,4,0.75,0.74,0.96,5,0.235,P3,Team_B,Low,1
2203,Low,0.3,0.66,4,0.88,0.77,0.88,4,0.364,P3,Team_B,Low,1
2204,Medium,0.6,0.79,4,0.65,0.52,0.36,5,0.594,P2,Team_C,Medium,2
2205,Medium,0.6,0.58,1,0.52,0.88,0.66,6,0.492,P2,Team_B,Medium,3
2206,Low,0.3,0.82,4,0.81,0.39,0.38,3,0.549,P2,Team_C,Medium,3
2207,Medium,0.6,0.52,3,0.85,0.68,0.84,1,0.532,P2,Team_C,Medium,3
2208,High,0.9,0.63,3,0.49,0.81,0.72,3,0.611,P2,Team_B,Medium,3
2209,Low,0.3,0.46,1,0.66,0.45,0.84,2,0.388,P3,Team_C,Low,1
2210,Medium,0.6,0.33,3,0.65,0.68,0.84,5,0.542,P2,Team_A,Medium,3
2211,Low,0.3,0.29,2,0.66,0.7,0.86,2,0.339,P3,Team_C,Low,1
2212,High,0.9,0.31,1,0.57,0.79,0.39,2,0.708,P1,Team_B,High,5
2213,High,0.9,0.23,1,0.77,0.48,0.58,4,0.638,P2,Team_C,Medium,2
2214,Low,0.3,0.74,1,0.91,0.33,0.67,2,0.504,P2,Team_B,Medium,3
2215,Medium,0.6,0.5,1,0.85,0.48,0.34,4,0.511,P2,Team_A,Medium,3
2216,Low,0.3,0.6,4,0.85,0.82,0.79,3,0.497,P2,Team_B,Medium,3
2217,Medium,0.6,0.88,4,0.65,0.89,0.35,5,0.533,P2,Team_B,Medium,2
2218,Medium,0.6,0.84,2,0.71,0.45,0.75,2,0.604,P2,Team_A,Medium,3
2219,Medium,0.6,0.75,4,0.56,0.29,0.7,3,0.598,P2,Team_C,Medium,3
2220,Medium,0.6,0.58,4,0.35,0.81,0.96,3,0.434,P2,Team_B,Medium,2
2221,Medium,0.6,0.23,4,0.52,0.59,0.78,2,0.423,P2,Team_A,Medium,2
2222,High,0.9,0.31,4,0.89,0.62,0.51,4,0.682,P1,Team_A,High,5
2223,Medium,0.6,0.54,3,0.77,0.41,0.79,3,0.575,P2,Team_A,Medium,3
2224,Low,0.3,0.56,3,0.29,0.88,0.34,4,0.351,P3,Team_B,Low,1
2225,Medium,0.6,0.42,3,0.81,0.37,0.35,3,0.564,P2,Team_C,Medium,3
2226,Low,0.3,0.57,2,0.75,0.63,0.77,2,0.392,P3,Team_C,Low,1
2227,High,0.9,0.53,2,0.72,0.89,0.87,0,0.618,P2,Team_B,Medium,2
2228,Low,0.3,0.73,2,0.61,0.69,0.59,3,0.336,P3,Team_B,Low,1
2229,Medium,0.6,0.64,2,0.68,0.77,0.72,4,0.535,P2,Team_B,Medium,3
2230,Medium,0.6,0.74,4,0.46,0.86,0.38,4,0.628,P2,Team_B,Medium,3
2231,High,0.9,0.12,2,0.81,0.52,0.91,3,0.581,P2,Team_A,Medium,2
2232,Low,0.3,0.34,2,0.8,0.48,0.59,2,0.344,P3,Team_B,Low,1
2233,Low,0.3,0.42,4,0.9,0.39,0.61,4,0.264,P3,Team_C,Low,1
2234,Low,0.3,0.39,3,0.65,0.45,0.39,3,0.329,P3,Team_C,Low,1
2235,High,0.9,0.15,4,0.79,0.56,0.85,6,0.578,P2,Team_C,Medium,3
2236,Low,0.3,0.46,1,0.67,0.9,0.56,3,0.323,P3,Team_C,Low,1
2237,High,0.9,0.48,1,0.64,0.77,0.68,6,0.67,P1,Team_B,High,5
2238,Medium,0.6,0.52,1,0.86,0.9,0.65,2,0.524,P2,Team_B,Medium,2
2239,Medium,0.6,0.02,2,0.88,0.93,0.71,3,0.42,P2,Team_B,Medium,3
2240,Low,0.3,0.06,4,0.81,0.54,0.91,4,0.229,P3,Team_C,Low,1
2241,Low,0.3,0.43,2,0.91,0.35,0.46,4,0.364,P3,Team_B,Low,1
2242,Low,0.3,0.48,1,0.89,0.98,0.71,3,0.267,P3,Team_C,Low,1
2243,High,0.9,0.4,2,0.69,0.81,0.8,5,0.59,P2,Team_B,Medium,2
2244,Medium,0.6,0.69,2,0.93,0.88,0.7,4,0.49,P2,Team_B,Medium,2
2245,Medium,0.6,0.4,2,0.54,0.28,0.91,1,0.596,P2,Team_C,Medium,2
2246,High,0.9,0.55,2,0.91,0.39,0.52,4,0.701,P1,Team_A,High,4
2247,High,0.9,0.48,3,0.78,0.86,0.79,0,0.527,P2,Team_B,Medium,2
2248,High,0.9,0.92,3,0.47,0.55,0.46,3,0.78,P1,Team_C,High,5
2249,Medium,0.6,0.4,1,0.72,0.55,0.96,9,0.506,P2,Team_C,Medium,2
2250,Low,0.3,0.47,4,0.53,0.62,0.97,3,0.347,P3,Team_C,Low,1
2251,Low,0.3,0.66,3,0.92,0.91,0.64,1,0.381,P3,Team_C,Low,1
2252,Medium,0.6,0.07,4,0.5,0.95,0.92,9,0.431,P2,Team_B,Medium,3
2253,Medium,0.6,0.74,4,0.79,0.77,0.62,3,0.586,P2,Team_B,Medium,2
2254,High,0.9,0.21,4,0.63,0.89,0.5,5,0.623,P2,Team_B,Medium,3
2255,Low,0.3,0.57,4,0.94,0.8,0.92,5,0.364,P3,Team_B,Low,1
2256,Low,0.3,0.69,1,0.87,0.49,0.78,2,0.327,P3,Team_C,Low,1
2257,High,0.9,0.32,4,0.23,0.92,0.95,3,0.638,P2,Team_B,Medium,2
2258,Medium,0.6,0.19,4,0.53,0.89,0.33,4,0.526,P2,Team_B,Medium,2
2259,High,0.9,0.31,4,0.78,0.82,0.44,0,0.625,P2,Team_B,Medium,2
2260,Low,0.3,0.58,3,0.63,0.75,0.67,2,0.328,P3,Team_C,Low,1
2261,Medium,0.6,0.15,3,0.62,0.48,0.87,4,0.403,P3,Team_C,Low,1
2262,High,0.9,0.8,4,0.86,0.82,0.76,5,0.671,P1,Team_A,High,4
2263,High,0.9,0.2,2,0.72,0.23,0.45,3,0.633,P2,Team_C,Medium,2
2264,Medium,0.6,0.64,4,0.54,0.97,0.52,0,0.393,P3,Team_B,Low,1
2265,High,0.9,0.43,2,0.73,0.67,0.72,2,0.616,P2,Team_C,Medium,2
2266,High,0.9,0.41,2,0.85,0.8,0.87,6,0.703,P1,Team_A,High,4
2267,High,0.9,0.7,1,0.7,0.81,0.33,2,0.713,P1,Team_B,High,4
2268,Low,0.3,0.83,4,0.63,0.94,0.44,0,0.474,P2,Team_C,Medium,3
2269,Medium,0.6,0.36,1,0.9,0.38,0.8,4,0.492,P2,Team_C,Medium,2
2270,Medium,0.6,0.27,2,0.68,0.82,0.84,9,0.567,P2,Team_B,Medium,2
2271,High,0.9,0.43,3,0.86,0.75,0.73,2,0.692,P1,Team_A,High,5
2272,Medium,0.6,0.16,4,0.9,0.58,0.46,2,0.427,P2,Team_C,Medium,2
2273,Medium,0.6,0.48,1,0.36,0.76,0.32,5,0.521,P2,Team_B,Medium,2
2274,Medium,0.6,0.65,4,0.76,0.5,0.94,5,0.59,P2,Team_A,Medium,2
2275,Low,0.3,0.33,4,0.72,0.85,0.56,5,0.381,P3,Team_C,Low,1
2276,Medium,0.6,0.42,3,0.82,0.57,0.48,4,0.525,P2,Team_C,Medium,3
2277,Medium,0.6,0.54,2,0.59,0.58,0.31,4,0.594,P2,Team_A,Medium,3
2278,High,0.9,0.32,3,0.59,0.74,0.51,4,0.655,P1,Team_B,High,4
2279,Low,0.3,0.39,3,0.98,0.5,0.59,5,0.299,P3,Team_C,Low,1
2280,Medium,0.6,0.79,2,0.79,0.27,0.57,1,0.59,P2,Team_A,Medium,3
2281,Low,0.3,0.42,3,0.82,0.8,0.89,4,0.321,P3,Team_B,Low,1
2282,High,0.9,0.74,4,0.71,0.19,0.81,3,0.757,P1,Team_C,High,5
2283,High,0.9,0.83,4,0.63,0.21,0.31,2,0.833,P1,Team_C,High,4
2284,High,0.9,0.41,3,0.74,0.58,0.8,1,0.57,P2,Team_C,Medium,3
2285,High,0.9,0.12,1,0.35,0.37,0.73,3,0.674,P1,Team_C,High,4
2286,High,0.9,0.56,2,0.7,0.26,0.74,5,0.774,P1,Team_C,High,4
2287,High,0.9,0.46,3,0.71,0.89,0.79,4,0.648,P2,Team_B,Medium,3
2288,Low,0.3,0.23,4,0.66,0.73,0.72,5,0.262,P3,Team_B,Low,1
2289,Low,0.3,0.94,2,0.77,0.89,0.37,4,0.372,P3,Team_B,Low,1
2290,Low,0.3,0.44,4,0.52,0.67,0.45,2,0.256,P3,Team_B,Low,1
2291,Medium,0.6,0.84,2,0.57,0.65,0.56,0,0.508,P2,Team_C,Medium,2
2292,High,0.9,0.69,4,0.66,0.79,0.55,3,0.675,P1,Team_B,High,5
2293,Medium,0.6,0.41,1,0.47,0.4,0.71,5,0.526,P2,Team_C,Medium,3
2294,High,0.9,0.39,2,0.61,0.85,0.32,4,0.776,P1,Team_B,High,6
2295,Low,0.3,0.89,1,0.61,0.68,0.89,3,0.463,P2,Team_B,Medium,3
2296,High,0.9,0.63,2,0.47,0.68,0.91,1,0.704,P1,Team_C,High,4
2297,Low,0.3,0.24,2,0.54,0.71,0.65,7,0.41,P3,Team_C,Low,1
2298,Low,0.3,0.38,3,0.54,0.58,0.62,3,0.341,P3,Team_C,Low,1
2299,Medium,0.6,0.72,2,0.37,0.3,0.67,3,0.476,P2,Team_C,Medium,3
2300,High,0.9,0.13,2,0.61,0.68,0.64,4,0.667,P1,Team_C,High,4
2301,Low,0.3,0.84,2,0.83,0.82,0.84,6,0.422,P2,Team_B,Medium,2
2302,High,0.9,0.52,2,0.79,0.63,0.79,9,0.816,P1,Team_C,High,5
2303,Low,0.3,0.56,1,0.58,0.74,0.45,3,0.317,P3,Team_C,Low,1
2304,Low,0.3,0.07,4,0.66,0.57,0.75,2,0.128,P3,Team_C,Low,1
2305,Low,0.3,0.75,3,0.61,0.46,0.66,4,0.456,P2,Team_C,Medium,3
2306,Low,0.3,0.43,2,0.47,0.68,0.89,3,0.209,P3,Team_C,Low,1
2307,Medium,0.6,0.73,4,0.57,0.67,0.77,1,0.615,P2,Team_C,Medium,2
2308,Medium,0.6,0.79,3,0.39,0.65,0.8,1,0.549,P2,Team_A,Medium,3
2309,High,0.9,0.36,1,0.64,0.75,0.76,1,0.579,P2,Team_B,Medium,2
2310,Medium,0.6,0.28,2,0.68,0.45,0.74,5,0.548,P2,Team_C,Medium,3
2311,Low,0.3,0.16,1,0.72,0.72,0.88,5,0.313,P3,Team_C,Low,1
2312,Medium,0.6,0.42,1,0.36,0.79,0.98,0,0.455,P2,Team_B,Medium,2
2313,High,0.9,0.1,1,0.55,0.7,0.34,5,0.645,P2,Team_B,Medium,2
2314,High,0.9,0.39,4,0.5,0.65,0.39,2,0.689,P1,Team_C,High,6
2315,Medium,0.6,0.17,2,0.66,0.67,0.46,2,0.53,P2,Team_A,Medium,3
2316,Medium,0.6,0.49,1,0.93,0.41,0.7,2,0.515,P2,Team_C,Medium,3
2317,Medium,0.6,0.42,4,0.5,0.37,0.39,1,0.538,P2,Team_C,Medium,3
2318,High,0.9,0.36,4,0.91,0.48,0.52,4,0.639,P2,Team_A,Medium,2
2319,Medium,0.6,0.45,4,0.89,0.46,0.6,3,0.542,P2,Team_A,Medium,3
2320,Medium,0.6,0.52,3,0.86,0.66,1.0,4,0.524,P2,Team_A,Medium,3
2321,High,0.9,0.38,1,0.52,0.57,0.61,1,0.654,P1,Team_C,High,4
2322,Low,0.3,0.51,3,0.76,0.88,0.66,4,0.38,P3,Team_C,Low,1
2323,High,0.9,0.23,2,0.65,0.58,0.66,4,0.706,P1,Team_C,High,4
2324,Medium,0.6,0.1,3,0.61,0.51,0.5,2,0.419,P3,Team_C,Low,1
2325,Medium,0.6,0.43,4,0.8,0.33,0.39,2,0.54,P2,Team_A,Medium,2
2326,Low,0.3,0.34,3,0.81,0.46,0.74,3,0.318,P3,Team_B,Low,1
2327,High,0.9,0.68,3,0.73,0.73,0.7,2,0.645,P2,Team_B,Medium,2
2328,High,0.9,0.83,3,0.77,0.66,0.54,4,0.724,P1,Team_C,High,5
2329,Low,0.3,0.59,4,0.59,0.58,0.75,3,0.318,P3,Team_B,Low,1
2330,Medium,0.6,0.35,3,0.84,0.77,0.85,3,0.445,P2,Team_B,Medium,3
2331,Low,0.3,0.78,4,0.78,0.9,0.65,5,0.371,P3,Team_C,Low,1
2332,Low,0.3,0.3,2,0.61,0.72,0.78,2,0.361,P3,Team_B,Low,1
2333,Low,0.3,0.12,3,0.52,0.88,0.89,3,0.266,P3,Team_B,Low,1
2334,High,0.9,0.16,3,0.77,0.64,0.46,1,0.54,P2,Team_C,Medium,3
2335,High,0.9,0.79,4,0.26,0.54,0.81,4,0.741,P1,Team_C,High,6
2336,Low,0.3,0.63,1,0.91,0.78,0.43,4,0.284,P3,Team_B,Low,1
2337,High,0.9,0.46,2,0.43,0.57,0.31,4,0.765,P1,Team_C,High,4
2338,Medium,0.6,0.28,2,0.9,0.7,0.94,2,0.413,P3,Team_A,Low,1
2339,Low,0.3,0.22,4,0.93,0.65,0.8,2,0.162,P3,Team_B,Low,1
2340,High,0.9,0.45,3,0.99,0.88,0.69,3,0.648,P2,Team_A,Medium,3
2341,Low,0.3,0.38,2,0.61,0.39,0.68,3,0.297,P3,Team_B,Low,1
2342,Low,0.3,0.51,1,0.96,0.92,0.64,3,0.293,P3,Team_B,Low,1
2343,Medium,0.6,0.49,3,0.69,0.63,0.86,4,0.455,P2,Team_C,Medium,2
2344,Low,0.3,0.56,1,0.7,0.55,0.8,2,0.377,P3,Team_B,Low,1
2345,High,0.9,0.61,3,0.92,0.79,0.66,1,0.697,P1,Team_A,High,5
2346,High,0.9,0.29,1,0.87,0.77,0.68,7,0.671,P1,Team_A,High,6
2347,High,0.9,0.75,4,0.79,0.76,0.32,1,0.71,P1,Team_B,High,5
2348,High,0.9,0.72,3,0.76,0.54,1.0,4,0.713,P1,Team_C,High,6
2349,Low,0.3,0.48,2,0.64,0.83,0.88,2,0.309,P3,Team_C,Low,1
2350,Medium,0.6,0.59,2,0.69,0.51,0.88,0,0.527,P2,Team_A,Medium,2
2351,High,0.9,0.83,2,0.77,0.29,0.94,2,0.861,P1,Team_C,High,6
2352,Low,0.3,0.67,1,0.66,0.73,0.76,2,0.442,P2,Team_B,Medium,2
2353,Low,0.3,0.39,4,0.71,0.77,0.76,5,0.38,P3,Team_C,Low,1
2354,Medium,0.6,0.69,3,0.91,0.59,0.76,1,0.494,P2,Team_A,Medium,2
2355,Low,0.3,0.33,3,0.81,0.82,0.94,3,0.324,P3,Team_B,Low,1
2356,Medium,0.6,0.25,4,0.49,0.22,0.81,6,0.563,P2,Team_A,Medium,3
2357,Low,0.3,0.38,4,0.84,0.94,0.94,2,0.196,P3,Team_C,Low,1
2358,High,0.9,0.51,1,0.75,0.85,0.6,2,0.679,P1,Team_B,High,4
2359,Low,0.3,0.14,2,0.89,0.66,0.59,0,0.319,P3,Team_C,Low,1
2360,Medium,0.6,0.78,3,0.54,0.64,0.81,1,0.635,P2,Team_C,Medium,2
2361,Medium,0.6,0.79,3,0.38,0.39,0.74,3,0.592,P2,Team_A,Medium,2
2362,High,0.9,0.36,2,0.74,0.9,0.74,4,0.618,P2,Team_B,Medium,2
2363,Low,0.3,0.8,4,0.93,0.63,0.48,4,0.506,P2,Team_B,Medium,2
2364,Medium,0.6,0.54,2,0.66,0.83,0.95,1,0.425,P2,Team_B,Medium,3
2365,Medium,0.6,0.72,1,0.76,0.49,0.93,5,0.463,P2,Team_C,Medium,3
2366,Medium,0.6,0.2,3,0.77,0.87,0.96,3,0.404,P3,Team_B,Low,1
2367,Medium,0.6,0.24,3,0.84,0.44,0.94,4,0.553,P2,Team_A,Medium,2
2368,Medium,0.6,0.21,2,0.49,0.32,0.84,3,0.431,P2,Team_C,Medium,3
2369,Medium,0.6,0.18,3,0.75,0.78,0.58,4,0.52,P2,Team_B,Medium,3
2370,Low,0.3,0.45,1,0.93,0.73,0.61,5,0.344,P3,Team_C,Low,1
2371,Medium,0.6,0.75,4,0.71,0.89,0.61,2,0.536,P2,Team_B,Medium,3
2372,Medium,0.6,0.33,2,0.73,0.66,0.84,4,0.444,P2,Team_C,Medium,3
2373,High,0.9,0.4,1,0.9,0.62,0.7,1,0.627,P2,Team_A,Medium,2
2374,Low,0.3,0.17,2,0.79,0.95,0.75,3,0.304,P3,Team_C,Low,1
2375,Medium,0.6,0.19,3,0.86,0.84,0.68,4,0.445,P2,Team_B,Medium,3
2376,High,0.9,0.64,3,0.8,0.63,0.59,3,0.802,P1,Team_A,High,6
2377,Low,0.3,0.58,4,0.47,0.75,0.37,2,0.45,P2,Team_B,Medium,3
2378,Low,0.3,0.39,4,0.88,0.53,0.64,6,0.438,P2,Team_B,Medium,3
2379,High,0.9,0.89,3,0.47,0.88,0.81,3,0.683,P1,Team_B,High,6
2380,Medium,0.6,0.25,3,0.88,0.86,0.86,0,0.396,P3,Team_B,Low,1
2381,Medium,0.6,0.17,1,0.76,0.69,0.58,5,0.532,P2,Team_C,Medium,2
2382,Medium,0.6,0.16,3,0.65,0.8,0.51,4,0.476,P2,Team_B,Medium,3
2383,Medium,0.6,0.61,2,0.58,0.66,0.59,3,0.587,P2,Team_C,Medium,2
2384,Medium,0.6,0.32,2,0.77,0.71,0.38,5,0.446,P2,Team_C,Medium,2
2385,Low,0.3,0.17,2,0.79,0.46,0.3,0,0.327,P3,Team_B,Low,1
2386,Low,0.3,0.14,2,0.74,0.43,0.92,2,0.238,P3,Team_B,Low,1
2387,Low,0.3,0.69,2,0.81,0.9,0.89,2,0.263,P3,Team_C,Low,1
2388,Medium,0.6,0.98,4,0.93,0.34,0.56,8,0.733,P1,Team_A,High,6
2389,Medium,0.6,0.79,4,0.79,0.4,0.66,5,0.571,P2,Team_A,Medium,2
2390,Medium,0.6,0.44,4,0.68,0.8,0.31,2,0.515,P2,Team_B,Medium,2
2391,Medium,0.6,0.06,4,0.41,0.81,0.34,1,0.439,P2,Team_B,Medium,2
2392,Low,0.3,0.53,2,0.63,0.62,0.63,3,0.283,P3,Team_C,Low,1
2393,Medium,0.6,0.62,3,0.97,0.53,0.54,2,0.565,P2,Team_C,Medium,2
2394,Low,0.3,0.2,1,0.63,0.83,0.31,2,0.183,P3,Team_B,Low,1
2395,Medium,0.6,0.19,2,0.92,0.61,0.75,2,0.404,P3,Team_A,Low,1
2396,Medium,0.6,0.31,3,0.64,0.95,0.55,1,0.441,P2,Team_B,Medium,2
2397,Medium,0.6,0.5,4,0.84,0.16,0.44,2,0.488,P2,Team_A,Medium,2
2398,Medium,0.6,0.52,3,0.3,0.62,0.85,3,0.544,P2,Team_C,Medium,2
2399,Medium,0.6,0.7,4,0.85,0.81,0.81,3,0.522,P2,Team_B,Medium,2
2400,Low,0.3,0.89,1,0.34,0.56,0.55,2,0.545,P2,Team_B,Medium,2
2401,High,0.9,0.42,3,0.49,0.55,0.68,0,0.666,P1,Team_C,High,4
2402,Medium,0.6,0.67,3,0.79,0.57,0.78,4,0.455,P2,Team_C,Medium,2
2403,Medium,0.6,0.04,4,0.81,0.59,0.42,2,0.448,P2,Team_C,Medium,3
2404,High,0.9,0.29,2,0.68,0.81,0.91,3,0.619,P2,Team_B,Medium,3
2405,Medium,0.6,0.19,4,0.68,0.32,0.35,3,0.451,P2,Team_C,Medium,2
2406,Medium,0.6,0.5,4,0.75,0.92,0.97,3,0.428,P2,Team_B,Medium,3
2407,High,0.9,0.6,1,0.95,0.39,0.65,2,0.741,P1,Team_A,High,5
2408,High,0.9,0.72,4,0.57,0.61,0.9,8,0.815,P1,Team_C,High,5
2409,Medium,0.6,0.22,2,0.59,0.68,0.36,2,0.465,P2,Team_A,Medium,3
2410,High,0.9,0.72,2,0.71,0.59,0.48,3,0.772,P1,Team_C,High,6
2411,High,0.9,0.49,2,0.43,0.83,0.45,4,0.671,P1,Team_B,High,5
2412,Low,0.3,0.45,4,0.41,0.92,0.62,3,0.333,P3,Team_C,Low,1
2413,Medium,0.6,0.43,1,0.99,0.4,0.68,5,0.526,P2,Team_A,Medium,2
2414,Medium,0.6,0.54,2,0.55,0.46,0.77,3,0.432,P2,Team_C,Medium,2
2415,High,0.9,0.49,1,0.78,0.84,0.5,2,0.651,P1,Team_B,High,5
2416,Medium,0.6,0.65,4,0.68,0.67,0.69,2,0.495,P2,Team_C,Medium,3
2417,Medium,0.6,0.08,3,0.7,0.76,0.54,2,0.477,P2,Team_B,Medium,3
2418,Low,0.3,0.07,4,0.79,0.83,0.97,0,0.153,P3,Team_B,Low,1
2419,High,0.9,0.39,2,0.69,0.96,0.56,0,0.615,P2,Team_B,Medium,2
2420,High,0.9,0.62,3,0.56,0.75,0.42,2,0.778,P1,Team_B,High,6
2421,Medium,0.6,0.54,2,0.68,0.85,1.0,2,0.558,P2,Team_B,Medium,3
2422,Low,0.3,0.54,4,0.77,0.78,0.88,1,0.243,P3,Team_C,Low,1
2423,Medium,0.6,0.8,4,0.63,0.62,0.33,5,0.562,P2,Team_A,Medium,3
2424,Low,0.3,0.67,4,0.83,0.76,0.93,3,0.355,P3,Team_C,Low,1
2425,Low,0.3,0.61,4,0.69,0.6,0.32,5,0.41,P3,Team_B,Low,1
2426,Low,0.3,0.38,2,0.75,0.95,0.87,2,0.219,P3,Team_C,Low,1
2427,High,0.9,0.46,2,0.63,0.54,0.7,5,0.704,P1,Team_C,High,5
2428,Low,0.3,0.53,2,0.4,0.5,0.34,3,0.425,P2,Team_B,Medium,3
2429,High,0.9,0.49,2,0.86,0.94,0.73,5,0.53,P2,Team_A,Medium,3
2430,Low,0.3,0.78,2,0.59,0.8,0.51,3,0.382,P3,Team_C,Low,1
2431,Low,0.3,0.41,1,0.89,0.86,0.49,5,0.291,P3,Team_B,Low,1
2432,Medium,0.6,0.61,3,0.69,0.6,0.88,4,0.52,P2,Team_A,Medium,3
2433,Low,0.3,0.87,4,0.56,0.74,0.9,2,0.437,P2,Team_C,Medium,3
2434,Low,0.3,0.73,3,0.68,0.63,0.62,4,0.499,P2,Team_B,Medium,3
2435,Medium,0.6,0.93,4,0.78,0.74,0.92,2,0.562,P2,Team_C,Medium,2
2436,Medium,0.6,0.46,1,0.51,0.74,0.9,3,0.47,P2,Team_A,Medium,3
2437,Low,0.3,0.85,4,0.68,0.33,0.81,1,0.413,P3,Team_B,Low,1
2438,Low,0.3,0.54,4,0.78,0.95,0.63,2,0.258,P3,Team_C,Low,1
2439,Low,0.3,0.76,2,0.8,0.87,0.66,3,0.346,P3,Team_B,Low,1
2440,High,0.9,0.25,4,0.45,0.5,0.94,2,0.695,P1,Team_C,High,4
2441,Low,0.3,0.3,2,0.81,0.55,0.88,3,0.312,P3,Team_C,Low,1
2442,Medium,0.6,0.33,1,0.64,0.96,0.8,2,0.412,P3,Team_B,Low,1
2443,Medium,0.6,0.68,4,0.73,0.35,0.54,3,0.609,P2,Team_C,Medium,2
2444,Medium,0.6,0.66,2,0.73,0.55,0.54,3,0.516,P2,Team_A,Medium,3
2445,High,0.9,0.89,3,0.96,0.95,0.35,3,0.659,P1,Team_A,High,5
2446,Low,0.3,0.73,3,0.28,0.39,0.31,6,0.436,P2,Team_C,Medium,2
2447,High,0.9,0.11,1,0.47,0.65,0.33,6,0.675,P1,Team_C,High,5
2448,High,0.9,0.6,1,0.86,0.44,0.6,6,0.716,P1,Team_A,High,6
2449,Low,0.3,0.21,4,0.43,0.79,0.62,4,0.242,P3,Team_C,Low,1
2450,Low,0.3,0.94,1,0.54,0.99,0.62,5,0.445,P2,Team_B,Medium,3
2451,Medium,0.6,0.3,4,0.96,0.8,0.45,0,0.491,P2,Team_B,Medium,3
2452,Low,0.3,0.74,4,0.86,0.6,0.85,0,0.489,P2,Team_C,Medium,2
2453,High,0.9,0.53,2,0.91,0.53,0.61,2,0.749,P1,Team_A,High,5
2454,Low,0.3,0.85,1,0.36,0.84,0.99,6,0.325,P3,Team_B,Low,1
2455,Low,0.3,0.32,4,0.56,0.8,0.61,2,0.34,P3,Team_B,Low,1
2456,Medium,0.6,0.51,1,0.52,0.69,0.8,3,0.537,P2,Team_A,Medium,2
2457,High,0.9,0.69,1,0.92,0.55,0.66,4,0.773,P1,Team_A,High,4
2458,Medium,0.6,0.72,4,0.73,0.91,0.45,4,0.518,P2,Team_B,Medium,3
2459,Low,0.3,0.3,2,0.68,0.64,0.71,3,0.269,P3,Team_B,Low,1
2460,Low,0.3,0.5,1,0.57,0.37,0.74,9,0.347,P3,Team_B,Low,1
2461,Low,0.3,0.77,1,0.57,0.56,0.3,1,0.35,P3,Team_B,Low,1
2462,Medium,0.6,0.49,4,0.55,0.57,0.93,3,0.467,P2,Team_C,Medium,3
2463,Low,0.3,0.78,2,0.3,0.72,0.76,1,0.42,P2,Team_C,Medium,3
2464,Medium,0.6,0.33,2,0.68,0.79,0.38,2,0.478,P2,Team_B,Medium,3
2465,High,0.9,0.36,2,0.57,0.59,0.42,4,0.728,P1,Team_C,High,4
2466,High,0.9,0.54,3,0.85,0.63,0.59,6,0.663,P1,Team_A,High,5
2467,Low,0.3,0.46,2,0.73,0.79,0.94,2,0.301,P3,Team_C,Low,1
2468,Medium,0.6,0.19,3,0.72,0.87,0.56,3,0.464,P2,Team_B,Medium,2
2469,Low,0.3,0.38,1,0.67,0.76,0.86,6,0.296,P3,Team_B,Low,1
2470,High,0.9,0.69,3,0.78,0.41,0.86,2,0.611,P2,Team_C,Medium,3
2471,Medium,0.6,0.42,3,0.63,0.62,0.31,2,0.589,P2,Team_C,Medium,3
2472,Low,0.3,0.25,4,0.83,0.64,0.66,7,0.334,P3,Team_B,Low,1
2473,Medium,0.6,0.68,2,0.75,0.83,0.48,3,0.501,P2,Team_B,Medium,2
2474,High,0.9,0.39,4,0.51,0.97,0.93,0,0.659,P1,Team_B,High,6
2475,Low,0.3,0.4,4,0.85,0.46,0.67,4,0.344,P3,Team_B,Low,1
2476,Medium,0.6,0.72,1,0.37,0.67,0.91,5,0.446,P2,Team_A,Medium,2
2477,Low,0.3,0.36,3,0.73,0.46,0.66,1,0.396,P3,Team_B,Low,1
2478,Low,0.3,0.41,2,0.34,0.78,0.3,2,0.37,P3,Team_B,Low,1
2479,High,0.9,0.64,2,0.62,0.63,0.66,2,0.694,P1,Team_C,High,6
2480,Low,0.3,0.25,2,0.59,0.77,0.72,3,0.317,P3,Team_C,Low,1
2481,Medium,0.6,0.37,2,0.76,0.66,0.49,1,0.53,P2,Team_A,Medium,2
2482,Medium,0.6,0.41,3,0.87,0.65,0.39,4,0.553,P2,Team_C,Medium,3
2483,Low,0.3,0.47,1,0.72,0.83,0.31,4,0.45,P2,Team_C,Medium,2
2484,High,0.9,0.4,3,0.92,0.41,0.57,2,0.672,P1,Team_A,High,6
2485,Medium,0.6,0.38,2,0.88,0.83,0.95,3,0.494,P2,Team_B,Medium,2
2486,High,0.9,0.13,3,0.48,0.94,0.56,2,0.578,P2,Team_B,Medium,2
2487,High,0.9,0.79,1,0.58,0.75,0.45,3,0.77,P1,Team_B,High,4
2488,High,0.9,0.44,2,0.8,0.82,0.43,2,0.593,P2,Team_A,Medium,2
2489,Low,0.3,0.07,1,0.89,0.8,0.93,6,0.23,P3,Team_C,Low,1
2490,Low,0.3,0.13,3,0.58,0.67,0.44,4,0.244,P3,Team_C,Low,1
2491,High,0.9,0.7,1,0.91,0.8,0.77,4,0.823,P1,Team_A,High,4
2492,High,0.9,0.59,1,0.52,0.72,0.73,0,0.599,P2,Team_B,Medium,3
2493,Low,0.3,0.2,4,0.92,0.62,0.57,1,0.232,P3,Team_B,Low,1
2494,Medium,0.6,0.89,2,0.88,0.9,0.5,3,0.666,P1,Team_B,High,5
2495,Low,0.3,0.28,3,0.75,0.37,0.43,4,0.425,P2,Team_B,Medium,3
2496,High,0.9,0.25,4,0.88,0.66,0.62,0,0.648,P2,Team_A,Medium,3
2497,Medium,0.6,0.37,1,0.95,0.78,0.42,4,0.463,P2,Team_B,Medium,3
2498,Medium,0.6,0.52,4,0.79,0.84,0.31,5,0.457,P2,Team_B,Medium,2
2499,High,0.9,0.74,2,0.96,0.47,0.81,2,0.682,P1,Team_A,High,6
2500,Low,0.3,0.4,1,0.68,0.56,0.61,5,0.431,P2,Team_B,Medium,3
2501,High,0.9,0.88,3,0.92,0.68,0.67,1,0.662,P1,Team_A,High,4
2502,Low,0.3,0.17,2,0.7,0.85,0.64,4,0.239,P3,Team_C,Low,1
2503,Low,0.3,0.36,4,0.41,0.47,0.89,5,0.332,P3,Team_C,Low,1
2504,Low,0.3,0.4,4,0.79,0.38,0.94,1,0.393,P3,Team_C,Low,1
2505,Low,0.3,0.35,2,0.37,0.93,0.31,2,0.27,P3,Team_C,Low,1
2506,Low,0.3,0.25,2,0.84,0.62,0.63,3,0.36,P3,Team_C,Low,1
2507,Low,0.3,0.17,1,0.79,0.51,0.46,3,0.357,P3,Team_C,Low,1
2508,High,0.9,0.88,2,0.72,0.41,0.74,3,0.73,P1,Team_C,High,4
2509,High,0.9,0.47,1,0.83,0.83,0.99,5,0.691,P1,Team_A,High,4
2510,Medium,0.6,0.76,1,0.49,0.58,0.47,2,0.635,P2,Team_C,Medium,2
2511,High,0.9,0.32,3,0.66,0.56,0.59,3,0.668,P1,Team_C,High,6
2512,Low,0.3,0.19,4,0.76,0.78,0.88,10,0.246,P3,Team_B,Low,1
2513,High,0.9,0.49,2,0.94,0.79,0.8,4,0.693,P1,Team_A,High,5
2514,Medium,0.6,0.37,3,0.84,0.85,0.7,2,0.503,P2,Team_B,Medium,2
2515,High,0.9,0.65,1,0.74,0.73,0.97,4,0.631,P2,Team_B,Medium,2
2516,Medium,0.6,0.24,2,0.68,0.76,0.55,2,0.398,P3,Team_B,Low,1
2517,Low,0.3,0.13,1,0.71,0.67,0.99,6,0.178,P3,Team_B,Low,1
2518,Medium,0.6,0.97,4,0.65,0.42,0.99,6,0.657,P1,Team_C,High,4
2519,Medium,0.6,0.74,4,0.77,0.86,0.48,1,0.569,P2,Team_B,Medium,2
2520,Medium,0.6,0.42,4,0.82,0.67,0.31,1,0.505,P2,Team_A,Medium,2
2521,Medium,0.6,0.31,1,0.67,0.85,0.56,1,0.457,P2,Team_B,Medium,2
2522,High,0.9,0.44,3,0.76,0.7,0.48,7,0.752,P1,Team_B,High,4
2523,Low,0.3,0.39,2,0.84,0.73,0.81,2,0.333,P3,Team_C,Low,1
2524,Low,0.3,0.75,3,0.13,0.62,0.33,2,0.386,P3,Team_B,Low,1
2525,Low,0.3,0.22,3,0.74,0.51,0.31,4,0.429,P2,Team_C,Medium,3
2526,Low,0.3,0.36,3,0.71,0.29,0.79,2,0.291,P3,Team_C,Low,1
2527,Low,0.3,0.73,2,0.99,0.66,0.39,3,0.413,P3,Team_C,Low,1
2528,High,0.9,0.09,4,0.65,0.84,0.66,6,0.676,P1,Team_B,High,5
2529,Low,0.3,0.7,1,0.79,0.65,0.53,5,0.41,P3,Team_B,Low,1
2530,Low,0.3,0.55,3,0.93,0.72,0.98,6,0.338,P3,Team_C,Low,1
2531,High,0.9,0.93,4,0.6,0.47,0.72,0,0.718,P1,Team_C,High,6
2532,Low,0.3,0.38,2,0.81,0.94,0.98,0,0.198,P3,Team_B,Low,1
2533,Low,0.3,0.31,2,0.72,0.76,0.41,3,0.313,P3,Team_B,Low,1
2534,High,0.9,0.46,3,0.89,0.22,0.96,3,0.738,P1,Team_A,High,5
2535,Low,0.3,0.73,3,0.73,0.78,0.3,3,0.377,P3,Team_C,Low,1
2536,Medium,0.6,0.57,2,0.75,0.57,0.48,1,0.615,P2,Team_C,Medium,3
2537,Medium,0.6,0.63,1,0.79,0.4,0.49,3,0.624,P2,Team_A,Medium,3
2538,Low,0.3,0.61,2,0.57,0.81,0.65,7,0.319,P3,Team_B,Low,1
2539,High,0.9,0.37,4,0.94,0.32,0.73,4,0.738,P1,Team_A,High,4
2540,High,0.9,0.4,4,0.63,0.86,0.49,4,0.592,P2,Team_B,Medium,3
2541,Medium,0.6,0.85,4,0.75,0.42,0.55,3,0.6,P2,Team_A,Medium,3
2542,High,0.9,0.5,4,0.91,0.39,0.95,2,0.686,P1,Team_A,High,5
2543,Low,0.3,0.99,3,0.52,0.64,0.53,4,0.307,P3,Team_C,Low,1
2544,Medium,0.6,0.55,2,0.7,0.66,0.59,5,0.497,P2,Team_A,Medium,2
2545,High,0.9,0.85,2,0.95,0.63,0.75,4,0.735,P1,Team_A,High,6
2546,Medium,0.6,0.65,2,0.75,0.85,0.8,0,0.511,P2,Team_B,Medium,3
2547,High,0.9,0.65,2,0.84,0.87,0.47,2,0.714,P1,Team_A,High,4
2548,Low,0.3,0.34,4,0.41,0.58,0.73,1,0.227,P3,Team_B,Low,1
2549,High,0.9,0.45,3,0.79,0.59,0.94,4,0.721,P1,Team_C,High,6
2550,Medium,0.6,0.2,4,0.87,0.79,0.63,2,0.446,P2,Team_B,Medium,3
2551,High,0.9,0.49,3,0.81,0.68,0.69,5,0.725,P1,Team_A,High,5
2552,Medium,0.6,0.16,4,0.7,0.41,0.39,0,0.506,P2,Team_C,Medium,2
2553,Low,0.3,0.65,1,0.91,0.63,0.88,3,0.363,P3,Team_B,Low,1
2554,High,0.9,0.44,2,0.49,0.38,0.6,10,0.711,P1,Team_C,High,5
2555,Medium,0.6,0.48,4,0.63,0.65,0.54,3,0.582,P2,Team_A,Medium,3
2556,Medium,0.6,0.5,4,0.97,0.57,0.54,2,0.503,P2,Team_C,Medium,2
2557,Medium,0.6,0.22,3,0.61,0.55,0.46,2,0.508,P2,Team_C,Medium,2
2558,Low,0.3,0.6,2,0.92,0.67,0.8,4,0.447,P2,Team_B,Medium,2
2559,High,0.9,0.43,4,0.74,0.95,0.32,5,0.775,P1,Team_B,High,4
2560,Medium,0.6,0.6,3,0.62,0.71,0.91,5,0.563,P2,Team_A,Medium,2
2561,Low,0.3,0.83,4,0.6,0.72,0.96,2,0.42,P3,Team_C,Low,1
2562,High,0.9,0.74,3,0.76,0.86,0.66,4,0.715,P1,Team_B,High,5
2563,High,0.9,0.67,1,0.63,0.75,0.71,5,0.702,P1,Team_B,High,4
2564,Low,0.3,0.14,4,0.47,0.95,0.77,3,0.248,P3,Team_B,Low,1
2565,High,0.9,0.42,4,0.49,0.65,0.64,4,0.705,P1,Team_C,High,4
2566,Medium,0.6,0.15,4,0.94,0.53,0.35,4,0.49,P2,Team_A,Medium,3
2567,Medium,0.6,0.31,3,0.78,0.8,0.65,4,0.443,P2,Team_B,Medium,3
2568,Low,0.3,0.4,1,0.43,0.93,0.77,3,0.194,P3,Team_B,Low,1
2569,Low,0.3,0.62,2,0.78,0.86,0.68,5,0.379,P3,Team_C,Low,1
2570,Low,0.3,0.45,3,0.6,0.81,0.49,2,0.378,P3,Team_B,Low,1
2571,High,0.9,0.33,3,0.88,0.81,0.44,1,0.57,P2,Team_A,Medium,3
2572,High,0.9,0.44,2,0.7,0.81,0.33,2,0.679,P1,Team_B,High,6
2573,Low,0.3,0.42,1,0.89,0.92,0.52,4,0.467,P2,Team_B,Medium,2
2574,Low,0.3,0.59,2,0.98,0.58,0.96,3,0.321,P3,Team_B,Low,1
2575,Medium,0.6,0.64,4,0.71,0.58,0.71,5,0.525,P2,Team_C,Medium,3
2576,High,0.9,0.25,2,0.84,0.6,0.93,4,0.559,P2,Team_A,Medium,3
2577,Low,0.3,0.8,4,0.8,0.74,0.34,0,0.455,P2,Team_C,Medium,3
2578,Low,0.3,0.35,4,0.62,0.68,0.53,2,0.273,P3,Team_B,Low,1
2579,High,0.9,0.34,2,0.98,0.49,0.57,3,0.69,P1,Team_A,High,6
2580,Medium,0.6,0.48,3,0.89,0.81,0.99,7,0.379,P3,Team_B,Low,1
2581,Low,0.3,0.82,1,0.63,0.47,0.98,5,0.431,P2,Team_B,Medium,2
2582,Medium,0.6,0.33,2,0.87,0.63,0.87,4,0.464,P2,Team_A,Medium,3
2583,High,0.9,0.84,3,0.91,0.81,0.58,4,0.808,P1,Team_A,High,6
2584,Low,0.3,0.83,1,0.78,0.47,0.41,4,0.462,P2,Team_B,Medium,3
2585,Medium,0.6,0.64,2,0.96,0.61,0.9,2,0.541,P2,Team_C,Medium,3
2586,Medium,0.6,0.23,3,0.75,0.31,0.82,2,0.519,P2,Team_A,Medium,2
2587,Low,0.3,0.83,2,0.75,0.88,0.65,4,0.329,P3,Team_C,Low,1
2588,High,0.9,0.14,3,0.95,0.84,0.86,0,0.58,P2,Team_A,Medium,2
2589,Low,0.3,0.24,4,0.83,0.67,0.85,2,0.373,P3,Team_B,Low,1
2590,Low,0.3,0.43,1,0.72,0.78,0.94,5,0.322,P3,Team_C,Low,1
2591,Medium,0.6,0.03,1,0.71,0.86,0.63,5,0.45,P2,Team_B,Medium,3
2592,High,0.9,0.82,1,0.66,0.63,0.48,6,0.806,P1,Team_C,High,4
2593,Medium,0.6,0.01,4,0.75,0.65,0.73,6,0.471,P2,Team_A,Medium,2
2594,High,0.9,0.51,2,0.9,0.77,0.89,3,0.661,P1,Team_A,High,6
2595,Medium,0.6,0.48,2,0.63,0.7,0.42,4,0.551,P2,Team_A,Medium,3
2596,Low,0.3,0.48,4,0.82,0.47,0.99,2,0.352,P3,Team_B,Low,1
2597,High,0.9,0.45,4,0.69,0.79,0.49,4,0.699,P1,Team_B,High,5
2598,Low,0.3,0.16,4,0.67,0.56,0.84,6,0.279,P3,Team_B,Low,1
2599,Medium,0.6,0.38,1,0.8,0.8,0.78,7,0.475,P2,Team_B,Medium,2
2600,High,0.9,0.28,4,0.94,0.91,0.71,2,0.618,P2,Team_A,Medium,2
2601,Medium,0.6,0.68,2,0.53,0.63,0.86,2,0.568,P2,Team_C,Medium,3
2602,Low,0.3,0.59,4,0.37,0.23,0.34,4,0.308,P3,Team_C,Low,1
2603,Medium,0.6,0.55,2,0.94,0.78,0.8,5,0.564,P2,Team_B,Medium,2
2604,Medium,0.6,0.62,2,0.59,0.42,0.56,2,0.62,P2,Team_C,Medium,3
2605,Low,0.3,0.77,4,0.64,0.9,0.85,3,0.314,P3,Team_B,Low,1
2606,Low,0.3,0.45,3,0.72,0.51,0.95,1,0.336,P3,Team_B,Low,1
2607,Medium,0.6,0.4,3,0.91,0.8,0.33,4,0.568,P2,Team_B,Medium,2
2608,High,0.9,0.37,3,0.72,0.95,0.43,0,0.63,P2,Team_B,Medium,3
2609,Medium,0.6,0.51,4,0.95,0.64,0.33,0,0.499,P2,Team_A,Medium,3
2610,High,0.9,0.23,1,0.91,0.81,0.77,3,0.536,P2,Team_A,Medium,2
2611,High,0.9,0.86,1,0.81,0.62,0.9,3,0.724,P1,Team_A,High,4
2612,Medium,0.6,0.15,3,0.54,0.55,0.57,0,0.425,P2,Team_C,Medium,2
2613,Low,0.3,0.44,4,0.66,0.65,0.85,3,0.308,P3,Team_C,Low,1
2614,Low,0.3,0.31,4,0.65,0.5,0.81,3,0.304,P3,Team_B,Low,1
2615,Low,0.3,0.71,4,0.93,0.67,0.79,4,0.393,P3,Team_B,Low,1
2616,Low,0.3,0.1,1,0.97,0.52,0.84,2,0.185,P3,Team_C,Low,1
2617,Medium,0.6,0.02,3,0.87,0.61,0.89,5,0.364,P3,Team_A,Low,1
2618,Low,0.3,0.37,2,0.49,0.29,0.81,1,0.377,P3,Team_C,Low,1
2619,High,0.9,0.36,3,0.85,0.49,0.79,3,0.79,P1,Team_A,High,5
2620,High,0.9,0.17,3,0.94,0.81,0.7,3,0.56,P2,Team_A,Medium,2
2621,Medium,0.6,0.62,2,0.4,0.64,0.91,2,0.51,P2,Team_A,Medium,3
2622,Medium,0.6,0.56,2,0.71,0.64,0.42,3,0.508,P2,Team_C,Medium,2
2623,Medium,0.6,0.45,3,0.6,0.91,0.83,1,0.376,P3,Team_B,Low,1
2624,Low,0.3,0.63,3,0.54,0.49,0.99,6,0.388,P3,Team_C,Low,1
2625,Low,0.3,0.87,3,0.55,0.79,0.46,4,0.394,P3,Team_C,Low,1
2626,Low,0.3,0.94,2,0.76,0.32,0.63,3,0.441,P2,Team_C,Medium,3
2627,Low,0.3,0.73,1,0.87,0.69,0.97,1,0.357,P3,Team_C,Low,1
2628,Medium,0.6,0.56,1,0.62,0.46,0.57,4,0.603,P2,Team_C,Medium,2
2629,Medium,0.6,0.42,3,0.58,0.29,0.8,2,0.574,P2,Team_C,Medium,3
2630,High,0.9,0.21,1,0.95,0.49,0.73,5,0.597,P2,Team_A,Medium,3
2631,High,0.9,0.61,1,0.8,0.41,0.59,5,0.715,P1,Team_A,High,4
2632,High,0.9,0.83,4,0.85,0.88,0.58,7,0.722,P1,Team_A,High,6
2633,Medium,0.6,0.28,3,0.72,0.5,0.66,5,0.509,P2,Team_A,Medium,3
2634,Low,0.3,0.19,3,0.8,0.77,0.96,5,0.251,P3,Team_C,Low,1
2635,High,0.9,0.2,3,0.52,0.7,0.89,3,0.545,P2,Team_B,Medium,3
2636,Medium,0.6,0.36,3,0.53,0.45,0.62,3,0.487,P2,Team_C,Medium,2
2637,High,0.9,0.41,2,0.92,0.46,0.59,1,0.638,P2,Team_A,Medium,2
2638,High,0.9,0.31,4,0.49,0.86,0.84,2,0.597,P2,Team_B,Medium,2
2639,High,0.9,0.49,3,0.55,0.63,0.8,3,0.761,P1,Team_C,High,4
2640,Medium,0.6,0.57,4,0.41,0.82,0.8,6,0.404,P3,Team_B,Low,1
2641,High,0.9,0.89,4,0.8,0.61,0.83,4,0.616,P2,Team_A,Medium,2
2642,Medium,0.6,0.56,1,0.87,0.89,0.93,5,0.492,P2,Team_B,Medium,2
2643,Low,0.3,0.51,4,0.6,0.69,0.31,3,0.335,P3,Team_B,Low,1
2644,Low,0.3,0.31,2,0.95,0.79,0.57,0,0.295,P3,Team_B,Low,1
2645,Medium,0.6,0.41,3,0.55,0.76,0.63,2,0.499,P2,Team_B,Medium,2
2646,Medium,0.6,0.34,1,0.91,0.79,0.83,3,0.387,P3,Team_B,Low,1
2647,Low,0.3,0.12,4,0.81,0.63,0.7,3,0.252,P3,Team_B,Low,1
2648,High,0.9,0.54,3,0.94,0.57,0.52,2,0.702,P1,Team_A,High,6
2649,Low,0.3,0.58,4,0.99,0.31,0.53,2,0.421,P2,Team_B,Medium,3
2650,Low,0.3,0.61,3,0.72,0.83,0.35,5,0.447,P2,Team_B,Medium,3
2651,Low,0.3,0.28,1,0.55,0.58,0.36,2,0.371,P3,Team_C,Low,1
2652,High,0.9,0.56,3,0.85,0.74,0.56,3,0.705,P1,Team_A,High,4
2653,Medium,0.6,0.34,1,0.53,0.85,0.79,3,0.435,P2,Team_B,Medium,2
2654,Low,0.3,0.87,3,0.64,0.6,1.0,3,0.464,P2,Team_B,Medium,3
2655,Low,0.3,0.56,2,0.74,0.58,0.82,4,0.317,P3,Team_B,Low,1
2656,High,0.9,0.89,2,0.49,0.65,0.6,3,0.79,P1,Team_C,High,5
2657,Medium,0.6,0.2,2,0.82,0.76,0.93,2,0.454,P2,Team_B,Medium,3
2658,High,0.9,0.12,2,0.83,0.92,0.97,5,0.515,P2,Team_A,Medium,2
2659,Low,0.3,0.14,4,0.68,0.38,0.75,1,0.283,P3,Team_B,Low,1
2660,Medium,0.6,0.54,2,0.81,0.94,0.68,5,0.512,P2,Team_B,Medium,2
2661,High,0.9,0.41,3,0.8,0.45,0.73,4,0.771,P1,Team_A,High,5
2662,Medium,0.6,0.38,1,0.61,0.56,0.57,5,0.444,P2,Team_C,Medium,3
2663,Medium,0.6,0.14,2,0.82,0.77,0.56,1,0.499,P2,Team_B,Medium,3
2664,Medium,0.6,0.52,2,0.87,0.6,0.45,2,0.626,P2,Team_C,Medium,3
2665,High,0.9,0.77,4,0.88,0.85,0.54,1,0.666,P1,Team_A,High,4
2666,High,0.9,0.43,4,0.91,0.8,0.42,3,0.589,P2,Team_A,Medium,3
2667,Low,0.3,0.29,2,0.77,0.27,0.34,5,0.392,P3,Team_C,Low,1
2668,Low,0.3,0.26,2,0.33,0.86,0.8,4,0.349,P3,Team_C,Low,1
2669,Low,0.3,0.41,1,0.85,0.24,0.48,4,0.369,P3,Team_C,Low,1
2670,Low,0.3,0.66,2,0.64,0.27,0.9,3,0.463,P2,Team_C,Medium,3
2671,Medium,0.6,0.81,3,0.81,0.96,1.0,0,0.503,P2,Team_B,Medium,2
2672,Low,0.3,0.41,4,0.77,0.4,0.44,1,0.406,P3,Team_B,Low,1
2673,Medium,0.6,0.06,1,0.64,0.77,0.58,3,0.464,P2,Team_B,Medium,3
2674,Low,0.3,0.42,1,0.91,0.47,0.49,3,0.333,P3,Team_C,Low,1
2675,High,0.9,0.43,2,0.69,0.86,0.84,2,0.624,P2,Team_B,Medium,2
2676,Medium,0.6,0.64,2,0.78,0.83,0.68,4,0.524,P2,Team_B,Medium,3
2677,High,0.9,0.62,3,0.64,0.93,0.83,4,0.66,P1,Team_B,High,5
2678,High,0.9,0.99,3,0.46,0.75,0.97,2,0.736,P1,Team_B,High,6
2679,Low,0.3,0.26,1,0.71,0.66,0.88,2,0.227,P3,Team_B,Low,1
2680,Medium,0.6,0.54,2,0.64,0.82,0.47,6,0.543,P2,Team_B,Medium,2
2681,Medium,0.6,0.48,3,0.85,0.42,0.84,1,0.542,P2,Team_A,Medium,2
2682,Low,0.3,0.27,1,0.72,0.84,0.43,5,0.345,P3,Team_C,Low,1
2683,High,0.9,0.31,3,0.76,0.81,0.82,1,0.617,P2,Team_B,Medium,2
2684,Medium,0.6,0.47,2,0.82,0.48,0.58,1,0.598,P2,Team_C,Medium,3
2685,Medium,0.6,0.76,4,0.85,0.92,0.83,2,0.486,P2,Team_B,Medium,3
2686,High,0.9,0.52,4,0.72,0.84,0.5,0,0.66,P1,Team_B,High,5
2687,High,0.9,0.56,1,0.39,0.55,0.83,7,0.672,P1,Team_C,High,4
2688,Low,0.3,0.23,2,0.92,0.76,0.33,5,0.331,P3,Team_B,Low,1
2689,Low,0.3,0.36,4,0.89,0.63,0.55,1,0.352,P3,Team_C,Low,1
2690,Medium,0.6,0.71,4,0.69,0.85,0.98,2,0.487,P2,Team_B,Medium,2
2691,High,0.9,0.08,3,0.88,0.51,0.37,4,0.672,P1,Team_A,High,6
2692,Medium,0.6,0.68,1,0.69,0.84,0.56,1,0.531,P2,Team_B,Medium,3
2693,Low,0.3,0.35,1,0.85,0.71,0.79,3,0.301,P3,Team_B,Low,1
2694,Medium,0.6,0.03,2,0.46,0.53,0.92,2,0.443,P2,Team_C,Medium,3
2695,Low,0.3,0.43,2,0.59,0.76,0.56,2,0.395,P3,Team_B,Low,1
2696,Low,0.3,0.24,3,0.41,0.75,0.47,3,0.335,P3,Team_C,Low,1
2697,Medium,0.6,0.88,3,0.77,0.43,0.78,2,0.612,P2,Team_C,Medium,2
2698,Medium,0.6,0.63,3,0.45,0.7,0.77,4,0.423,P2,Team_A,Medium,3
2699,Low,0.3,0.67,4,0.79,0.81,0.39,6,0.376,P3,Team_C,Low,1
2700,Low,0.3,0.62,1,0.84,0.62,0.48,2,0.328,P3,Team_B,Low,1
2701,Medium,0.6,0.75,3,0.79,0.88,0.41,3,0.516,P2,Team_B,Medium,3
2702,Low,0.3,0.3,1,0.24,0.7,0.64,5,0.352,P3,Team_B,Low,1
2703,Medium,0.6,0.26,3,0.69,0.82,0.46,1,0.542,P2,Team_B,Medium,2
2704,Medium,0.6,0.06,4,0.83,0.8,0.38,2,0.415,P3,Team_B,Low,1
2705,Medium,0.6,0.83,3,0.65,0.55,0.77,3,0.564,P2,Team_A,Medium,2
2706,Medium,0.6,0.39,1,0.7,0.83,0.48,3,0.419,P3,Team_B,Low,1
2707,Low,0.3,0.43,3,0.76,0.87,0.39,4,0.282,P3,Team_B,Low,1
2708,Low,0.3,0.39,4,0.71,0.68,0.72,3,0.314,P3,Team_C,Low,1
2709,High,0.9,0.19,2,0.57,0.78,0.41,4,0.542,P2,Team_B,Medium,3
2710,Medium,0.6,0.5,1,0.52,0.84,0.88,4,0.464,P2,Team_B,Medium,3
2711,Low,0.3,0.33,1,0.89,0.71,0.57,6,0.294,P3,Team_C,Low,1
2712,Medium,0.6,0.39,1,0.54,0.84,0.64,3,0.49,P2,Team_B,Medium,2
2713,High,0.9,0.28,2,0.51,0.76,0.97,3,0.537,P2,Team_B,Medium,2
2714,Medium,0.6,0.46,3,0.79,0.59,0.42,3,0.561,P2,Team_C,Medium,2
2715,Medium,0.6,0.58,3,0.47,0.9,0.33,2,0.577,P2,Team_B,Medium,2
2716,Medium,0.6,0.54,2,0.2,0.62,1.0,3,0.441,P2,Team_A,Medium,3
2717,Medium,0.6,0.9,3,0.58,0.8,0.35,1,0.609,P2,Team_B,Medium,3
2718,Low,0.3,0.31,2,0.84,0.27,0.97,5,0.335,P3,Team_C,Low,1
2719,Medium,0.6,0.78,2,0.89,0.76,0.4,6,0.642,P2,Team_B,Medium,2
2720,Medium,0.6,0.53,1,0.3,0.49,0.81,2,0.447,P2,Team_C,Medium,3
2721,High,0.9,0.67,3,0.59,0.83,0.95,2,0.689,P1,Team_B,High,5
2722,Medium,0.6,0.49,2,0.56,0.57,0.92,2,0.45,P2,Team_A,Medium,3
2723,Low,0.3,0.36,1,0.78,0.51,0.43,7,0.374,P3,Team_C,Low,1
2724,Medium,0.6,0.41,3,0.89,0.43,0.61,7,0.491,P2,Team_C,Medium,2
2725,Low,0.3,0.66,2,0.94,0.96,0.52,2,0.342,P3,Team_C,Low,1
2726,Low,0.3,0.16,4,0.63,0.71,0.81,1,0.24,P3,Team_B,Low,1
2727,High,0.9,0.78,1,0.92,0.4,0.37,3,0.769,P1,Team_A,High,5
2728,High,0.9,0.82,3,0.78,0.93,0.94,2,0.621,P2,Team_B,Medium,3
2729,Low,0.3,0.71,1,0.86,0.67,0.39,3,0.421,P2,Team_B,Medium,2
2730,Medium,0.6,0.37,1,0.9,0.86,0.69,2,0.498,P2,Team_B,Medium,3
2731,High,0.9,0.85,4,0.7,0.85,0.7,3,0.704,P1,Team_B,High,5
2732,Medium,0.6,0.24,3,0.74,0.85,0.34,3,0.49,P2,Team_B,Medium,2
2733,High,0.9,0.34,4,0.85,0.87,0.8,5,0.655,P1,Team_A,High,5
2734,Medium,0.6,0.77,2,0.9,0.7,0.89,2,0.524,P2,Team_A,Medium,2
2735,Low,0.3,0.43,3,0.84,0.65,0.94,3,0.397,P3,Team_C,Low,1
2736,Medium,0.6,0.46,2,0.9,0.68,0.3,2,0.507,P2,Team_A,Medium,3
2737,Low,0.3,0.69,2,0.89,0.67,0.4,5,0.411,P3,Team_C,Low,1
2738,Low,0.3,0.75,2,0.74,0.72,0.63,3,0.415,P3,Team_C,Low,1
2739,Medium,0.6,0.45,2,0.78,0.71,0.54,3,0.601,P2,Team_A,Medium,3
2740,High,0.9,0.09,1,0.79,0.72,1.0,3,0.586,P2,Team_B,Medium,3
2741,Medium,0.6,0.67,2,0.82,0.69,0.69,1,0.565,P2,Team_C,Medium,3
2742,Low,0.3,0.84,2,0.81,0.57,0.83,3,0.404,P3,Team_C,Low,1
2743,High,0.9,0.35,1,0.65,0.7,0.57,2,0.606,P2,Team_B,Medium,2
2744,Low,0.3,0.92,4,0.63,0.82,0.96,2,0.337,P3,Team_B,Low,1
2745,Low,0.3,0.74,2,0.92,0.71,0.93,4,0.392,P3,Team_C,Low,1
2746,Medium,0.6,0.37,4,0.69,0.57,0.52,3,0.482,P2,Team_A,Medium,2
2747,Medium,0.6,0.54,1,0.72,0.69,0.69,4,0.468,P2,Team_C,Medium,2
2748,High,0.9,0.52,3,0.52,0.75,0.79,4,0.637,P2,Team_B,Medium,3
2749,Low,0.3,0.53,4,0.81,0.59,0.77,1,0.368,P3,Team_B,Low,1
2750,Medium,0.6,0.52,4,0.53,0.7,0.78,4,0.512,P2,Team_C,Medium,3
2751,High,0.9,0.68,1,0.72,0.98,0.74,2,0.752,P1,Team_B,High,5
2752,Medium,0.6,0.21,2,0.86,0.76,0.71,5,0.512,P2,Team_B,Medium,3
2753,Low,0.3,0.24,3,0.85,0.77,0.38,1,0.141,P3,Team_C,Low,1
2754,High,0.9,0.37,2,0.86,0.92,0.39,3,0.687,P1,Team_A,High,6
2755,Low,0.3,0.7,1,0.68,0.84,0.88,1,0.284,P3,Team_B,Low,1
2756,Medium,0.6,0.57,2,0.82,0.93,0.43,6,0.613,P2,Team_B,Medium,2
2757,Low,0.3,0.55,4,0.95,0.73,0.5,1,0.311,P3,Team_B,Low,1
2758,High,0.9,0.71,4,0.87,0.62,0.31,3,0.75,P1,Team_A,High,4
2759,High,0.9,0.29,1,0.54,0.33,0.8,2,0.648,P2,Team_C,Medium,3
2760,Low,0.3,0.08,2,0.65,0.83,0.33,4,0.268,P3,Team_C,Low,1
2761,High,0.9,0.86,3,0.81,0.5,0.61,3,0.757,P1,Team_A,High,4
2762,Low,0.3,0.34,4,0.8,0.75,0.41,1,0.321,P3,Team_C,Low,1
2763,High,0.9,0.15,1,0.61,0.48,0.55,1,0.606,P2,Team_C,Medium,2
2764,Low,0.3,0.75,2,0.5,0.88,0.74,2,0.396,P3,Team_B,Low,1
2765,Medium,0.6,0.67,1,0.55,0.87,0.72,4,0.521,P2,Team_B,Medium,3
2766,High,0.9,0.77,1,0.92,0.76,0.97,5,0.732,P1,Team_A,High,6
2767,Low,0.3,0.54,3,0.45,0.84,0.7,1,0.247,P3,Team_B,Low,1
2768,Medium,0.6,0.39,4,0.88,0.57,0.37,2,0.578,P2,Team_C,Medium,3
2769,Low,0.3,0.28,4,0.76,0.5,0.84,4,0.283,P3,Team_C,Low,1
2770,High,0.9,0.26,2,0.75,0.56,0.93,0,0.582,P2,Team_C,Medium,3
2771,Medium,0.6,0.54,3,0.76,0.46,0.47,3,0.464,P2,Team_C,Medium,2
2772,High,0.9,0.32,4,0.65,0.97,0.56,5,0.572,P2,Team_B,Medium,2
2773,Medium,0.6,0.63,4,0.73,0.78,0.41,10,0.598,P2,Team_B,Medium,3
2774,Low,0.3,0.53,1,0.85,0.6,0.68,6,0.365,P3,Team_C,Low,1
2775,Medium,0.6,0.26,2,0.84,0.63,0.75,4,0.429,P2,Team_C,Medium,3
2776,Low,0.3,0.97,2,0.58,0.78,0.99,5,0.413,P3,Team_C,Low,1
2777,Medium,0.6,0.59,1,0.64,0.44,0.32,2,0.526,P2,Team_C,Medium,3
2778,Low,0.3,0.34,1,0.9,0.78,0.62,5,0.344,P3,Team_C,Low,1
2779,Low,0.3,0.37,2,0.64,0.51,0.37,2,0.454,P2,Team_C,Medium,2
2780,Medium,0.6,0.49,2,0.67,0.63,0.83,3,0.54,P2,Team_A,Medium,3
2781,Medium,0.6,0.4,2,0.91,0.84,0.96,3,0.506,P2,Team_B,Medium,3
2782,Medium,0.6,0.26,1,0.39,0.88,0.41,3,0.564,P2,Team_B,Medium,3
2783,Medium,0.6,0.04,4,0.91,0.35,0.79,2,0.445,P2,Team_A,Medium,3
2784,High,0.9,0.45,2,0.75,0.64,0.82,1,0.743,P1,Team_C,High,5
2785,High,0.9,0.76,1,0.79,0.65,0.36,2,0.805,P1,Team_C,High,5
2786,Low,0.3,0.65,4,0.92,0.55,0.37,4,0.318,P3,Team_B,Low,1
2787,High,0.9,0.58,4,0.5,0.58,0.9,2,0.653,P1,Team_C,High,5
2788,High,0.9,0.44,1,0.58,0.67,0.98,1,0.69,P1,Team_C,High,5
2789,Medium,0.6,0.69,2,0.86,0.59,0.94,1,0.469,P2,Team_A,Medium,3
2790,Medium,0.6,0.36,3,0.8,0.77,0.92,5,0.482,P2,Team_B,Medium,2
2791,Low,0.3,0.72,2,0.83,0.77,0.59,1,0.345,P3,Team_C,Low,1
2792,High,0.9,0.36,4,0.59,0.43,0.81,3,0.651,P1,Team_C,High,5
2793,Low,0.3,0.42,2,0.42,0.85,0.71,1,0.325,P3,Team_B,Low,1
2794,Low,0.3,0.72,3,0.7,0.45,0.91,2,0.419,P3,Team_B,Low,1
2795,Low,0.3,0.45,2,0.65,0.3,0.43,3,0.326,P3,Team_C,Low,1
2796,Medium,0.6,0.82,3,0.36,0.88,0.49,3,0.531,P2,Team_B,Medium,3
2797,Medium,0.6,0.83,4,0.63,0.54,0.93,1,0.587,P2,Team_C,Medium,2
2798,High,0.9,0.7,2,0.62,0.27,0.87,3,0.664,P1,Team_C,High,6
2799,High,0.9,0.3,4,0.59,0.53,0.89,1,0.656,P1,Team_C,High,6
2800,Low,0.3,0.82,3,0.68,0.56,0.58,0,0.435,P2,Team_C,Medium,2
2801,Medium,0.6,0.18,1,0.93,0.48,0.93,4,0.467,P2,Team_A,Medium,2
2802,Medium,0.6,0.7,1,0.61,0.96,0.46,3,0.463,P2,Team_B,Medium,2
2803,High,0.9,0.49,1,0.51,0.54,0.4,7,0.752,P1,Team_C,High,5
2804,Medium,0.6,0.86,1,0.81,0.74,0.74,1,0.583,P2,Team_C,Medium,3
2805,High,0.9,0.5,4,0.38,0.63,0.87,3,0.65,P2,Team_C,Medium,3
2806,Low,0.3,0.66,1,0.68,0.44,0.54,3,0.419,P3,Team_B,Low,1
2807,Low,0.3,0.74,2,0.76,0.82,0.42,4,0.399,P3,Team_C,Low,1
2808,High,0.9,0.32,2,0.84,0.85,0.46,3,0.666,P1,Team_A,High,6
2809,High,0.9,0.55,2,0.61,0.64,0.93,1,0.797,P1,Team_C,High,6
2810,Low,0.3,0.72,4,0.72,0.42,0.42,3,0.437,P2,Team_B,Medium,2
2811,Medium,0.6,0.56,4,0.41,0.35,0.51,4,0.523,P2,Team_C,Medium,2
2812,Low,0.3,0.6,1,0.8,0.6,0.9,4,0.411,P3,Team_B,Low,1
2813,Medium,0.6,0.52,1,0.74,0.68,0.74,6,0.491,P2,Team_C,Medium,2
2814,High,0.9,0.62,1,0.89,0.64,0.95,6,0.655,P1,Team_A,High,4
2815,Low,0.3,0.14,3,0.73,0.74,0.71,2,0.241,P3,Team_C,Low,1
2816,Low,0.3,0.85,3,0.79,0.61,0.51,1,0.419,P3,Team_B,Low,1
2817,Low,0.3,0.6,2,0.75,0.71,0.79,6,0.306,P3,Team_B,Low,1
2818,High,0.9,0.4,2,0.56,0.88,0.83,2,0.601,P2,Team_B,Medium,3
2819,Medium,0.6,0.52,1,0.68,0.65,0.73,3,0.485,P2,Team_A,Medium,3
2820,High,0.9,0.26,4,0.67,0.77,0.81,3,0.66,P1,Team_B,High,4
2821,High,0.9,0.4,4,0.58,0.18,0.37,2,0.771,P1,Team_C,High,4
2822,Medium,0.6,0.33,4,0.84,0.85,0.8,3,0.431,P2,Team_B,Medium,2
2823,Low,0.3,0.57,1,0.81,0.24,0.62,3,0.516,P2,Team_B,Medium,3
2824,Low,0.3,0.55,4,0.86,0.83,0.69,2,0.289,P3,Team_C,Low,1
2825,High,0.9,0.61,2,0.75,0.53,0.93,0,0.752,P1,Team_C,High,6
2826,Medium,0.6,0.72,2,0.78,0.7,0.37,0,0.549,P2,Team_A,Medium,3
2827,Medium,0.6,0.49,1,0.66,0.66,0.61,1,0.524,P2,Team_A,Medium,3
2828,Low,0.3,0.31,1,0.84,0.64,0.92,1,0.229,P3,Team_B,Low,1
2829,Low,0.3,0.23,4,0.61,0.46,0.63,2,0.293,P3,Team_C,Low,1
2830,Medium,0.6,0.87,1,0.9,0.3,0.99,2,0.698,P1,Team_A,High,4
2831,Low,0.3,0.55,1,0.61,0.72,0.35,1,0.275,P3,Team_C,Low,1
2832,High,0.9,0.26,3,0.64,0.38,0.88,2,0.658,P1,Team_C,High,6
2833,Low,0.3,0.56,2,0.68,0.79,0.43,4,0.398,P3,Team_B,Low,1
2834,Medium,0.6,0.86,4,0.52,0.69,0.46,3,0.579,P2,Team_A,Medium,2
2835,Medium,0.6,0.37,1,0.96,0.48,0.75,2,0.528,P2,Team_C,Medium,3
2836,Low,0.3,0.18,1,0.5,0.44,0.4,2,0.353,P3,Team_C,Low,1
2837,Medium,0.6,0.76,4,0.49,0.81,0.58,6,0.452,P2,Team_B,Medium,2
2838,Low,0.3,0.24,2,0.56,0.63,0.77,2,0.248,P3,Team_B,Low,1
2839,Medium,0.6,0.7,2,0.77,0.88,0.69,1,0.597,P2,Team_B,Medium,3
2840,High,0.9,0.45,1,0.82,0.91,0.79,5,0.599,P2,Team_A,Medium,2
2841,High,0.9,0.64,3,0.94,0.81,0.88,1,0.609,P2,Team_A,Medium,2
2842,Low,0.3,0.79,4,0.62,0.72,0.83,4,0.434,P2,Team_B,Medium,3
2843,Low,0.3,0.29,3,0.72,0.54,0.94,8,0.316,P3,Team_C,Low,1
2844,Low,0.3,0.49,2,0.94,0.35,0.38,1,0.368,P3,Team_C,Low,1
2845,Medium,0.6,0.2,3,0.82,0.71,0.63,2,0.428,P2,Team_C,Medium,3
2846,Low,0.3,0.65,1,0.55,0.64,0.59,3,0.341,P3,Team_B,Low,1
2847,Medium,0.6,0.76,3,0.67,0.95,0.63,2,0.478,P2,Team_B,Medium,2
2848,High,0.9,0.78,1,0.71,0.5,0.63,1,0.766,P1,Team_C,High,6
2849,Low,0.3,0.91,4,0.67,0.66,0.35,3,0.532,P2,Team_B,Medium,3
2850,High,0.9,0.64,4,0.85,0.51,0.79,2,0.698,P1,Team_A,High,4
2851,Low,0.3,0.86,3,0.98,0.86,0.78,1,0.392,P3,Team_B,Low,1
2852,High,0.9,0.49,1,0.55,0.5,0.4,2,0.776,P1,Team_C,High,5
2853,Medium,0.6,0.33,2,0.62,0.77,0.61,4,0.468,P2,Team_B,Medium,3
2854,Low,0.3,0.67,3,0.59,0.71,0.83,5,0.388,P3,Team_B,Low,1
2855,Medium,0.6,0.65,3,0.67,0.56,0.44,3,0.555,P2,Team_C,Medium,3
2856,Low,0.3,0.35,1,0.53,0.6,0.55,2,0.332,P3,Team_C,Low,1
2857,Medium,0.6,0.82,1,0.83,0.77,0.93,2,0.479,P2,Team_B,Medium,3
2858,Low,0.3,0.26,3,0.72,0.68,0.98,2,0.27,P3,Team_C,Low,1
2859,Medium,0.6,0.55,1,0.63,0.68,0.96,1,0.486,P2,Team_C,Medium,2
2860,Medium,0.6,0.31,4,0.75,0.68,0.75,3,0.503,P2,Team_C,Medium,3
2861,Medium,0.6,0.18,1,0.97,0.82,0.52,0,0.424,P2,Team_B,Medium,3
2862,Medium,0.6,0.47,3,0.75,0.83,0.36,0,0.51,P2,Team_B,Medium,2
2863,Medium,0.6,0.28,4,0.87,0.89,0.97,4,0.397,P3,Team_B,Low,1
2864,High,0.9,0.13,2,0.96,0.89,0.63,2,0.563,P2,Team_A,Medium,2
2865,High,0.9,0.22,4,0.63,0.61,0.77,4,0.799,P1,Team_C,High,5
2866,Low,0.3,0.8,3,0.73,0.36,0.89,5,0.438,P2,Team_B,Medium,2
2867,Low,0.3,0.59,4,0.93,0.44,0.63,4,0.417,P3,Team_B,Low,1
2868,Medium,0.6,0.95,1,0.92,0.91,0.44,6,0.539,P2,Team_B,Medium,2
2869,Low,0.3,0.76,4,0.77,0.66,0.96,1,0.428,P2,Team_C,Medium,2
2870,Medium,0.6,0.63,3,0.64,0.47,0.77,1,0.52,P2,Team_A,Medium,2
2871,High,0.9,0.83,2,0.88,0.66,0.99,3,0.672,P1,Team_A,High,6
2872,Medium,0.6,0.38,4,0.97,0.73,0.86,2,0.473,P2,Team_C,Medium,2
2873,High,0.9,0.66,3,0.19,0.65,0.85,4,0.618,P2,Team_C,Medium,3
2874,Medium,0.6,0.46,1,0.84,0.62,0.43,1,0.479,P2,Team_A,Medium,3
2875,High,0.9,0.76,3,0.34,0.67,0.5,2,0.759,P1,Team_C,High,4
2876,Low,0.3,0.76,2,0.78,0.62,0.48,3,0.405,P3,Team_C,Low,1
2877,Medium,0.6,0.33,4,0.7,0.69,0.84,4,0.375,P3,Team_A,Low,1
2878,Medium,0.6,0.23,2,0.86,0.85,0.79,3,0.522,P2,Team_B,Medium,2
2879,Low,0.3,0.54,1,0.72,0.61,0.39,3,0.435,P2,Team_B,Medium,3
2880,Low,0.3,0.25,3,0.52,0.85,0.91,5,0.236,P3,Team_C,Low,1
2881,Medium,0.6,0.48,2,0.87,0.79,0.92,1,0.451,P2,Team_B,Medium,3
2882,Medium,0.6,0.39,2,0.65,0.81,0.64,3,0.421,P2,Team_B,Medium,3
2883,Medium,0.6,0.72,4,0.65,0.59,0.81,1,0.512,P2,Team_C,Medium,3
2884,Low,0.3,0.14,4,0.38,0.58,0.94,4,0.275,P3,Team_B,Low,1
2885,Low,0.3,0.28,3,0.84,0.42,0.54,1,0.329,P3,Team_C,Low,1
2886,Low,0.3,0.59,1,0.53,0.98,0.58,1,0.32,P3,Team_B,Low,1
2887,Low,0.3,0.54,4,0.71,0.59,0.85,3,0.356,P3,Team_B,Low,1
2888,Low,0.3,0.64,4,0.62,0.33,0.53,4,0.523,P2,Team_B,Medium,3
2889,High,0.9,0.65,2,0.95,0.48,0.41,0,0.746,P1,Team_A,High,4
2890,Low,0.3,0.66,1,0.88,0.82,0.93,3,0.346,P3,Team_B,Low,1
2891,High,0.9,0.81,4,0.96,0.51,0.46,2,0.76,P1,Team_A,High,4
2892,Medium,0.6,0.26,2,0.83,0.64,0.7,1,0.404,P3,Team_A,Low,1
2893,Medium,0.6,0.49,3,0.79,0.72,0.79,1,0.398,P3,Team_A,Low,1
2894,Low,0.3,0.6,1,0.79,0.63,0.79,1,0.386,P3,Team_C,Low,1
2895,Low,0.3,0.6,1,0.67,0.57,0.98,3,0.305,P3,Team_C,Low,1
2896,Medium,0.6,0.84,3,0.68,0.9,0.63,4,0.661,P1,Team_B,High,4
2897,Medium,0.6,0.38,4,0.54,0.67,0.45,4,0.491,P2,Team_A,Medium,3
2898,High,0.9,0.75,3,0.89,0.66,0.68,3,0.755,P1,Team_A,High,5
2899,Low,0.3,0.81,1,0.82,0.84,0.5,1,0.43,P2,Team_B,Medium,3
2900,Low,0.3,0.41,1,0.97,0.45,0.68,3,0.331,P3,Team_C,Low,1
2901,Medium,0.6,0.73,1,0.51,0.42,0.61,6,0.613,P2,Team_A,Medium,2
2902,High,0.9,0.7,2,0.58,0.49,0.55,3,0.745,P1,Team_C,High,5
2903,Low,0.3,0.77,3,0.56,0.71,0.94,1,0.396,P3,Team_C,Low,1
2904,High,0.9,0.82,2,0.92,0.65,0.61,2,0.747,P1,Team_A,High,6
2905,High,0.9,0.6,3,0.73,0.59,0.63,1,0.647,P2,Team_C,Medium,3
2906,Medium,0.6,0.92,1,0.88,0.66,0.78,4,0.57,P2,Team_C,Medium,2
2907,Low,0.3,0.65,1,0.66,0.55,0.31,4,0.378,P3,Team_C,Low,1
2908,Low,0.3,0.23,3,0.92,0.66,0.89,2,0.197,P3,Team_B,Low,1
2909,Low,0.3,0.37,2,0.66,0.72,0.4,5,0.422,P2,Team_B,Medium,2
2910,High,0.9,0.32,1,0.69,0.61,0.6,5,0.688,P1,Team_C,High,4
2911,High,0.9,0.12,3,0.8,0.72,0.37,5,0.647,P2,Team_A,Medium,3
2912,Low,0.3,0.92,3,0.58,0.74,0.71,5,0.478,P2,Team_B,Medium,2
2913,Medium,0.6,0.82,2,0.57,0.8,0.39,3,0.59,P2,Team_B,Medium,3
2914,Low,0.3,0.27,1,0.54,0.74,0.72,2,0.223,P3,Team_C,Low,1
2915,High,0.9,0.64,2,0.86,0.68,0.57,4,0.754,P1,Team_A,High,4
2916,Low,0.3,0.24,3,0.59,0.57,0.42,2,0.295,P3,Team_B,Low,1
2917,Medium,0.6,0.33,1,0.61,0.9,0.52,4,0.446,P2,Team_B,Medium,3
2918,Low,0.3,0.81,4,0.38,0.45,0.39,2,0.516,P2,Team_C,Medium,2
2919,Low,0.3,0.5,4,0.59,0.74,0.35,8,0.395,P3,Team_C,Low,1
2920,High,0.9,0.09,4,0.93,0.7,0.41,2,0.666,P1,Team_A,High,6
2921,Low,0.3,0.54,1,0.71,0.27,0.96,2,0.443,P2,Team_C,Medium,2
2922,Low,0.3,0.53,1,0.74,0.93,0.63,6,0.365,P3,Team_C,Low,1
2923,High,0.9,0.46,2,0.73,0.35,0.51,6,0.705,P1,Team_C,High,4
2924,Low,0.3,0.4,3,0.8,0.93,0.44,4,0.306,P3,Team_B,Low,1
2925,Medium,0.6,0.76,4,0.91,0.65,0.63,2,0.52,P2,Team_C,Medium,2
2926,Medium,0.6,0.16,1,0.84,0.39,0.5,1,0.583,P2,Team_A,Medium,2
2927,High,0.9,0.41,3,0.36,0.67,0.42,5,0.693,P1,Team_C,High,6
2928,High,0.9,0.2,4,0.72,0.67,0.74,3,0.658,P1,Team_C,High,5
2929,High,0.9,0.56,1,0.84,0.43,0.95,7,0.817,P1,Team_A,High,6
2930,Low,0.3,0.34,1,0.86,0.83,0.52,6,0.355,P3,Team_B,Low,1
2931,High,0.9,0.18,4,0.49,0.67,0.76,3,0.62,P2,Team_C,Medium,2
2932,High,0.9,0.42,4,0.73,0.67,0.58,5,0.691,P1,Team_C,High,6
2933,Medium,0.6,0.33,4,0.64,0.94,0.68,2,0.423,P2,Team_B,Medium,3
2934,High,0.9,0.24,1,0.63,0.64,0.54,4,0.651,P1,Team_C,High,6
2935,High,0.9,0.1,2,0.66,0.44,0.46,3,0.622,P2,Team_C,Medium,3
2936,High,0.9,0.59,1,0.74,0.74,0.58,3,0.817,P1,Team_B,High,6
2937,Medium,0.6,0.97,2,0.99,0.8,0.34,2,0.568,P2,Team_B,Medium,3
2938,Low,0.3,0.7,3,0.89,0.52,0.47,1,0.345,P3,Team_C,Low,1
2939,Low,0.3,0.58,2,0.92,0.67,0.33,3,0.42,P3,Team_C,Low,1
2940,Low,0.3,0.25,1,0.76,0.48,0.46,1,0.435,P2,Team_C,Medium,2
2941,Low,0.3,0.39,3,0.64,0.42,0.97,3,0.359,P3,Team_B,Low,1
2942,Low,0.3,0.72,3,0.82,0.39,0.32,0,0.425,P2,Team_C,Medium,2
2943,Low,0.3,0.33,2,0.2,0.71,0.83,1,0.3,P3,Team_C,Low,1
2944,Low,0.3,0.4,3,0.44,0.89,0.37,2,0.362,P3,Team_B,Low,1
2945,Low,0.3,0.3,1,0.61,0.3,0.74,9,0.386,P3,Team_C,Low,1
2946,Medium,0.6,0.61,2,0.7,0.37,0.41,4,0.647,P2,Team_C,Medium,2
2947,Low,0.3,0.83,4,0.59,0.21,0.55,3,0.502,P2,Team_C,Medium,2
2948,Low,0.3,0.16,4,0.55,0.82,0.38,2,0.386,P3,Team_C,Low,1
2949,Low,0.3,0.27,3,0.57,0.96,0.54,4,0.363,P3,Team_C,Low,1
2950,High,0.9,0.65,4,0.63,0.94,0.8,3,0.762,P1,Team_B,High,4
2951,High,0.9,0.29,2,0.81,0.64,0.85,5,0.597,P2,Team_A,Medium,3
2952,Low,0.3,0.27,1,0.9,0.88,0.96,4,0.281,P3,Team_C,Low,1
2953,Low,0.3,0.69,4,0.89,0.47,0.84,4,0.375,P3,Team_C,Low,1
2954,Low,0.3,0.27,2,0.74,0.88,0.59,3,0.349,P3,Team_B,Low,1
2955,Low,0.3,0.83,2,0.42,0.65,0.59,4,0.466,P2,Team_C,Medium,2
2956,High,0.9,0.9,1,0.74,0.69,0.89,5,0.714,P1,Team_C,High,5
2957,Medium,0.6,0.75,3,0.58,0.75,0.41,4,0.625,P2,Team_B,Medium,2
2958,High,0.9,0.87,4,0.58,0.86,0.78,7,0.768,P1,Team_B,High,4
2959,Medium,0.6,0.33,4,0.49,0.67,0.47,0,0.564,P2,Team_A,Medium,2
2960,Low,0.3,0.89,3,0.81,0.83,0.49,8,0.474,P2,Team_C,Medium,3
2961,High,0.9,0.4,4,0.76,0.86,0.65,7,0.628,P2,Team_B,Medium,2
2962,Low,0.3,0.83,3,0.67,0.58,0.67,5,0.448,P2,Team_C,Medium,3
2963,Low,0.3,0.27,2,0.49,0.81,0.83,3,0.205,P3,Team_B,Low,1
2964,High,0.9,0.08,3,0.87,0.63,0.69,3,0.637,P2,Team_A,Medium,2
2965,Low,0.3,0.45,1,0.87,0.65,0.83,2,0.278,P3,Team_C,Low,1
2966,Low,0.3,0.34,3,0.68,0.79,0.61,3,0.292,P3,Team_C,Low,1
2967,Medium,0.6,0.3,1,0.75,0.49,0.32,4,0.517,P2,Team_C,Medium,3
2968,Medium,0.6,0.07,3,0.69,0.76,0.33,6,0.466,P2,Team_B,Medium,2
2969,Low,0.3,0.33,1,0.87,0.46,0.42,3,0.299,P3,Team_B,Low,1
2970,Low,0.3,0.53,4,0.69,0.57,0.86,3,0.407,P3,Team_B,Low,1
2971,High,0.9,0.14,1,0.77,0.97,0.89,4,0.502,P2,Team_B,Medium,2
2972,Medium,0.6,0.81,3,0.71,0.48,0.77,5,0.585,P2,Team_C,Medium,2
2973,High,0.9,0.41,4,0.72,0.9,0.43,5,0.754,P1,Team_B,High,5
2974,High,0.9,0.67,3,0.91,0.6,0.71,3,0.702,P1,Team_A,High,4
2975,Medium,0.6,0.38,1,0.48,0.57,0.9,4,0.494,P2,Team_C,Medium,2
2976,Low,0.3,0.26,1,0.49,0.83,0.44,2,0.252,P3,Team_B,Low,1
2977,Medium,0.6,0.54,4,0.69,0.35,0.61,2,0.584,P2,Team_C,Medium,3
2978,Low,0.3,0.57,1,0.54,0.68,0.87,6,0.307,P3,Team_C,Low,1
2979,High,0.9,0.69,3,0.64,0.65,0.93,4,0.622,P2,Team_C,Medium,3
2980,Medium,0.6,0.07,3,0.73,0.63,0.65,4,0.478,P2,Team_C,Medium,2
2981,Medium,0.6,0.6,2,0.72,0.84,0.7,2,0.494,P2,Team_B,Medium,3
2982,Low,0.3,0.15,3,0.54,0.58,0.75,5,0.251,P3,Team_C,Low,1
2983,Low,0.3,0.49,1,0.64,0.61,0.68,2,0.293,P3,Team_C,Low,1
2984,Low,0.3,0.72,2,0.8,0.97,0.64,3,0.386,P3,Team_C,Low,1
2985,Medium,0.6,0.31,4,0.46,0.94,0.75,1,0.413,P3,Team_B,Low,1
2986,Medium,0.6,0.34,2,0.8,0.69,0.74,4,0.49,P2,Team_C,Medium,3
2987,Medium,0.6,0.32,4,0.75,0.85,0.31,1,0.479,P2,Team_B,Medium,2
2988,Medium,0.6,0.71,3,0.86,0.91,1.0,1,0.437,P2,Team_B,Medium,2
2989,Low,0.3,0.68,3,0.85,0.55,0.87,5,0.409,P3,Team_C,Low,1
2990,High,0.9,0.67,2,0.81,0.8,0.83,4,0.617,P2,Team_A,Medium,3
2991,Medium,0.6,0.69,1,0.86,0.26,0.61,2,0.604,P2,Team_A,Medium,2
2992,Low,0.3,0.58,3,0.68,0.46,0.31,1,0.45,P2,Team_B,Medium,3
2993,Low,0.3,0.17,3,0.86,0.65,0.83,5,0.318,P3,Team_C,Low,1
2994,Medium,0.6,0.12,4,0.78,0.73,0.59,6,0.485,P2,Team_C,Medium,2
2995,High,0.9,0.33,2,0.85,0.79,0.67,1,0.589,P2,Team_A,Medium,3
2996,Medium,0.6,0.86,1,0.64,0.47,0.7,1,0.608,P2,Team_C,Medium,2
2997,Low,0.3,0.14,3,0.7,0.76,0.71,5,0.237,P3,Team_B,Low,1
2998,Low,0.3,0.64,3,0.85,0.79,0.89,1,0.326,P3,Team_B,Low,1
2999,High,0.9,0.22,2,0.43,0.7,0.37,4,0.645,P2,Team_B,Medium,3
3000,High,0.9,0.41,4,0.62,0.65,0.9,2,0.649,P2,Team_C,Medium,3
3001,Low,0.3,0.4,4,0.41,0.67,0.96,3,0.404,P3,Team_B,Low,1
3002,Medium,0.6,0.25,2,0.93,0.2,0.92,3,0.437,P2,Team_A,Medium,2
3003,Medium,0.6,0.24,1,0.93,0.73,0.31,2,0.452,P2,Team_C,Medium,3
3004,Low,0.3,0.18,3,0.63,0.76,0.55,4,0.199,P3,Team_C,Low,1
3005,High,0.9,0.02,1,0.78,0.79,0.49,1,0.566,P2,Team_B,Medium,2
3006,Low,0.3,0.32,3,0.82,0.76,0.85,2,0.257,P3,Team_C,Low,1
3007,Low,0.3,0.48,3,0.61,0.46,0.76,4,0.294,P3,Team_B,Low,1
3008,Medium,0.6,0.62,4,0.44,0.54,0.44,2,0.548,P2,Team_C,Medium,3
3009,Medium,0.6,0.59,4,0.53,0.78,0.67,3,0.466,P2,Team_B,Medium,2
3010,High,0.9,0.48,4,0.94,0.74,0.33,7,0.654,P1,Team_A,High,6
3011,High,0.9,0.78,1,0.93,0.76,0.59,5,0.709,P1,Team_A,High,6
3012,Low,0.3,0.3,1,0.5,0.94,0.61,3,0.282,P3,Team_B,Low,1
3013,Medium,0.6,0.66,4,0.57,0.81,0.8,3,0.59,P2,Team_B,Medium,3
3014,Low,0.3,0.51,1,0.86,0.88,0.45,0,0.351,P3,Team_C,Low,1
3015,High,0.9,0.57,4,0.96,0.4,0.97,6,0.756,P1,Team_A,High,5
3016,Low,0.3,0.72,4,0.9,0.16,0.95,1,0.456,P2,Team_B,Medium,3
3017,Low,0.3,0.76,1,0.76,0.31,0.64,6,0.426,P2,Team_B,Medium,3
3018,High,0.9,0.89,4,0.64,0.84,0.88,3,0.67,P1,Team_B,High,4
3019,Low,0.3,0.65,3,0.65,0.53,0.74,4,0.346,P3,Team_B,Low,1
3020,Low,0.3,0.29,2,0.65,0.84,0.84,2,0.291,P3,Team_C,Low,1
3021,Low,0.3,0.13,2,0.6,0.75,0.71,2,0.224,P3,Team_C,Low,1
3022,High,0.9,0.68,1,0.63,0.73,0.53,1,0.757,P1,Team_B,High,5
3023,Medium,0.6,0.38,1,0.68,0.49,0.34,2,0.563,P2,Team_A,Medium,3
3024,Medium,0.6,0.82,2,0.53,0.77,0.96,4,0.52,P2,Team_B,Medium,2
3025,High,0.9,0.73,2,0.93,0.72,0.76,2,0.697,P1,Team_A,High,4
3026,Medium,0.6,0.89,1,0.55,0.89,0.68,3,0.659,P1,Team_B,High,5
3027,Medium,0.6,0.41,4,0.87,0.63,0.5,4,0.499,P2,Team_A,Medium,2
3028,Medium,0.6,0.4,2,0.61,0.76,0.95,0,0.435,P2,Team_B,Medium,2
3029,Low,0.3,0.57,2,0.78,0.53,0.7,3,0.375,P3,Team_C,Low,1
3030,High,0.9,0.2,4,0.84,0.71,0.52,5,0.641,P2,Team_A,Medium,2
3031,Medium,0.6,0.5,2,0.67,0.8,0.62,6,0.516,P2,Team_B,Medium,3
3032,Low,0.3,0.83,3,0.42,0.68,0.91,3,0.409,P3,Team_C,Low,1
3033,Medium,0.6,0.64,1,0.96,0.81,0.57,5,0.524,P2,Team_B,Medium,3
3034,Medium,0.6,0.19,3,0.44,0.47,0.36,3,0.515,P2,Team_A,Medium,2
3035,Low,0.3,0.4,3,0.69,0.72,0.46,3,0.256,P3,Team_B,Low,1
3036,Low,0.3,0.09,1,0.75,0.93,0.99,4,0.247,P3,Team_C,Low,1
3037,Medium,0.6,0.79,1,0.59,0.41,0.92,0,0.552,P2,Team_A,Medium,3
3038,Medium,0.6,0.5,3,0.27,0.79,0.31,5,0.578,P2,Team_B,Medium,3
3039,Low,0.3,0.64,3,0.91,0.95,0.94,0,0.276,P3,Team_B,Low,1
3040,Low,0.3,0.26,2,0.83,0.37,0.57,5,0.34,P3,Team_B,Low,1
3041,Low,0.3,0.24,3,0.91,0.29,0.49,8,0.355,P3,Team_C,Low,1
3042,Low,0.3,0.92,3,0.68,0.88,0.75,4,0.455,P2,Team_C,Medium,3
3043,Low,0.3,0.72,1,0.52,0.34,0.81,5,0.349,P3,Team_B,Low,1
3044,Low,0.3,0.26,1,0.8,0.78,0.74,2,0.299,P3,Team_B,Low,1
3045,High,0.9,0.63,2,0.87,0.6,0.7,2,0.634,P2,Team_A,Medium,2
3046,Low,0.3,0.9,2,0.28,0.93,0.37,2,0.557,P2,Team_B,Medium,2
3047,Low,0.3,0.38,2,0.7,0.59,0.95,4,0.284,P3,Team_C,Low,1
3048,Medium,0.6,0.13,4,0.67,0.91,0.42,4,0.372,P3,Team_B,Low,1
3049,High,0.9,0.76,4,0.51,0.81,0.88,5,0.691,P1,Team_B,High,5
3050,High,0.9,0.09,3,0.63,0.57,0.66,2,0.618,P2,Team_C,Medium,3
3051,Low,0.3,0.65,2,0.87,0.61,0.69,1,0.384,P3,Team_B,Low,1
3052,Medium,0.6,0.86,4,0.9,0.61,0.39,3,0.591,P2,Team_A,Medium,3
3053,Low,0.3,0.18,2,0.61,0.66,0.58,4,0.339,P3,Team_C,Low,1
3054,High,0.9,0.46,4,0.71,0.89,0.55,1,0.668,P1,Team_B,High,6
3055,High,0.9,0.85,2,0.92,0.28,0.49,4,0.801,P1,Team_A,High,6
3056,Medium,0.6,0.03,3,0.72,0.81,0.89,6,0.343,P3,Team_B,Low,1
3057,Medium,0.6,0.29,4,0.67,0.97,0.54,3,0.382,P3,Team_B,Low,1
3058,Low,0.3,0.44,2,0.65,0.79,0.63,3,0.284,P3,Team_B,Low,1
3059,Medium,0.6,0.56,4,0.65,0.1,0.59,5,0.643,P2,Team_C,Medium,2
3060,Medium,0.6,0.59,1,0.98,0.9,0.4,3,0.474,P2,Team_B,Medium,3
3061,Medium,0.6,0.24,4,0.78,0.94,0.56,3,0.394,P3,Team_B,Low,1
3062,Medium,0.6,0.96,2,0.93,0.69,0.64,5,0.635,P2,Team_C,Medium,3
3063,Low,0.3,0.53,2,0.73,0.56,0.62,1,0.413,P3,Team_B,Low,1
3064,Low,0.3,0.29,4,0.61,0.65,0.64,1,0.238,P3,Team_B,Low,1
3065,Medium,0.6,0.1,3,0.71,0.62,0.78,3,0.401,P3,Team_C,Low,1
3066,Medium,0.6,0.79,3,0.76,0.65,0.49,4,0.513,P2,Team_A,Medium,2
3067,High,0.9,0.88,1,0.41,0.82,0.74,2,0.778,P1,Team_B,High,4
3068,Medium,0.6,0.19,1,0.63,0.46,0.42,3,0.538,P2,Team_A,Medium,2
3069,Medium,0.6,0.23,4,0.81,0.7,0.87,2,0.348,P3,Team_A,Low,1
3070,Low,0.3,0.56,3,0.67,0.62,0.54,3,0.319,P3,Team_B,Low,1
3071,Low,0.3,0.46,4,0.44,0.66,0.7,1,0.257,P3,Team_C,Low,1
3072,Low,0.3,0.76,4,0.97,0.31,0.37,8,0.49,P2,Team_C,Medium,2
3073,Medium,0.6,0.63,4,0.78,0.25,0.71,3,0.575,P2,Team_A,Medium,2
3074,High,0.9,0.54,1,0.86,0.58,0.74,4,0.643,P2,Team_A,Medium,3
3075,Medium,0.6,0.42,3,0.59,0.36,0.46,2,0.515,P2,Team_C,Medium,3
3076,Medium,0.6,0.31,4,0.44,0.7,0.48,3,0.421,P2,Team_C,Medium,2
3077,Low,0.3,0.18,2,0.97,0.53,0.58,0,0.321,P3,Team_B,Low,1
3078,Medium,0.6,0.56,3,0.85,0.78,0.55,7,0.508,P2,Team_B,Medium,3
3079,Medium,0.6,0.46,4,0.96,0.84,0.37,4,0.528,P2,Team_B,Medium,3
3080,Low,0.3,0.71,3,0.72,0.4,0.39,0,0.517,P2,Team_B,Medium,2
3081,Low,0.3,0.68,1,0.85,0.56,0.99,4,0.44,P2,Team_C,Medium,2
3082,High,0.9,0.61,1,0.3,0.73,0.31,3,0.666,P1,Team_B,High,5
3083,Medium,0.6,0.6,3,0.49,0.65,0.42,2,0.536,P2,Team_C,Medium,2
3084,Low,0.3,0.54,4,0.48,0.76,0.7,3,0.385,P3,Team_B,Low,1
3085,High,0.9,0.24,4,0.78,0.92,0.94,1,0.577,P2,Team_B,Medium,3
3086,High,0.9,0.19,2,0.55,0.8,0.93,6,0.494,P2,Team_B,Medium,3
3087,Medium,0.6,0.71,2,0.45,0.54,0.82,2,0.522,P2,Team_A,Medium,2
3088,High,0.9,0.25,2,0.89,0.72,0.77,1,0.672,P1,Team_A,High,5
3089,Medium,0.6,0.98,3,0.76,0.8,0.61,3,0.461,P2,Team_B,Medium,2
3090,Medium,0.6,0.56,4,0.69,0.51,0.91,2,0.516,P2,Team_A,Medium,3
3091,Low,0.3,0.73,1,0.73,0.89,0.92,5,0.345,P3,Team_C,Low,1
3092,High,0.9,0.26,4,0.55,0.73,0.99,2,0.559,P2,Team_B,Medium,2
3093,Low,0.3,0.35,3,0.71,0.58,0.37,2,0.39,P3,Team_C,Low,1
3094,High,0.9,0.41,4,0.24,0.76,0.55,4,0.646,P2,Team_B,Medium,2
3095,Low,0.3,0.69,2,0.63,0.68,0.43,4,0.438,P2,Team_B,Medium,2
3096,Low,0.3,0.35,2,0.77,0.49,0.72,5,0.358,P3,Team_C,Low,1
3097,Low,0.3,0.15,1,0.62,0.25,0.87,3,0.283,P3,Team_C,Low,1
3098,Low,0.3,0.52,3,0.88,0.66,0.95,2,0.45,P2,Team_C,Medium,3
3099,Low,0.3,0.25,3,0.94,0.9,0.79,3,0.179,P3,Team_B,Low,1
3100,Medium,0.6,0.25,1,0.86,0.68,0.7,3,0.465,P2,Team_A,Medium,2
3101,Medium,0.6,0.12,3,0.86,0.78,0.41,2,0.4,P3,Team_B,Low,1
3102,High,0.9,0.35,3,0.72,0.41,0.67,5,0.762,P1,Team_C,High,6
3103,High,0.9,0.16,3,0.42,0.13,0.55,1,0.704,P1,Team_C,High,6
3104,High,0.9,0.28,3,0.56,0.58,0.89,3,0.733,P1,Team_C,High,5
3105,Low,0.3,0.77,1,0.67,0.64,0.56,2,0.426,P2,Team_B,Medium,2
3106,Medium,0.6,0.3,2,0.62,0.82,0.91,3,0.386,P3,Team_B,Low,1
3107,Low,0.3,0.63,1,0.84,0.38,0.74,5,0.447,P2,Team_B,Medium,2
3108,Medium,0.6,0.45,4,0.6,0.77,0.7,0,0.477,P2,Team_B,Medium,3
3109,Medium,0.6,0.9,3,0.43,0.79,0.51,2,0.653,P1,Team_B,High,4
3110,Medium,0.6,0.31,1,0.4,0.58,1.0,2,0.474,P2,Team_A,Medium,2
3111,Low,0.3,0.38,1,0.79,0.69,0.9,4,0.338,P3,Team_C,Low,1
3112,Medium,0.6,0.29,2,0.53,0.83,0.83,4,0.43,P2,Team_B,Medium,2
3113,High,0.9,0.75,1,0.5,0.88,0.81,0,0.623,P2,Team_B,Medium,2
3114,Medium,0.6,0.67,1,0.92,0.73,0.56,4,0.539,P2,Team_C,Medium,3
3115,Medium,0.6,0.5,3,0.54,0.77,0.6,0,0.447,P2,Team_B,Medium,3
3116,High,0.9,0.19,3,0.93,0.41,0.41,0,0.734,P1,Team_A,High,6
3117,High,0.9,0.39,1,0.84,0.95,0.59,7,0.657,P1,Team_A,High,4
3118,Medium,0.6,0.82,4,0.7,0.95,0.66,1,0.543,P2,Team_B,Medium,3
3119,Low,0.3,0.85,2,0.62,0.67,0.69,3,0.434,P2,Team_B,Medium,3
3120,High,0.9,0.57,1,0.65,0.64,0.52,4,0.804,P1,Team_C,High,5
3121,Medium,0.6,0.55,3,0.99,0.55,0.37,2,0.587,P2,Team_A,Medium,2
3122,Low,0.3,0.11,3,0.75,0.61,0.6,4,0.342,P3,Team_B,Low,1
3123,Low,0.3,0.19,3,0.9,0.65,0.39,5,0.249,P3,Team_C,Low,1
3124,High,0.9,0.37,3,0.8,0.38,0.69,2,0.653,P1,Team_A,High,6
3125,Low,0.3,0.43,2,0.63,0.86,0.85,3,0.217,P3,Team_C,Low,1
3126,Low,0.3,0.53,2,0.43,0.79,0.73,1,0.337,P3,Team_C,Low,1
3127,High,0.9,0.13,1,0.89,0.45,0.98,4,0.631,P2,Team_A,Medium,3
3128,Medium,0.6,0.48,1,0.67,0.86,0.74,3,0.379,P3,Team_B,Low,1
3129,Medium,0.6,0.61,1,0.97,0.58,0.95,5,0.455,P2,Team_A,Medium,2
3130,Medium,0.6,0.8,2,0.86,0.87,0.6,2,0.644,P2,Team_B,Medium,3
3131,Medium,0.6,0.15,3,0.59,0.66,0.79,3,0.391,P3,Team_C,Low,1
3132,Medium,0.6,0.3,4,0.91,0.27,0.96,7,0.493,P2,Team_A,Medium,2
3133,Medium,0.6,0.54,3,0.89,0.68,0.72,5,0.576,P2,Team_C,Medium,2
3134,Medium,0.6,0.62,2,0.69,0.57,0.38,1,0.536,P2,Team_A,Medium,2
3135,Medium,0.6,0.1,3,0.68,0.72,0.65,9,0.43,P2,Team_C,Medium,2
3136,Medium,0.6,0.2,4,0.74,0.73,0.45,3,0.439,P2,Team_C,Medium,2
3137,Medium,0.6,0.57,2,0.56,0.93,0.32,4,0.603,P2,Team_B,Medium,3
3138,High,0.9,0.47,2,0.76,0.91,0.71,3,0.617,P2,Team_B,Medium,2
3139,High,0.9,0.22,3,0.6,0.21,0.71,1,0.693,P1,Team_C,High,6
3140,Low,0.3,0.72,4,0.96,0.94,0.9,3,0.356,P3,Team_C,Low,1
3141,Medium,0.6,0.45,1,0.72,0.93,0.51,4,0.388,P3,Team_B,Low,1
3142,Medium,0.6,0.67,2,0.85,0.54,0.91,3,0.438,P2,Team_A,Medium,2
3143,Medium,0.6,0.48,4,0.77,0.82,0.48,5,0.493,P2,Team_B,Medium,3
3144,Medium,0.6,0.61,3,0.76,0.68,0.39,3,0.568,P2,Team_C,Medium,2
3145,Medium,0.6,0.66,3,0.91,0.49,0.64,3,0.475,P2,Team_C,Medium,2
3146,Low,0.3,0.07,1,0.42,0.79,0.54,3,0.31,P3,Team_B,Low,1
3147,Medium,0.6,0.76,1,0.83,0.91,0.55,5,0.59,P2,Team_B,Medium,3
3148,High,0.9,0.64,1,0.96,0.65,0.82,2,0.714,P1,Team_A,High,5
3149,Low,0.3,0.23,1,0.43,0.95,0.36,1,0.249,P3,Team_C,Low,1
3150,Medium,0.6,0.09,4,0.68,0.67,0.43,5,0.481,P2,Team_A,Medium,2
3151,Low,0.3,0.8,3,0.64,0.59,0.84,3,0.497,P2,Team_B,Medium,2
3152,High,0.9,0.75,2,0.69,0.72,0.99,2,0.671,P1,Team_B,High,5
3153,Low,0.3,0.3,4,0.74,0.86,0.42,7,0.318,P3,Team_C,Low,1
3154,High,0.9,0.15,4,0.63,0.51,0.63,1,0.634,P2,Team_C,Medium,2
3155,Low,0.3,0.45,1,0.42,0.71,0.39,2,0.37,P3,Team_C,Low,1
3156,Low,0.3,0.93,4,0.95,0.71,0.89,6,0.542,P2,Team_C,Medium,2
3157,High,0.9,0.83,2,0.6,0.47,0.49,3,0.693,P1,Team_C,High,6
3158,Low,0.3,0.2,4,0.77,0.58,0.34,2,0.333,P3,Team_C,Low,1
3159,Low,0.3,0.09,4,0.95,0.13,0.69,2,0.36,P3,Team_B,Low,1
3160,Medium,0.6,0.24,4,0.97,0.69,0.73,5,0.464,P2,Team_A,Medium,3
3161,High,0.9,0.8,4,0.67,0.75,0.67,0,0.798,P1,Team_B,High,4
3162,High,0.9,0.68,2,0.94,0.73,0.65,5,0.728,P1,Team_A,High,6
3163,High,0.9,0.67,1,0.86,0.56,0.84,1,0.634,P2,Team_A,Medium,2
3164,Low,0.3,0.49,1,0.7,0.92,0.5,6,0.406,P3,Team_B,Low,1
3165,High,0.9,0.5,4,0.55,0.6,0.98,4,0.62,P2,Team_C,Medium,2
3166,Low,0.3,0.6,4,0.75,0.61,0.6,4,0.365,P3,Team_C,Low,1
3167,Medium,0.6,0.13,2,0.77,0.86,0.86,2,0.451,P2,Team_B,Medium,3
3168,Medium,0.6,0.54,4,0.67,0.38,0.64,4,0.572,P2,Team_A,Medium,2
3169,High,0.9,0.5,4,0.42,0.83,0.4,2,0.649,P2,Team_B,Medium,3
3170,Medium,0.6,0.31,1,0.78,0.54,0.66,7,0.53,P2,Team_A,Medium,3
3171,Medium,0.6,0.17,1,0.39,0.65,0.88,5,0.438,P2,Team_C,Medium,2
3172,Medium,0.6,0.56,2,0.71,0.79,0.45,2,0.544,P2,Team_B,Medium,3
3173,Low,0.3,0.4,1,0.82,0.64,0.74,3,0.303,P3,Team_B,Low,1
3174,Medium,0.6,0.55,2,0.5,0.84,0.54,5,0.533,P2,Team_B,Medium,2
3175,High,0.9,0.48,1,0.9,0.61,0.83,2,0.629,P2,Team_A,Medium,2
3176,High,0.9,0.75,2,0.44,0.39,0.81,2,0.74,P1,Team_C,High,4
3177,Low,0.3,0.41,1,0.84,0.9,0.87,3,0.329,P3,Team_C,Low,1
3178,Low,0.3,0.55,3,0.78,0.88,0.49,2,0.362,P3,Team_B,Low,1
3179,High,0.9,0.51,4,0.32,0.93,0.67,7,0.644,P2,Team_B,Medium,2
3180,Low,0.3,0.21,1,0.69,0.44,0.83,6,0.26,P3,Team_C,Low,1
3181,Low,0.3,0.43,4,0.75,0.64,0.3,7,0.344,P3,Team_B,Low,1
3182,Low,0.3,0.74,1,0.66,0.65,0.37,2,0.422,P2,Team_B,Medium,3
3183,Low,0.3,0.79,1,0.93,0.4,0.41,3,0.567,P2,Team_B,Medium,3
3184,Low,0.3,0.88,3,0.62,0.7,0.58,2,0.382,P3,Team_C,Low,1
3185,Low,0.3,0.61,3,0.6,0.9,0.76,3,0.299,P3,Team_C,Low,1
3186,Low,0.3,0.46,4,0.65,0.8,0.54,3,0.371,P3,Team_B,Low,1
3187,High,0.9,0.23,4,0.68,0.31,0.49,3,0.642,P2,Team_C,Medium,2
3188,Medium,0.6,0.29,1,0.63,0.85,0.52,1,0.473,P2,Team_B,Medium,2
3189,Low,0.3,0.99,4,0.76,0.76,0.34,1,0.419,P3,Team_C,Low,1
3190,Low,0.3,0.29,4,0.78,0.97,0.37,1,0.274,P3,Team_B,Low,1
3191,Medium,0.6,0.57,2,0.55,0.67,0.91,2,0.492,P2,Team_C,Medium,3
3192,High,0.9,0.55,1,0.74,0.77,0.98,2,0.607,P2,Team_B,Medium,3
3193,Low,0.3,0.33,3,0.74,0.57,0.83,3,0.266,P3,Team_C,Low,1
3194,Low,0.3,0.54,1,0.89,0.68,0.59,3,0.436,P2,Team_C,Medium,3
3195,Medium,0.6,0.46,3,0.76,0.75,0.59,5,0.587,P2,Team_B,Medium,3
3196,Low,0.3,0.2,3,0.81,0.66,0.59,3,0.189,P3,Team_B,Low,1
3197,Low,0.3,0.4,1,0.65,0.27,0.32,6,0.447,P2,Team_C,Medium,2
3198,Medium,0.6,0.56,3,0.46,0.77,0.6,3,0.541,P2,Team_B,Medium,3
3199,Low,0.3,0.83,2,0.84,0.48,0.72,3,0.488,P2,Team_B,Medium,3
3200,Medium,0.6,0.97,1,0.82,0.78,0.3,5,0.591,P2,Team_B,Medium,2
3201,Low,0.3,0.46,3,0.55,0.59,0.69,2,0.375,P3,Team_C,Low,1
3202,Low,0.3,0.68,3,0.95,0.72,0.37,2,0.401,P3,Team_B,Low,1
3203,High,0.9,0.48,3,0.51,0.69,0.32,6,0.728,P1,Team_C,High,6
3204,Low,0.3,0.4,2,0.47,0.69,0.89,3,0.264,P3,Team_C,Low,1
3205,Low,0.3,0.52,1,0.76,0.89,0.43,2,0.293,P3,Team_B,Low,1
3206,Medium,0.6,0.64,3,0.57,0.9,0.64,4,0.552,P2,Team_B,Medium,2
3207,Low,0.3,0.3,4,0.87,0.69,0.78,5,0.376,P3,Team_C,Low,1
3208,High,0.9,0.47,1,0.78,0.61,0.47,4,0.717,P1,Team_C,High,4
3209,High,0.9,0.39,2,0.78,0.73,0.39,6,0.572,P2,Team_B,Medium,3
3210,High,0.9,0.6,2,0.82,0.8,0.82,3,0.739,P1,Team_A,High,4
3211,Low,0.3,0.28,4,0.78,0.54,0.53,1,0.375,P3,Team_B,Low,1
3212,Medium,0.6,0.46,2,0.84,0.59,0.53,2,0.482,P2,Team_A,Medium,2
3213,Medium,0.6,0.29,2,0.68,0.78,0.92,1,0.43,P2,Team_B,Medium,2
3214,Low,0.3,0.74,2,0.6,0.68,0.39,4,0.378,P3,Team_B,Low,1
3215,Low,0.3,0.54,3,0.79,0.35,0.51,1,0.369,P3,Team_B,Low,1
3216,Low,0.3,0.38,4,0.58,0.52,0.35,3,0.353,P3,Team_C,Low,1
3217,High,0.9,0.69,3,0.88,0.87,0.8,4,0.709,P1,Team_A,High,5
3218,Low,0.3,0.3,4,0.36,0.71,0.39,1,0.319,P3,Team_C,Low,1
3219,Medium,0.6,0.64,3,0.7,0.66,1.0,6,0.568,P2,Team_C,Medium,2
3220,Low,0.3,0.25,3,0.56,0.78,0.32,2,0.354,P3,Team_B,Low,1
3221,Low,0.3,0.47,2,0.81,0.57,0.54,2,0.413,P3,Team_C,Low,1
3222,Low,0.3,0.52,4,0.83,0.45,0.8,3,0.358,P3,Team_C,Low,1
3223,Low,0.3,0.81,1,0.62,0.9,0.61,3,0.332,P3,Team_B,Low,1
3224,Medium,0.6,0.63,1,0.38,0.61,0.85,2,0.465,P2,Team_C,Medium,2
3225,High,0.9,0.84,2,0.69,0.7,0.42,4,0.739,P1,Team_B,High,4
3226,Medium,0.6,0.64,2,0.73,0.61,0.63,1,0.526,P2,Team_C,Medium,3
3227,Low,0.3,0.78,3,0.47,0.81,0.56,1,0.384,P3,Team_B,Low,1
3228,Low,0.3,0.2,3,0.62,0.35,0.34,5,0.365,P3,Team_B,Low,1
3229,High,0.9,0.37,3,0.66,0.64,0.63,3,0.61,P2,Team_C,Medium,2
3230,Medium,0.6,0.68,4,0.83,0.4,0.77,2,0.538,P2,Team_C,Medium,2
3231,High,0.9,0.38,3,0.49,0.49,0.96,1,0.635,P2,Team_C,Medium,3
3232,Low,0.3,0.35,1,0.67,0.66,0.68,2,0.357,P3,Team_B,Low,1
3233,High,0.9,0.35,4,0.9,0.76,0.8,2,0.624,P2,Team_A,Medium,3
3234,Low,0.3,0.53,4,0.67,0.63,0.98,4,0.358,P3,Team_B,Low,1
3235,Medium,0.6,0.67,2,0.9,0.8,0.43,2,0.517,P2,Team_B,Medium,3
3236,Low,0.3,0.62,3,0.74,0.57,0.88,4,0.406,P3,Team_B,Low,1
3237,Low,0.3,0.62,1,0.94,0.56,0.31,4,0.446,P2,Team_B,Medium,2
3238,Low,0.3,0.21,4,0.82,0.6,0.64,6,0.394,P3,Team_C,Low,1
3239,Low,0.3,0.44,3,0.78,0.79,0.95,2,0.275,P3,Team_B,Low,1
3240,Medium,0.6,0.44,4,0.62,0.38,0.74,8,0.51,P2,Team_C,Medium,3
3241,High,0.9,0.79,1,0.58,0.78,0.33,2,0.681,P1,Team_B,High,4
3242,High,0.9,0.13,1,0.64,0.44,0.6,3,0.577,P2,Team_C,Medium,3
3243,Low,0.3,0.1,1,0.78,0.54,0.87,4,0.284,P3,Team_B,Low,1
3244,Low,0.3,0.81,4,0.91,0.66,0.73,1,0.428,P2,Team_B,Medium,3
3245,High,0.9,0.43,1,0.47,0.64,0.56,4,0.64,P2,Team_C,Medium,2
3246,Low,0.3,0.73,3,0.81,0.85,0.48,3,0.436,P2,Team_C,Medium,2
3247,High,0.9,0.43,4,0.84,0.48,0.88,3,0.567,P2,Team_A,Medium,2
3248,Medium,0.6,0.21,3,0.61,0.63,0.7,2,0.428,P2,Team_C,Medium,3
3249,Medium,0.6,0.79,3,0.74,0.09,0.43,2,0.61,P2,Team_C,Medium,2
3250,Low,0.3,0.39,2,0.9,0.7,0.39,3,0.371,P3,Team_B,Low,1
3251,Low,0.3,0.67,2,0.87,0.45,0.7,6,0.428,P2,Team_B,Medium,3
3252,Low,0.3,0.58,3,0.72,0.78,0.43,1,0.398,P3,Team_B,Low,1
3253,Medium,0.6,0.42,3,0.58,0.44,0.98,5,0.532,P2,Team_A,Medium,3
3254,Medium,0.6,0.39,2,0.83,0.73,0.89,2,0.444,P2,Team_C,Medium,2
3255,Medium,0.6,0.74,1,0.72,0.32,0.35,5,0.507,P2,Team_A,Medium,2
3256,Low,0.3,0.23,3,0.76,0.81,0.88,4,0.23,P3,Team_C,Low,1
3257,Medium,0.6,0.47,2,0.72,0.61,0.65,3,0.612,P2,Team_C,Medium,3
3258,High,0.9,0.33,2,0.6,0.69,0.47,2,0.62,P2,Team_C,Medium,2
3259,Medium,0.6,0.22,1,0.66,0.63,0.68,2,0.405,P3,Team_A,Low,1
3260,Low,0.3,0.62,2,0.59,0.5,0.58,4,0.492,P2,Team_B,Medium,2
3261,High,0.9,0.13,4,0.53,0.27,0.82,4,0.595,P2,Team_C,Medium,2
3262,Low,0.3,0.6,2,0.97,0.94,0.34,1,0.441,P2,Team_B,Medium,2
3263,High,0.9,0.81,3,0.49,0.67,0.77,6,0.79,P1,Team_C,High,6
3264,Low,0.3,0.5,2,0.67,0.88,0.95,1,0.308,P3,Team_C,Low,1
3265,High,0.9,0.62,1,0.68,0.79,0.66,3,0.751,P1,Team_B,High,6
3266,Medium,0.6,0.57,2,0.92,0.3,0.49,2,0.532,P2,Team_A,Medium,2
3267,Low,0.3,0.54,1,0.67,0.79,0.95,6,0.328,P3,Team_C,Low,1
3268,High,0.9,0.68,1,0.74,0.84,0.97,3,0.71,P1,Team_B,High,6
3269,Medium,0.6,0.69,3,0.62,0.93,1.0,6,0.537,P2,Team_B,Medium,2
3270,High,0.9,0.93,3,0.77,0.66,0.4,5,0.87,P1,Team_C,High,4
3271,Low,0.3,0.08,1,0.77,0.5,0.7,2,0.267,P3,Team_C,Low,1
3272,High,0.9,0.45,1,0.93,0.99,0.52,4,0.747,P1,Team_A,High,6
3273,Low,0.3,0.3,3,0.9,0.48,0.66,5,0.326,P3,Team_C,Low,1
3274,Low,0.3,0.35,1,0.53,0.53,0.86,4,0.367,P3,Team_B,Low,1
3275,High,0.9,0.82,2,0.84,0.72,0.48,3,0.69,P1,Team_A,High,4
3276,Low,0.3,0.91,4,0.55,0.75,0.66,2,0.398,P3,Team_C,Low,1
3277,Low,0.3,0.66,4,0.47,0.42,0.54,3,0.363,P3,Team_C,Low,1
3278,Low,0.3,0.47,4,0.78,0.44,0.38,2,0.371,P3,Team_C,Low,1
3279,High,0.9,0.98,1,0.9,0.73,0.32,7,0.87,P1,Team_A,High,4
3280,High,0.9,0.44,1,0.36,0.81,0.97,2,0.596,P2,Team_B,Medium,3
3281,High,0.9,0.29,4,0.79,0.62,1.0,3,0.564,P2,Team_C,Medium,2
3282,High,0.9,0.92,1,0.56,0.73,0.97,2,0.68,P1,Team_B,High,4
3283,Medium,0.6,0.71,3,0.75,0.84,0.53,3,0.525,P2,Team_B,Medium,3
3284,Medium,0.6,0.66,2,0.47,0.57,0.36,8,0.616,P2,Team_C,Medium,2
3285,Low,0.3,0.65,3,0.42,0.5,0.61,4,0.443,P2,Team_B,Medium,2
3286,Medium,0.6,0.65,2,0.73,0.58,0.41,3,0.584,P2,Team_C,Medium,2
3287,Medium,0.6,0.13,2,0.51,0.85,0.54,1,0.415,P3,Team_B,Low,1
3288,Low,0.3,0.71,3,0.89,0.85,0.67,2,0.381,P3,Team_C,Low,1
3289,Low,0.3,0.31,4,0.51,0.37,0.61,6,0.389,P3,Team_B,Low,1
3290,Low,0.3,0.88,1,0.74,0.93,0.41,2,0.439,P2,Team_B,Medium,2
3291,Medium,0.6,0.51,1,0.79,0.8,0.36,3,0.557,P2,Team_B,Medium,2
3292,High,0.9,0.73,2,0.86,0.59,0.71,1,0.69,P1,Team_A,High,4
3293,Low,0.3,0.41,1,0.75,0.51,0.82,1,0.293,P3,Team_C,Low,1
3294,Low,0.3,0.4,2,0.86,0.71,0.38,5,0.302,P3,Team_C,Low,1
3295,Medium,0.6,0.12,1,0.62,0.13,0.76,1,0.505,P2,Team_C,Medium,2
3296,Medium,0.6,0.75,4,0.64,0.48,0.68,4,0.607,P2,Team_C,Medium,2
3297,Medium,0.6,0.26,4,0.86,0.65,0.86,4,0.519,P2,Team_A,Medium,2
3298,Medium,0.6,0.19,2,0.79,0.82,0.53,9,0.512,P2,Team_B,Medium,2
3299,Medium,0.6,0.76,4,0.95,0.38,0.58,4,0.674,P1,Team_C,High,5
3300,High,0.9,0.29,4,0.58,0.64,0.47,4,0.636,P2,Team_C,Medium,3
3301,High,0.9,0.48,2,0.36,0.61,0.77,3,0.681,P1,Team_C,High,6
3302,Low,0.3,0.4,4,0.45,0.72,0.58,2,0.3,P3,Team_B,Low,1
3303,Medium,0.6,0.64,2,0.54,0.7,0.9,6,0.612,P2,Team_A,Medium,3
3304,Low,0.3,0.65,2,0.83,0.63,0.38,2,0.395,P3,Team_C,Low,1
3305,Low,0.3,0.45,1,0.94,0.65,0.64,3,0.337,P3,Team_B,Low,1
3306,High,0.9,0.23,2,0.82,0.78,0.61,2,0.683,P1,Team_A,High,6
3307,Low,0.3,0.58,2,0.98,0.92,0.88,5,0.322,P3,Team_B,Low,1
3308,High,0.9,0.26,3,0.79,0.74,0.35,2,0.652,P1,Team_B,High,4
3309,Medium,0.6,0.44,1,0.6,0.89,0.56,4,0.466,P2,Team_B,Medium,3
3310,Medium,0.6,0.66,3,0.57,0.95,0.87,3,0.505,P2,Team_B,Medium,2
3311,Medium,0.6,0.7,4,0.86,0.74,0.69,7,0.623,P2,Team_C,Medium,3
3312,Low,0.3,0.82,1,0.78,0.51,0.61,2,0.443,P2,Team_B,Medium,3
3313,High,0.9,0.1,4,0.51,0.72,0.43,5,0.618,P2,Team_B,Medium,3
3314,Medium,0.6,0.47,2,0.9,0.58,0.34,4,0.546,P2,Team_A,Medium,2
3315,Low,0.3,0.68,2,0.74,0.76,0.76,7,0.375,P3,Team_B,Low,1
3316,Medium,0.6,0.23,3,0.78,0.53,0.81,5,0.506,P2,Team_C,Medium,3
3317,Low,0.3,0.62,3,0.68,0.61,0.65,4,0.427,P2,Team_B,Medium,3
3318,Medium,0.6,0.31,1,0.77,0.72,0.78,3,0.461,P2,Team_C,Medium,3
3319,Medium,0.6,0.68,1,0.73,0.97,0.38,1,0.542,P2,Team_B,Medium,3
3320,High,0.9,0.43,4,0.62,0.52,0.43,4,0.714,P1,Team_C,High,4
3321,Medium,0.6,0.78,4,0.81,0.81,0.4,3,0.566,P2,Team_B,Medium,2
3322,Medium,0.6,0.64,3,0.87,0.29,0.57,6,0.65,P2,Team_C,Medium,3
3323,Medium,0.6,0.41,2,0.28,0.71,0.5,2,0.556,P2,Team_A,Medium,3
3324,Low,0.3,0.78,3,0.88,0.93,0.56,2,0.418,P3,Team_B,Low,1
3325,Low,0.3,0.61,3,0.79,0.74,0.91,1,0.305,P3,Team_B,Low,1
3326,Low,0.3,0.32,1,0.85,0.6,0.98,2,0.203,P3,Team_B,Low,1
3327,High,0.9,0.35,1,0.88,0.69,0.43,4,0.792,P1,Team_A,High,4
3328,Low,0.3,0.33,1,0.83,0.88,0.89,1,0.282,P3,Team_B,Low,1
3329,Medium,0.6,0.78,2,0.63,0.59,0.5,2,0.675,P1,Team_A,High,4
3330,Medium,0.6,0.29,3,0.67,0.88,0.99,3,0.348,P3,Team_B,Low,1
3331,High,0.9,0.66,4,0.51,0.91,0.79,2,0.764,P1,Team_B,High,5
3332,High,0.9,0.78,2,0.67,0.78,0.86,5,0.741,P1,Team_B,High,5
3333,High,0.9,0.33,2,0.83,0.64,0.42,4,0.668,P1,Team_A,High,5
3334,Medium,0.6,0.43,2,0.8,0.95,0.47,4,0.473,P2,Team_B,Medium,2
3335,Medium,0.6,0.87,1,0.93,0.35,0.47,3,0.703,P1,Team_C,High,5
3336,Low,0.3,0.29,1,0.6,0.88,0.78,3,0.294,P3,Team_C,Low,1
3337,High,0.9,0.46,4,0.81,0.41,0.5,1,0.646,P2,Team_A,Medium,2
3338,Medium,0.6,0.32,4,0.71,0.84,0.67,3,0.379,P3,Team_B,Low,1
3339,High,0.9,0.49,3,0.78,0.55,0.57,4,0.741,P1,Team_C,High,4
3340,Low,0.3,0.59,1,0.68,0.75,0.64,3,0.322,P3,Team_B,Low,1
3341,Medium,0.6,0.62,1,0.73,0.6,0.92,1,0.497,P2,Team_A,Medium,2
3342,Low,0.3,0.23,4,0.61,0.94,0.61,7,0.333,P3,Team_B,Low,1
3343,High,0.9,0.27,3,0.66,0.45,0.77,2,0.544,P2,Team_C,Medium,3
3344,Low,0.3,0.51,4,0.83,0.54,0.46,1,0.397,P3,Team_C,Low,1
3345,Low,0.3,0.26,1,0.88,0.87,0.59,4,0.28,P3,Team_B,Low,1
3346,Low,0.3,0.47,2,0.83,0.66,0.89,2,0.206,P3,Team_B,Low,1
3347,Low,0.3,0.42,3,0.83,0.47,0.5,2,0.443,P2,Team_C,Medium,3
3348,Low,0.3,0.91,4,0.76,0.89,0.9,2,0.409,P3,Team_C,Low,1
3349,Medium,0.6,0.51,3,0.57,0.79,0.54,7,0.551,P2,Team_B,Medium,3
3350,Low,0.3,0.66,3,0.51,0.57,0.51,0,0.443,P2,Team_B,Medium,2
3351,Low,0.3,0.26,4,0.53,0.51,0.94,2,0.213,P3,Team_C,Low,1
3352,High,0.9,0.66,4,0.72,0.7,0.6,2,0.68,P1,Team_B,High,6
3353,Low,0.3,0.41,4,0.6,0.96,0.64,5,0.282,P3,Team_C,Low,1
3354,Medium,0.6,0.33,1,0.77,0.65,0.95,0,0.436,P2,Team_C,Medium,3
3355,Medium,0.6,0.52,2,0.53,0.8,0.55,3,0.496,P2,Team_B,Medium,3
3356,Low,0.3,0.53,4,0.85,0.4,0.33,2,0.452,P2,Team_B,Medium,2
3357,Low,0.3,0.31,2,0.66,0.73,0.73,2,0.228,P3,Team_B,Low,1
3358,High,0.9,0.08,4,0.71,0.45,0.73,4,0.581,P2,Team_C,Medium,2
3359,Low,0.3,0.31,3,0.87,0.57,0.4,4,0.385,P3,Team_C,Low,1
3360,Low,0.3,0.74,1,0.87,0.53,0.59,4,0.354,P3,Team_C,Low,1
3361,Low,0.3,0.58,2,0.97,0.26,0.58,1,0.364,P3,Team_C,Low,1
3362,High,0.9,0.11,3,0.91,0.8,0.93,5,0.688,P1,Team_A,High,6
3363,Medium,0.6,0.25,4,0.91,0.47,0.32,4,0.531,P2,Team_A,Medium,2
3364,Medium,0.6,0.54,1,0.39,0.86,0.67,2,0.556,P2,Team_B,Medium,3
3365,Low,0.3,0.61,4,0.64,0.85,0.49,3,0.397,P3,Team_C,Low,1
3366,High,0.9,0.34,4,0.58,0.79,0.82,4,0.625,P2,Team_B,Medium,2
3367,High,0.9,0.69,2,0.44,0.96,0.32,2,0.812,P1,Team_B,High,5
3368,Low,0.3,0.4,3,0.51,0.7,0.58,1,0.365,P3,Team_C,Low,1
3369,Medium,0.6,0.79,2,0.48,0.84,0.53,3,0.554,P2,Team_B,Medium,3
3370,Medium,0.6,0.67,3,0.72,0.93,0.79,2,0.484,P2,Team_B,Medium,2
3371,Low,0.3,0.68,4,0.63,0.86,0.45,3,0.406,P3,Team_B,Low,1
3372,Medium,0.6,0.33,3,0.85,0.69,0.76,1,0.544,P2,Team_C,Medium,2
3373,Low,0.3,0.18,4,0.56,0.84,1.0,6,0.265,P3,Team_C,Low,1
3374,High,0.9,0.86,3,0.87,0.81,0.8,0,0.729,P1,Team_A,High,6
3375,Medium,0.6,0.77,2,0.68,0.63,0.37,4,0.625,P2,Team_C,Medium,3
3376,Low,0.3,0.2,3,0.7,0.93,0.32,4,0.273,P3,Team_C,Low,1
3377,Low,0.3,0.71,1,0.83,0.87,0.82,2,0.349,P3,Team_B,Low,1
3378,Low,0.3,0.3,4,0.64,0.94,0.35,7,0.355,P3,Team_B,Low,1
3379,Medium,0.6,0.63,1,0.83,0.37,0.57,3,0.62,P2,Team_A,Medium,3
3380,Medium,0.6,0.26,3,0.68,0.75,0.99,4,0.386,P3,Team_B,Low,1
3381,High,0.9,0.47,4,0.64,0.9,0.4,4,0.688,P1,Team_B,High,5
3382,Medium,0.6,0.44,1,0.51,0.62,0.48,1,0.457,P2,Team_C,Medium,3
3383,Low,0.3,0.29,3,0.7,0.43,0.79,7,0.363,P3,Team_C,Low,1
3384,Low,0.3,0.78,2,0.78,0.88,0.87,1,0.292,P3,Team_B,Low,1
3385,Medium,0.6,0.94,4,0.43,0.66,0.81,3,0.575,P2,Team_A,Medium,3
3386,Low,0.3,0.62,1,0.19,0.87,0.79,0,0.268,P3,Team_B,Low,1
3387,Medium,0.6,0.43,3,0.62,0.5,0.88,2,0.439,P2,Team_C,Medium,3
3388,High,0.9,0.62,4,0.93,0.62,0.52,1,0.741,P1,Team_A,High,6
3389,Low,0.3,0.63,2,0.39,0.83,0.43,1,0.336,P3,Team_B,Low,1
3390,Medium,0.6,0.34,2,0.68,0.79,0.4,4,0.434,P2,Team_B,Medium,2
3391,Low,0.3,0.93,3,0.87,0.71,0.34,1,0.528,P2,Team_C,Medium,3
3392,Low,0.3,0.7,3,0.4,0.72,0.94,4,0.311,P3,Team_C,Low,1
3393,Medium,0.6,0.38,2,0.92,0.56,0.39,4,0.591,P2,Team_C,Medium,3
3394,Low,0.3,0.41,1,0.87,0.63,0.58,1,0.391,P3,Team_C,Low,1
3395,High,0.9,0.52,2,0.68,0.84,0.89,3,0.557,P2,Team_B,Medium,2
3396,Low,0.3,0.3,4,0.66,0.76,0.58,1,0.283,P3,Team_C,Low,1
3397,Low,0.3,0.79,2,0.65,0.41,0.47,3,0.472,P2,Team_B,Medium,3
3398,High,0.9,0.56,4,0.59,0.45,0.63,3,0.702,P1,Team_C,High,4
3399,Medium,0.6,0.68,2,0.47,0.78,0.53,1,0.577,P2,Team_B,Medium,3
3400,Medium,0.6,0.41,4,0.82,0.85,0.86,6,0.445,P2,Team_B,Medium,3
3401,High,0.9,0.11,2,0.53,0.55,0.75,8,0.6,P2,Team_C,Medium,3
3402,Low,0.3,0.59,1,0.13,0.84,0.74,1,0.343,P3,Team_B,Low,1
3403,Medium,0.6,0.19,1,0.78,0.69,0.64,2,0.425,P2,Team_C,Medium,2
3404,Medium,0.6,0.65,2,0.96,0.89,0.85,2,0.487,P2,Team_B,Medium,3
3405,High,0.9,0.4,1,0.75,0.89,0.89,2,0.639,P2,Team_B,Medium,3
3406,Low,0.3,0.6,1,0.58,0.74,0.58,1,0.351,P3,Team_B,Low,1
3407,Medium,0.6,0.53,4,0.9,0.65,0.8,5,0.565,P2,Team_C,Medium,2
3408,Low,0.3,0.82,3,0.92,0.6,0.8,1,0.358,P3,Team_C,Low,1
3409,Low,0.3,0.34,4,0.8,0.37,0.41,1,0.378,P3,Team_B,Low,1
3410,Low,0.3,0.5,3,0.7,0.87,0.76,5,0.33,P3,Team_C,Low,1
3411,Medium,0.6,0.87,4,0.74,0.75,0.91,3,0.584,P2,Team_B,Medium,3
3412,High,0.9,0.48,1,0.66,0.73,0.73,3,0.695,P1,Team_B,High,6
3413,Low,0.3,0.48,2,0.89,0.63,0.89,0,0.286,P3,Team_B,Low,1
3414,High,0.9,0.47,3,0.59,0.51,0.48,1,0.674,P1,Team_C,High,6
3415,Low,0.3,0.61,2,0.64,0.24,0.53,5,0.486,P2,Team_C,Medium,3
3416,Medium,0.6,0.59,1,0.83,0.78,0.55,3,0.571,P2,Team_B,Medium,3
3417,Medium,0.6,0.77,2,0.74,0.75,0.78,6,0.593,P2,Team_B,Medium,2
3418,High,0.9,0.95,1,0.83,0.82,0.78,6,0.682,P1,Team_A,High,5
3419,Medium,0.6,0.35,4,0.5,0.6,0.82,1,0.408,P3,Team_C,Low,1
3420,High,0.9,0.36,1,0.54,0.92,0.98,4,0.626,P2,Team_B,Medium,2
3421,Medium,0.6,0.9,4,0.64,0.7,0.88,2,0.57,P2,Team_A,Medium,3
3422,Medium,0.6,0.8,4,0.85,0.58,0.74,2,0.592,P2,Team_C,Medium,3
3423,High,0.9,0.22,2,0.8,0.83,0.75,2,0.625,P2,Team_A,Medium,3
3424,Medium,0.6,0.61,1,0.65,0.61,0.31,2,0.535,P2,Team_C,Medium,3
3425,Low,0.3,0.69,1,0.59,0.73,0.88,7,0.421,P2,Team_B,Medium,2
3426,Medium,0.6,0.59,3,0.78,0.77,0.78,2,0.469,P2,Team_B,Medium,3
3427,High,0.9,0.61,4,0.52,0.67,0.96,1,0.702,P1,Team_C,High,6
3428,Low,0.3,0.31,4,0.69,0.69,0.4,1,0.386,P3,Team_C,Low,1
3429,High,0.9,0.4,2,0.74,0.26,0.82,3,0.707,P1,Team_C,High,5
3430,Low,0.3,0.87,3,0.8,0.51,0.76,3,0.488,P2,Team_C,Medium,3
3431,Low,0.3,0.52,3,0.64,0.51,0.37,1,0.408,P3,Team_B,Low,1
3432,Low,0.3,0.3,4,0.61,0.81,0.49,1,0.366,P3,Team_B,Low,1
3433,Low,0.3,0.57,1,0.4,0.79,0.89,2,0.403,P3,Team_B,Low,1
3434,Low,0.3,0.27,3,0.71,0.62,0.82,0,0.409,P3,Team_C,Low,1
3435,Medium,0.6,0.27,4,0.89,0.57,0.75,1,0.381,P3,Team_A,Low,1
3436,Medium,0.6,0.86,2,0.55,0.69,0.56,3,0.703,P1,Team_C,High,4
3437,Low,0.3,0.17,2,0.74,0.74,0.47,4,0.324,P3,Team_B,Low,1
3438,Low,0.3,0.62,4,0.99,0.95,0.82,4,0.353,P3,Team_B,Low,1
3439,High,0.9,0.41,4,0.95,0.7,0.73,0,0.634,P2,Team_A,Medium,3
3440,High,0.9,0.67,3,0.69,0.95,0.91,5,0.589,P2,Team_B,Medium,2
3441,Medium,0.6,0.51,2,0.91,0.55,0.86,3,0.505,P2,Team_C,Medium,3
3442,High,0.9,0.34,1,0.81,0.69,0.76,1,0.713,P1,Team_A,High,5
3443,High,0.9,0.08,3,0.86,0.73,0.84,3,0.571,P2,Team_A,Medium,3
3444,Medium,0.6,0.59,4,0.36,0.41,0.55,2,0.506,P2,Team_C,Medium,2
3445,Medium,0.6,0.44,3,0.77,0.44,0.6,3,0.471,P2,Team_C,Medium,3
3446,High,0.9,0.41,4,0.68,0.7,0.52,5,0.693,P1,Team_B,High,6
3447,Medium,0.6,0.36,1,0.9,0.74,0.33,1,0.427,P2,Team_A,Medium,3
3448,Low,0.3,0.84,4,0.54,0.72,0.67,3,0.409,P3,Team_C,Low,1
3449,Low,0.3,0.31,2,0.61,0.69,0.42,3,0.322,P3,Team_B,Low,1
3450,Medium,0.6,0.76,4,0.99,0.63,0.96,6,0.52,P2,Team_A,Medium,3
3451,Low,0.3,0.2,2,0.57,0.75,0.61,1,0.17,P3,Team_B,Low,1
3452,Low,0.3,0.6,1,0.48,0.82,0.56,0,0.386,P3,Team_C,Low,1
3453,Medium,0.6,0.59,3,0.63,0.53,0.86,4,0.597,P2,Team_A,Medium,2
3454,Low,0.3,0.74,4,0.76,0.63,0.76,1,0.414,P3,Team_B,Low,1
3455,Medium,0.6,0.34,3,0.97,0.63,0.9,5,0.541,P2,Team_A,Medium,3
3456,Low,0.3,0.75,2,0.74,0.77,0.46,4,0.406,P3,Team_B,Low,1
3457,Low,0.3,0.76,3,0.3,0.32,0.85,3,0.355,P3,Team_C,Low,1
3458,Low,0.3,0.39,2,0.33,0.57,0.71,3,0.257,P3,Team_C,Low,1
3459,Low,0.3,0.42,2,0.59,0.78,0.33,2,0.308,P3,Team_C,Low,1
3460,High,0.9,0.64,2,0.68,0.7,0.47,2,0.757,P1,Team_B,High,4
3461,Low,0.3,0.77,3,0.97,0.47,0.84,4,0.464,P2,Team_B,Medium,2
3462,High,0.9,0.87,3,0.56,0.68,0.78,2,0.767,P1,Team_C,High,5
3463,Low,0.3,0.5,1,0.85,0.79,0.44,4,0.296,P3,Team_B,Low,1
3464,Low,0.3,0.72,3,0.81,0.54,0.52,3,0.463,P2,Team_B,Medium,3
3465,High,0.9,0.66,1,0.83,0.59,0.56,3,0.765,P1,Team_A,High,6
3466,Medium,0.6,0.13,4,0.83,0.81,0.79,5,0.416,P3,Team_B,Low,1
3467,Low,0.3,0.4,1,0.42,0.7,0.46,2,0.267,P3,Team_C,Low,1
3468,Low,0.3,0.13,1,0.63,0.92,0.88,5,0.243,P3,Team_B,Low,1
3469,High,0.9,0.23,4,0.62,0.52,0.44,1,0.639,P2,Team_C,Medium,2
3470,Low,0.3,0.56,1,0.76,0.36,0.9,3,0.394,P3,Team_B,Low,1
3471,Medium,0.6,0.78,2,0.59,0.81,0.63,4,0.577,P2,Team_B,Medium,3
3472,Low,0.3,0.92,2,0.8,0.54,0.64,6,0.482,P2,Team_C,Medium,3
3473,Medium,0.6,0.53,3,0.62,0.57,0.87,3,0.529,P2,Team_A,Medium,3
3474,Medium,0.6,0.56,1,0.96,0.32,0.99,2,0.534,P2,Team_A,Medium,2
3475,High,0.9,0.27,1,0.63,0.85,0.84,1,0.546,P2,Team_B,Medium,2
3476,Low,0.3,0.45,2,0.8,0.71,0.82,4,0.39,P3,Team_C,Low,1
3477,Medium,0.6,0.45,3,0.55,0.94,0.36,4,0.492,P2,Team_B,Medium,3
3478,High,0.9,0.55,4,0.59,0.79,0.91,3,0.716,P1,Team_B,High,5
3479,High,0.9,0.42,2,0.79,0.9,0.97,1,0.69,P1,Team_B,High,4
3480,High,0.9,0.79,1,0.77,0.75,0.63,2,0.745,P1,Team_B,High,4
3481,Medium,0.6,0.5,3,0.88,0.67,0.61,7,0.617,P2,Team_A,Medium,3
3482,Low,0.3,0.24,2,0.93,0.85,0.63,1,0.268,P3,Team_B,Low,1
3483,High,0.9,0.8,3,0.43,0.58,0.93,2,0.79,P1,Team_C,High,5
3484,Low,0.3,0.68,3,0.67,0.76,0.94,2,0.352,P3,Team_C,Low,1
3485,High,0.9,0.62,3,0.85,0.56,0.91,4,0.735,P1,Team_A,High,5
3486,Low,0.3,0.57,2,0.76,0.82,0.33,4,0.377,P3,Team_C,Low,1
3487,Low,0.3,0.28,2,0.55,0.91,0.9,4,0.268,P3,Team_B,Low,1
3488,Medium,0.6,0.76,4,0.55,0.74,0.72,2,0.571,P2,Team_A,Medium,2
3489,Medium,0.6,0.17,2,0.8,0.57,0.67,2,0.511,P2,Team_C,Medium,2
3490,Low,0.3,0.4,3,0.56,0.68,0.95,2,0.39,P3,Team_B,Low,1
3491,High,0.9,0.4,1,0.82,0.54,0.56,3,0.72,P1,Team_A,High,5
3492,Medium,0.6,0.29,4,0.7,0.52,0.54,1,0.525,P2,Team_A,Medium,2
3493,Medium,0.6,0.12,4,0.85,0.6,0.4,2,0.399,P3,Team_A,Low,1
3494,Medium,0.6,0.35,1,0.72,0.66,0.98,5,0.408,P3,Team_A,Low,1
3495,High,0.9,0.22,4,0.62,0.67,0.52,2,0.592,P2,Team_C,Medium,3
3496,Medium,0.6,0.75,4,0.44,0.59,0.87,6,0.574,P2,Team_C,Medium,3
3497,Medium,0.6,0.36,3,0.62,0.52,0.97,3,0.506,P2,Team_A,Medium,3
3498,Medium,0.6,0.64,1,0.69,0.72,0.54,6,0.532,P2,Team_A,Medium,3
3499,Low,0.3,0.29,3,0.82,0.49,0.73,3,0.216,P3,Team_B,Low,1
3500,High,0.9,0.3,4,0.82,0.84,0.41,4,0.676,P1,Team_A,High,5
3501,Low,0.3,0.42,1,0.88,0.42,0.54,1,0.303,P3,Team_B,Low,1
3502,High,0.9,0.58,3,0.65,0.87,0.53,2,0.715,P1,Team_B,High,5
3503,High,0.9,0.41,4,0.68,0.86,0.54,3,0.658,P1,Team_B,High,5
3504,Medium,0.6,0.43,1,0.75,0.9,0.36,0,0.426,P2,Team_B,Medium,3
3505,Medium,0.6,0.96,2,0.74,0.57,0.49,2,0.574,P2,Team_A,Medium,3
3506,High,0.9,0.77,3,0.82,0.64,0.59,3,0.71,P1,Team_A,High,6
3507,High,0.9,0.51,3,0.64,0.81,0.63,4,0.664,P1,Team_B,High,5
3508,Low,0.3,0.77,2,0.84,0.55,0.33,4,0.502,P2,Team_C,Medium,3
3509,Medium,0.6,0.86,4,0.75,0.64,0.95,4,0.575,P2,Team_A,Medium,3
3510,Low,0.3,0.74,3,0.81,0.51,0.89,2,0.453,P2,Team_C,Medium,2
3511,Medium,0.6,0.69,2,0.7,0.6,0.7,2,0.572,P2,Team_C,Medium,3
3512,High,0.9,0.13,1,0.86,0.64,0.71,4,0.589,P2,Team_A,Medium,2
3513,Medium,0.6,0.49,4,0.82,0.65,0.58,3,0.612,P2,Team_C,Medium,3
3514,High,0.9,0.35,1,0.41,0.6,0.68,4,0.648,P2,Team_C,Medium,2
3515,Low,0.3,0.04,1,0.91,0.49,0.54,2,0.277,P3,Team_C,Low,1
3516,Low,0.3,0.36,1,0.65,0.87,0.68,7,0.362,P3,Team_C,Low,1
3517,High,0.9,0.58,4,0.74,0.88,0.82,3,0.673,P1,Team_B,High,5
3518,Low,0.3,0.38,3,0.97,0.95,0.51,3,0.279,P3,Team_B,Low,1
3519,High,0.9,0.84,3,0.84,0.52,0.78,3,0.798,P1,Team_A,High,5
3520,High,0.9,0.47,1,0.88,0.77,0.34,3,0.702,P1,Team_A,High,4
3521,Medium,0.6,0.49,3,0.96,0.62,0.75,1,0.47,P2,Team_C,Medium,2
3522,Medium,0.6,0.23,1,0.81,0.78,0.6,2,0.412,P3,Team_B,Low,1
3523,Low,0.3,0.38,4,0.87,0.82,0.9,4,0.349,P3,Team_C,Low,1
3524,Low,0.3,0.63,2,0.47,0.62,0.44,3,0.421,P2,Team_B,Medium,3
3525,Medium,0.6,0.51,2,0.23,0.82,0.92,4,0.429,P2,Team_B,Medium,3
3526,High,0.9,0.49,3,0.98,0.69,0.51,2,0.759,P1,Team_A,High,6
3527,High,0.9,0.6,4,0.73,0.71,0.66,4,0.676,P1,Team_B,High,6
3528,Low,0.3,0.38,2,0.73,0.72,0.42,4,0.387,P3,Team_B,Low,1
3529,High,0.9,0.22,1,0.78,0.46,1.0,0,0.544,P2,Team_C,Medium,2
3530,High,0.9,0.52,3,0.43,0.77,0.99,3,0.574,P2,Team_B,Medium,2
3531,Medium,0.6,0.35,4,0.75,0.42,0.86,3,0.495,P2,Team_C,Medium,3
3532,Low,0.3,0.55,3,0.45,0.54,0.54,6,0.385,P3,Team_B,Low,1
3533,Low,0.3,0.28,2,0.68,0.69,0.49,8,0.303,P3,Team_B,Low,1
3534,High,0.9,0.13,1,0.88,0.43,0.7,2,0.696,P1,Team_A,High,5
3535,High,0.9,0.62,3,0.94,0.67,0.83,3,0.703,P1,Team_A,High,5
3536,Medium,0.6,0.94,1,0.9,0.7,0.44,0,0.616,P2,Team_A,Medium,2
3537,High,0.9,0.49,1,0.91,0.67,0.66,6,0.704,P1,Team_A,High,5
3538,Low,0.3,0.84,4,0.95,0.79,0.61,1,0.371,P3,Team_C,Low,1
3539,High,0.9,0.74,3,0.44,0.62,0.43,3,0.699,P1,Team_C,High,6
3540,High,0.9,0.62,2,0.51,0.77,0.52,6,0.805,P1,Team_B,High,4
3541,Medium,0.6,0.69,1,0.79,0.45,0.63,5,0.572,P2,Team_C,Medium,2
3542,High,0.9,0.64,1,0.78,0.81,0.93,5,0.647,P2,Team_B,Medium,3
3543,High,0.9,0.7,2,0.68,0.43,0.58,6,0.77,P1,Team_C,High,4
3544,High,0.9,0.48,2,0.86,0.39,0.63,4,0.725,P1,Team_A,High,6
3545,Medium,0.6,0.4,1,0.86,0.75,0.99,5,0.453,P2,Team_B,Medium,2
3546,Low,0.3,0.21,4,0.83,0.52,0.7,3,0.331,P3,Team_C,Low,1
3547,Medium,0.6,0.54,3,0.45,0.78,0.44,8,0.591,P2,Team_B,Medium,3
3548,Low,0.3,0.95,2,0.99,0.46,0.66,4,0.389,P3,Team_B,Low,1
3549,Medium,0.6,0.49,2,0.75,0.42,0.76,5,0.513,P2,Team_C,Medium,3
3550,High,0.9,0.71,3,0.52,0.78,0.8,3,0.662,P1,Team_B,High,6
3551,Medium,0.6,0.65,3,0.3,0.43,0.85,8,0.599,P2,Team_C,Medium,2
3552,Low,0.3,0.82,3,0.96,0.59,0.49,1,0.398,P3,Team_B,Low,1
3553,Medium,0.6,0.46,4,0.64,0.7,0.92,2,0.457,P2,Team_C,Medium,3
3554,High,0.9,0.63,3,0.86,0.38,0.72,1,0.728,P1,Team_A,High,4
3555,High,0.9,0.54,3,0.58,0.66,0.54,2,0.66,P1,Team_C,High,6
3556,Medium,0.6,0.67,4,0.97,0.94,0.96,4,0.478,P2,Team_B,Medium,3
3557,Low,0.3,0.67,4,0.74,0.78,0.9,1,0.353,P3,Team_C,Low,1
3558,Low,0.3,0.18,4,0.85,0.74,0.94,4,0.247,P3,Team_C,Low,1
3559,Medium,0.6,0.54,1,0.83,0.6,0.48,3,0.545,P2,Team_A,Medium,2
3560,Medium,0.6,0.56,4,0.3,0.58,0.38,3,0.547,P2,Team_A,Medium,3
3561,Medium,0.6,0.28,1,0.65,0.33,0.33,0,0.554,P2,Team_C,Medium,2
3562,Medium,0.6,0.44,3,0.95,0.12,0.95,1,0.579,P2,Team_C,Medium,2
3563,Low,0.3,0.46,2,0.69,0.78,0.54,4,0.372,P3,Team_B,Low,1
3564,Low,0.3,0.24,2,0.97,0.47,0.41,4,0.317,P3,Team_C,Low,1
3565,Low,0.3,0.42,3,0.79,0.91,0.76,2,0.233,P3,Team_B,Low,1
3566,High,0.9,0.33,2,0.82,0.88,0.59,2,0.55,P2,Team_A,Medium,2
3567,High,0.9,0.37,4,0.85,0.8,0.57,4,0.584,P2,Team_A,Medium,2
3568,Low,0.3,0.17,1,0.8,0.64,0.96,3,0.297,P3,Team_B,Low,1
3569,High,0.9,0.51,3,0.44,0.79,0.35,2,0.628,P2,Team_B,Medium,2
3570,Low,0.3,0.46,4,0.69,0.63,0.62,3,0.386,P3,Team_B,Low,1
3571,Low,0.3,0.67,1,0.76,0.87,0.98,3,0.36,P3,Team_C,Low,1
3572,High,0.9,0.27,4,0.84,0.85,0.46,3,0.605,P2,Team_A,Medium,2
3573,Medium,0.6,0.18,3,0.49,0.94,0.64,4,0.402,P3,Team_B,Low,1
3574,Low,0.3,0.05,2,0.5,0.17,0.6,3,0.31,P3,Team_B,Low,1
3575,Medium,0.6,0.5,4,0.82,0.27,0.89,5,0.54,P2,Team_C,Medium,2
3576,Low,0.3,0.84,4,0.92,0.57,0.55,6,0.436,P2,Team_C,Medium,2
3577,Low,0.3,0.5,1,0.71,0.66,0.99,2,0.274,P3,Team_C,Low,1
3578,High,0.9,0.36,3,0.47,0.92,0.93,3,0.596,P2,Team_B,Medium,2
3579,Low,0.3,0.39,1,0.96,0.77,0.41,2,0.265,P3,Team_C,Low,1
3580,Low,0.3,0.58,2,0.63,0.37,0.86,3,0.382,P3,Team_B,Low,1
3581,Medium,0.6,0.22,3,0.67,0.66,0.97,3,0.404,P3,Team_C,Low,1
3582,High,0.9,0.21,2,0.83,0.36,0.8,3,0.701,P1,Team_A,High,5
3583,Low,0.3,0.71,2,0.92,0.76,0.96,2,0.292,P3,Team_C,Low,1
3584,Medium,0.6,0.42,4,0.93,0.75,0.62,6,0.447,P2,Team_B,Medium,3
3585,Medium,0.6,0.64,2,0.71,0.34,0.94,1,0.552,P2,Team_A,Medium,2
3586,Medium,0.6,0.27,4,0.87,0.75,0.42,3,0.444,P2,Team_B,Medium,3
3587,High,0.9,0.65,1,0.84,0.76,0.89,2,0.744,P1,Team_A,High,4
3588,High,0.9,0.52,4,0.71,0.34,0.87,4,0.661,P1,Team_C,High,4
3589,Medium,0.6,0.87,4,0.68,0.78,0.91,4,0.608,P2,Team_B,Medium,2
3590,Medium,0.6,0.41,4,0.86,0.75,0.78,5,0.478,P2,Team_B,Medium,3
3591,Low,0.3,0.57,3,0.65,0.9,0.41,6,0.363,P3,Team_B,Low,1
3592,Low,0.3,0.78,4,0.98,0.9,0.75,3,0.361,P3,Team_B,Low,1
3593,Low,0.3,0.85,2,0.49,0.88,0.51,2,0.422,P2,Team_C,Medium,2
3594,Low,0.3,0.65,4,0.83,0.35,0.77,1,0.358,P3,Team_B,Low,1
3595,Low,0.3,0.63,2,0.54,0.34,0.59,3,0.413,P3,Team_C,Low,1
3596,Medium,0.6,0.22,3,0.9,0.49,0.69,4,0.526,P2,Team_A,Medium,2
3597,Medium,0.6,0.41,4,0.74,0.51,0.63,2,0.531,P2,Team_C,Medium,2
3598,Medium,0.6,0.64,1,0.83,0.5,0.59,3,0.551,P2,Team_A,Medium,3
3599,Medium,0.6,0.44,2,0.52,0.79,0.71,3,0.492,P2,Team_B,Medium,3
3600,Medium,0.6,0.62,1,0.91,0.66,0.99,2,0.566,P2,Team_A,Medium,2
3601,Medium,0.6,0.7,1,0.64,0.64,0.6,5,0.589,P2,Team_C,Medium,3
3602,Medium,0.6,0.15,4,0.85,0.5,0.5,4,0.392,P3,Team_C,Low,1
3603,Low,0.3,0.51,3,0.86,0.5,0.5,4,0.513,P2,Team_B,Medium,2
3604,Medium,0.6,0.59,1,0.59,0.88,0.91,2,0.449,P2,Team_B,Medium,2
3605,Low,0.3,0.35,1,0.89,0.68,0.62,1,0.271,P3,Team_C,Low,1
3606,High,0.9,0.5,1,0.48,0.61,0.85,4,0.776,P1,Team_C,High,6
3607,Low,0.3,0.26,1,0.57,0.89,0.52,3,0.169,P3,Team_C,Low,1
3608,Low,0.3,0.45,1,0.81,0.54,0.73,3,0.419,P3,Team_C,Low,1
3609,Medium,0.6,0.5,1,0.51,0.62,0.42,6,0.571,P2,Team_A,Medium,3
3610,Low,0.3,0.88,1,0.52,0.91,0.55,7,0.447,P2,Team_B,Medium,3
3611,Low,0.3,0.62,3,0.54,0.88,0.62,5,0.41,P3,Team_B,Low,1
3612,High,0.9,0.8,4,0.77,0.81,0.55,2,0.704,P1,Team_B,High,6
3613,Medium,0.6,0.56,4,0.81,0.42,0.46,2,0.686,P1,Team_A,High,5
3614,Low,0.3,0.26,3,0.82,0.48,0.41,1,0.345,P3,Team_C,Low,1
3615,High,0.9,0.56,1,0.71,0.8,0.53,2,0.694,P1,Team_B,High,4
3616,Medium,0.6,0.16,1,0.8,0.25,0.99,2,0.476,P2,Team_C,Medium,2
3617,Medium,0.6,0.4,4,0.9,0.12,0.32,4,0.544,P2,Team_A,Medium,3
3618,Medium,0.6,0.55,3,0.64,0.6,0.43,3,0.588,P2,Team_A,Medium,2
3619,High,0.9,0.36,3,0.59,0.75,0.65,5,0.628,P2,Team_B,Medium,2
3620,Low,0.3,0.36,2,0.72,0.49,0.58,6,0.362,P3,Team_C,Low,1
3621,Low,0.3,0.63,1,0.6,0.86,0.9,0,0.343,P3,Team_B,Low,1
3622,Medium,0.6,0.77,4,0.41,0.4,0.76,2,0.63,P2,Team_C,Medium,2
3623,Medium,0.6,0.76,2,0.56,0.42,0.94,4,0.497,P2,Team_A,Medium,2
3624,High,0.9,0.88,3,0.73,0.67,0.53,1,0.925,P1,Team_C,High,5
3625,Medium,0.6,0.29,1,0.44,0.87,0.57,2,0.548,P2,Team_B,Medium,3
3626,Low,0.3,0.52,3,0.86,0.4,0.89,2,0.364,P3,Team_B,Low,1
3627,Low,0.3,0.75,1,0.72,0.62,0.42,4,0.382,P3,Team_C,Low,1
3628,Medium,0.6,0.81,2,0.91,0.47,0.49,3,0.674,P1,Team_A,High,4
3629,Medium,0.6,0.66,3,0.53,0.19,0.89,2,0.57,P2,Team_C,Medium,2
3630,Low,0.3,0.35,4,0.95,0.85,0.6,3,0.308,P3,Team_B,Low,1
3631,Low,0.3,0.59,3,0.81,0.63,0.43,2,0.409,P3,Team_C,Low,1
3632,Medium,0.6,0.34,2,0.55,0.62,0.7,3,0.526,P2,Team_A,Medium,3
3633,Low,0.3,0.81,1,0.84,0.88,0.71,3,0.398,P3,Team_C,Low,1
3634,High,0.9,0.2,4,0.57,0.92,0.54,4,0.488,P2,Team_B,Medium,3
3635,Low,0.3,0.06,1,0.45,0.71,0.38,2,0.345,P3,Team_B,Low,1
3636,Medium,0.6,0.49,2,0.71,0.93,0.86,5,0.426,P2,Team_B,Medium,2
3637,High,0.9,0.58,3,0.68,0.61,0.6,1,0.752,P1,Team_C,High,6
3638,Low,0.3,0.2,1,0.77,0.46,0.41,2,0.275,P3,Team_B,Low,1
3639,Low,0.3,0.29,2,0.4,0.6,0.79,2,0.359,P3,Team_B,Low,1
3640,Medium,0.6,0.66,2,0.79,0.24,0.89,2,0.519,P2,Team_C,Medium,3
3641,High,0.9,0.68,2,0.51,0.74,0.49,4,0.723,P1,Team_B,High,4
3642,High,0.9,0.64,4,0.72,0.63,0.91,4,0.589,P2,Team_C,Medium,2
3643,High,0.9,0.6,1,0.85,0.66,0.64,3,0.666,P1,Team_A,High,4
3644,High,0.9,0.83,4,0.86,0.82,0.32,4,0.711,P1,Team_A,High,6
3645,Low,0.3,0.44,4,0.9,0.26,0.87,1,0.439,P2,Team_B,Medium,2
3646,High,0.9,0.24,1,0.65,0.63,0.46,3,0.709,P1,Team_C,High,5
3647,Low,0.3,0.38,3,0.63,0.79,0.97,2,0.226,P3,Team_C,Low,1
3648,Low,0.3,0.22,4,0.82,0.43,0.59,3,0.404,P3,Team_C,Low,1
3649,Medium,0.6,0.31,2,0.82,0.87,0.71,4,0.449,P2,Team_B,Medium,3
3650,Low,0.3,0.45,1,0.5,0.69,0.73,2,0.228,P3,Team_B,Low,1
3651,Low,0.3,0.71,2,0.88,0.82,0.38,2,0.366,P3,Team_C,Low,1
3652,Medium,0.6,0.4,2,0.87,0.81,0.37,2,0.585,P2,Team_B,Medium,3
3653,High,0.9,0.52,4,0.56,0.4,0.93,2,0.766,P1,Team_C,High,4
3654,High,0.9,0.66,1,0.57,0.34,0.76,1,0.619,P2,Team_C,Medium,3
3655,Low,0.3,0.6,1,0.84,0.86,0.73,2,0.389,P3,Team_B,Low,1
3656,Low,0.3,0.31,1,0.91,0.39,0.91,3,0.301,P3,Team_C,Low,1
3657,Low,0.3,0.76,4,0.49,0.82,0.89,2,0.297,P3,Team_C,Low,1
3658,Low,0.3,0.58,2,0.41,0.99,0.89,2,0.246,P3,Team_C,Low,1
3659,Low,0.3,0.07,3,0.42,0.92,0.87,2,0.204,P3,Team_C,Low,1
3660,High,0.9,0.62,2,0.9,0.54,0.58,5,0.771,P1,Team_A,High,4
3661,Low,0.3,0.58,4,0.85,0.52,0.82,4,0.279,P3,Team_C,Low,1
3662,Low,0.3,0.75,4,0.89,0.49,0.62,1,0.428,P2,Team_C,Medium,2
3663,Medium,0.6,0.66,4,0.58,0.59,0.48,4,0.498,P2,Team_C,Medium,3
3664,Medium,0.6,0.55,2,0.59,0.54,0.45,4,0.589,P2,Team_A,Medium,3
3665,Low,0.3,0.42,2,0.84,0.57,0.35,2,0.494,P2,Team_C,Medium,3
3666,Medium,0.6,0.61,4,0.71,0.57,0.99,3,0.44,P2,Team_A,Medium,2
3667,Low,0.3,0.14,2,0.69,0.57,0.84,4,0.303,P3,Team_B,Low,1
3668,Low,0.3,0.43,1,0.3,0.9,0.49,1,0.318,P3,Team_B,Low,1
3669,Low,0.3,0.51,1,0.61,0.73,0.47,4,0.348,P3,Team_C,Low,1
3670,Medium,0.6,0.35,4,0.59,0.41,0.49,8,0.587,P2,Team_C,Medium,2
3671,Low,0.3,0.59,2,0.71,0.99,0.33,0,0.397,P3,Team_B,Low,1
3672,Low,0.3,0.43,4,0.64,0.88,0.97,4,0.234,P3,Team_C,Low,1
3673,Low,0.3,0.51,2,0.75,0.73,0.79,4,0.386,P3,Team_B,Low,1
3674,Low,0.3,0.76,4,0.89,0.7,0.35,5,0.468,P2,Team_B,Medium,2
3675,Low,0.3,0.83,3,0.79,0.77,0.62,3,0.331,P3,Team_B,Low,1
3676,High,0.9,0.18,1,0.93,0.8,0.55,8,0.616,P2,Team_A,Medium,2
3677,Medium,0.6,0.15,4,0.56,0.81,0.82,0,0.377,P3,Team_B,Low,1
3678,High,0.9,0.94,3,0.75,0.93,0.73,4,0.711,P1,Team_B,High,5
3679,Medium,0.6,0.34,1,0.46,0.93,0.78,1,0.39,P3,Team_B,Low,1
3680,Medium,0.6,0.49,4,0.52,0.94,0.75,1,0.466,P2,Team_B,Medium,2
3681,Low,0.3,0.22,1,0.61,0.34,0.32,3,0.373,P3,Team_C,Low,1
3682,Low,0.3,0.73,2,0.77,0.37,0.47,3,0.389,P3,Team_B,Low,1
3683,Low,0.3,0.79,2,0.68,0.76,0.42,1,0.415,P3,Team_C,Low,1
3684,Low,0.3,0.53,1,0.81,0.96,0.8,2,0.447,P2,Team_B,Medium,3
3685,High,0.9,0.59,1,0.51,0.8,0.34,5,0.695,P1,Team_B,High,5
3686,High,0.9,0.36,2,0.67,0.49,0.68,3,0.59,P2,Team_C,Medium,2
3687,Low,0.3,0.04,3,0.82,0.93,0.32,1,0.238,P3,Team_B,Low,1
3688,Medium,0.6,0.84,3,0.73,0.75,0.65,1,0.538,P2,Team_B,Medium,3
3689,Medium,0.6,0.53,1,0.9,0.65,0.56,3,0.503,P2,Team_A,Medium,2
3690,Medium,0.6,0.48,2,0.73,0.77,0.66,2,0.576,P2,Team_B,Medium,2
3691,High,0.9,0.2,3,0.92,0.45,0.94,1,0.646,P2,Team_A,Medium,2
3692,High,0.9,0.45,2,0.69,0.72,0.82,5,0.61,P2,Team_B,Medium,3
3693,High,0.9,0.25,2,0.54,0.7,0.63,1,0.653,P1,Team_B,High,5
3694,Medium,0.6,0.11,4,0.66,0.8,0.74,8,0.488,P2,Team_B,Medium,3
3695,High,0.9,0.53,1,0.39,0.4,0.62,3,0.686,P1,Team_C,High,4
3696,Low,0.3,0.69,1,0.65,0.37,0.61,4,0.348,P3,Team_C,Low,1
3697,Medium,0.6,0.85,2,0.47,0.81,0.9,2,0.57,P2,Team_B,Medium,2
3698,Medium,0.6,0.36,1,0.92,0.85,0.35,1,0.416,P3,Team_B,Low,1
3699,Low,0.3,0.85,1,0.71,0.63,0.72,5,0.436,P2,Team_C,Medium,3
3700,High,0.9,0.25,3,0.86,0.81,0.47,4,0.509,P2,Team_A,Medium,3
3701,Medium,0.6,0.49,2,0.46,0.47,0.69,5,0.582,P2,Team_A,Medium,2
3702,Low,0.3,0.93,3,0.78,0.56,0.63,4,0.447,P2,Team_C,Medium,3
3703,High,0.9,0.71,2,0.79,0.74,0.8,3,0.6,P2,Team_B,Medium,2
3704,Medium,0.6,0.31,2,0.97,0.85,0.77,3,0.434,P2,Team_B,Medium,3
3705,Low,0.3,0.58,4,0.78,0.41,0.36,7,0.364,P3,Team_B,Low,1
3706,High,0.9,0.66,2,0.91,0.94,0.43,5,0.669,P1,Team_A,High,6
3707,High,0.9,0.39,3,0.52,0.85,0.62,2,0.605,P2,Team_B,Medium,2
3708,High,0.9,0.2,2,0.89,0.31,0.63,4,0.778,P1,Team_A,High,5
3709,Medium,0.6,0.44,4,0.64,0.7,0.94,0,0.47,P2,Team_A,Medium,3
3710,Low,0.3,0.54,1,0.78,0.64,0.96,3,0.249,P3,Team_B,Low,1
3711,Medium,0.6,0.15,3,0.49,0.4,0.31,3,0.442,P2,Team_C,Medium,3
3712,Low,0.3,0.32,2,0.62,0.68,0.81,2,0.316,P3,Team_B,Low,1
3713,Medium,0.6,0.7,1,0.83,0.88,0.97,3,0.451,P2,Team_B,Medium,3
3714,Medium,0.6,0.64,1,0.52,0.85,0.82,1,0.491,P2,Team_B,Medium,2
3715,Low,0.3,0.58,3,0.69,0.86,0.57,1,0.363,P3,Team_B,Low,1
3716,Medium,0.6,0.88,1,0.83,0.51,0.44,3,0.588,P2,Team_C,Medium,3
3717,Medium,0.6,0.57,3,0.9,0.88,0.52,2,0.548,P2,Team_B,Medium,2
3718,High,0.9,0.71,4,0.84,0.85,0.67,7,0.691,P1,Team_A,High,4
3719,High,0.9,0.68,2,0.79,0.68,0.95,4,0.741,P1,Team_C,High,5
3720,Low,0.3,0.6,1,0.81,0.72,0.4,3,0.331,P3,Team_B,Low,1
3721,Low,0.3,0.42,2,0.9,0.66,0.58,2,0.35,P3,Team_C,Low,1
3722,Low,0.3,0.45,2,0.77,0.38,0.71,2,0.456,P2,Team_B,Medium,3
3723,Low,0.3,0.19,3,0.45,0.69,0.67,1,0.197,P3,Team_C,Low,1
3724,Medium,0.6,0.16,2,0.42,0.84,0.41,0,0.379,P3,Team_B,Low,1
3725,Medium,0.6,0.51,1,0.58,0.47,0.6,5,0.536,P2,Team_C,Medium,3
3726,Medium,0.6,0.82,4,0.79,0.86,0.4,1,0.515,P2,Team_B,Medium,3
3727,Medium,0.6,0.9,1,0.86,0.55,0.79,2,0.62,P2,Team_C,Medium,2
3728,High,0.9,0.57,1,0.83,0.37,0.61,3,0.755,P1,Team_A,High,4
3729,Low,0.3,0.26,1,0.58,0.72,0.54,4,0.295,P3,Team_C,Low,1
3730,Medium,0.6,0.91,2,0.88,0.58,0.49,2,0.615,P2,Team_C,Medium,3
3731,Low,0.3,0.6,2,0.8,0.89,0.63,6,0.348,P3,Team_C,Low,1
3732,Low,0.3,0.49,1,0.48,0.79,0.72,3,0.329,P3,Team_B,Low,1
3733,Low,0.3,0.39,1,0.57,0.93,0.31,7,0.338,P3,Team_B,Low,1
3734,Low,0.3,0.23,4,0.88,0.51,0.98,2,0.234,P3,Team_C,Low,1
3735,Medium,0.6,0.62,3,0.65,0.83,0.65,0,0.492,P2,Team_B,Medium,2
3736,Low,0.3,0.78,2,0.73,0.6,0.33,2,0.442,P2,Team_C,Medium,2
3737,Low,0.3,0.43,1,0.59,0.77,0.58,2,0.444,P2,Team_B,Medium,3
3738,Low,0.3,0.11,3,0.81,0.93,0.6,2,0.318,P3,Team_B,Low,1
3739,Medium,0.6,0.34,2,0.74,0.53,0.67,2,0.52,P2,Team_C,Medium,3
3740,High,0.9,0.49,1,0.5,0.67,0.32,8,0.802,P1,Team_C,High,6
3741,Low,0.3,0.71,1,0.8,0.68,0.83,3,0.369,P3,Team_B,Low,1
3742,Low,0.3,0.3,4,0.6,0.71,0.52,2,0.375,P3,Team_B,Low,1
3743,Medium,0.6,0.14,2,0.84,0.47,0.78,3,0.497,P2,Team_A,Medium,2
3744,Low,0.3,0.54,1,0.9,0.39,0.52,3,0.483,P2,Team_C,Medium,3
3745,Low,0.3,0.54,3,0.88,0.4,0.35,1,0.365,P3,Team_C,Low,1
3746,High,0.9,0.39,4,0.67,0.55,0.98,1,0.586,P2,Team_C,Medium,2
3747,Medium,0.6,0.28,4,0.67,0.54,0.34,3,0.598,P2,Team_C,Medium,3
3748,Medium,0.6,0.49,2,0.35,0.8,0.81,1,0.46,P2,Team_B,Medium,2
3749,High,0.9,0.46,1,0.91,0.85,0.79,3,0.646,P2,Team_A,Medium,2
3750,Low,0.3,0.5,1,0.73,0.45,0.48,2,0.359,P3,Team_C,Low,1
3751,Medium,0.6,0.38,2,0.79,0.85,0.97,5,0.446,P2,Team_B,Medium,3
3752,Medium,0.6,0.66,1,0.79,0.35,0.54,4,0.672,P1,Team_A,High,5
3753,Low,0.3,0.62,3,0.72,0.66,0.42,2,0.495,P2,Team_B,Medium,2
3754,High,0.9,0.38,1,0.89,0.74,0.62,4,0.575,P2,Team_A,Medium,2
3755,Medium,0.6,0.8,3,0.94,0.9,0.84,3,0.608,P2,Team_B,Medium,3
3756,Low,0.3,0.88,1,0.97,0.73,0.84,3,0.435,P2,Team_B,Medium,3
3757,Low,0.3,0.59,2,0.85,0.81,0.59,3,0.449,P2,Team_C,Medium,3
3758,Low,0.3,0.89,2,0.73,0.58,0.73,1,0.407,P3,Team_C,Low,1
3759,Low,0.3,0.74,1,0.78,0.59,0.77,3,0.471,P2,Team_B,Medium,3
3760,Medium,0.6,0.07,1,0.5,0.72,0.86,2,0.379,P3,Team_A,Low,1
3761,Medium,0.6,0.74,4,0.5,0.54,0.78,3,0.531,P2,Team_C,Medium,3
3762,Low,0.3,0.57,3,0.68,0.72,0.57,3,0.449,P2,Team_C,Medium,2
3763,Medium,0.6,0.16,1,0.71,0.7,0.38,4,0.474,P2,Team_C,Medium,3
3764,Low,0.3,0.21,1,0.84,0.79,0.89,3,0.285,P3,Team_B,Low,1
3765,Low,0.3,0.7,4,0.9,0.57,0.98,2,0.349,P3,Team_B,Low,1
3766,Low,0.3,0.24,2,0.98,0.57,0.81,1,0.274,P3,Team_C,Low,1
3767,High,0.9,0.47,2,0.89,0.57,0.55,5,0.723,P1,Team_A,High,6
3768,Medium,0.6,0.43,4,0.83,0.72,0.91,3,0.505,P2,Team_A,Medium,3
3769,Low,0.3,0.59,4,0.63,0.19,0.69,2,0.456,P2,Team_B,Medium,3
3770,Medium,0.6,0.43,4,0.86,0.81,0.34,2,0.56,P2,Team_B,Medium,3
3771,Low,0.3,0.45,4,0.65,0.88,0.35,5,0.406,P3,Team_C,Low,1
3772,Medium,0.6,0.28,1,0.58,0.35,0.79,2,0.544,P2,Team_C,Medium,3
3773,Medium,0.6,0.56,1,0.95,0.95,0.55,5,0.466,P2,Team_B,Medium,3
3774,Low,0.3,0.11,1,0.7,0.86,0.74,2,0.226,P3,Team_C,Low,1
3775,Medium,0.6,0.47,4,0.71,0.36,0.42,1,0.446,P2,Team_A,Medium,2
3776,Medium,0.6,0.75,1,0.59,0.35,0.83,3,0.581,P2,Team_A,Medium,3
3777,Low,0.3,0.43,2,0.6,0.75,0.78,4,0.417,P3,Team_B,Low,1
3778,Low,0.3,0.2,2,0.45,0.93,0.57,0,0.258,P3,Team_C,Low,1
3779,Low,0.3,0.31,4,0.58,0.54,0.5,1,0.363,P3,Team_B,Low,1
3780,Medium,0.6,0.38,1,0.72,0.59,0.69,6,0.524,P2,Team_C,Medium,2
3781,Low,0.3,0.85,2,0.82,0.34,0.89,2,0.34,P3,Team_C,Low,1
3782,Low,0.3,0.95,4,0.64,0.91,0.53,1,0.393,P3,Team_B,Low,1
3783,High,0.9,0.13,2,0.56,0.87,0.73,7,0.513,P2,Team_B,Medium,3
3784,High,0.9,0.91,1,0.7,0.53,0.35,2,0.753,P1,Team_C,High,5
3785,Medium,0.6,0.8,3,0.51,0.83,0.91,4,0.489,P2,Team_B,Medium,2
3786,Medium,0.6,0.1,2,0.75,0.41,0.32,1,0.486,P2,Team_A,Medium,2
3787,Low,0.3,0.66,1,0.57,0.5,0.73,1,0.394,P3,Team_C,Low,1
3788,Medium,0.6,0.7,2,0.45,0.74,0.54,6,0.567,P2,Team_A,Medium,2
3789,Medium,0.6,0.64,1,0.28,0.85,0.37,1,0.58,P2,Team_B,Medium,2
3790,Low,0.3,0.4,1,0.69,0.71,0.83,3,0.352,P3,Team_B,Low,1
3791,Medium,0.6,0.82,4,0.93,0.73,0.46,3,0.628,P2,Team_A,Medium,2
3792,High,0.9,0.92,3,0.77,0.76,0.65,8,0.784,P1,Team_B,High,5
3793,High,0.9,0.8,2,0.68,0.54,0.37,1,0.748,P1,Team_C,High,6
3794,High,0.9,0.43,3,0.97,0.85,0.31,5,0.708,P1,Team_A,High,6
3795,Medium,0.6,0.43,1,0.61,0.42,0.9,2,0.541,P2,Team_C,Medium,2
3796,Medium,0.6,0.44,1,0.93,0.78,0.71,3,0.531,P2,Team_B,Medium,2
3797,High,0.9,0.29,2,0.82,0.86,0.71,3,0.704,P1,Team_A,High,5
3798,Low,0.3,0.46,3,0.56,0.43,0.39,2,0.319,P3,Team_B,Low,1
3799,High,0.9,0.15,4,0.49,0.34,0.41,3,0.667,P1,Team_C,High,4
3800,High,0.9,0.26,3,0.58,0.73,0.85,5,0.546,P2,Team_B,Medium,3
3801,Low,0.3,0.61,4,0.69,0.74,0.88,3,0.272,P3,Team_B,Low,1
3802,Low,0.3,0.56,1,0.51,0.51,0.46,2,0.312,P3,Team_C,Low,1
3803,Medium,0.6,0.27,3,0.91,0.67,0.36,3,0.474,P2,Team_A,Medium,3
3804,High,0.9,0.68,4,0.41,0.57,0.58,6,0.743,P1,Team_C,High,4
3805,High,0.9,0.47,4,0.9,0.88,0.96,3,0.604,P2,Team_A,Medium,2
3806,Low,0.3,0.64,4,0.67,0.45,0.43,3,0.384,P3,Team_C,Low,1
3807,Medium,0.6,0.65,1,0.73,0.65,0.93,4,0.499,P2,Team_C,Medium,2
3808,High,0.9,0.29,3,0.84,0.59,0.75,6,0.656,P1,Team_A,High,4
3809,Low,0.3,0.73,1,0.87,0.83,0.79,4,0.374,P3,Team_C,Low,1
3810,Low,0.3,0.44,3,0.85,0.43,0.43,3,0.33,P3,Team_C,Low,1
3811,Medium,0.6,0.24,2,0.48,0.67,0.94,1,0.343,P3,Team_A,Low,1
3812,High,0.9,0.62,4,0.68,0.67,0.47,3,0.737,P1,Team_C,High,6
3813,Low,0.3,0.58,2,0.85,0.73,0.31,5,0.4,P3,Team_B,Low,1
3814,Medium,0.6,0.58,4,0.68,0.88,0.92,4,0.463,P2,Team_B,Medium,3
3815,Medium,0.6,0.36,3,0.64,0.66,0.71,3,0.492,P2,Team_C,Medium,2
3816,Low,0.3,0.99,2,0.88,0.17,0.9,4,0.391,P3,Team_C,Low,1
3817,High,0.9,0.23,1,0.88,0.77,0.59,2,0.526,P2,Team_A,Medium,3
3818,High,0.9,0.35,3,0.87,0.52,0.52,1,0.763,P1,Team_A,High,6
3819,High,0.9,0.3,3,0.59,0.66,0.77,1,0.696,P1,Team_C,High,5
3820,Low,0.3,0.57,3,0.94,0.85,0.98,3,0.295,P3,Team_C,Low,1
3821,High,0.9,0.11,1,0.89,0.59,0.72,1,0.564,P2,Team_A,Medium,2
3822,Medium,0.6,0.28,1,0.75,0.53,0.65,1,0.464,P2,Team_A,Medium,2
3823,High,0.9,0.86,2,0.7,0.79,0.93,4,0.704,P1,Team_B,High,5
3824,Medium,0.6,0.09,3,0.72,0.85,0.62,3,0.301,P3,Team_B,Low,1
3825,High,0.9,0.35,2,0.61,0.73,0.5,4,0.645,P2,Team_B,Medium,2
3826,Medium,0.6,0.92,3,0.59,0.75,0.33,7,0.621,P2,Team_B,Medium,3
3827,Medium,0.6,0.09,2,0.63,0.9,0.85,7,0.436,P2,Team_B,Medium,3
3828,Low,0.3,0.83,4,0.67,0.97,0.59,6,0.375,P3,Team_B,Low,1
3829,Low,0.3,0.36,3,0.43,0.4,0.37,3,0.399,P3,Team_C,Low,1
3830,Medium,0.6,0.21,2,0.62,0.81,0.47,2,0.598,P2,Team_B,Medium,2
3831,Medium,0.6,0.55,4,0.79,0.61,0.43,1,0.457,P2,Team_A,Medium,2
3832,High,0.9,0.63,1,0.5,0.55,0.84,1,0.702,P1,Team_C,High,6
3833,High,0.9,0.08,4,0.68,0.59,0.32,3,0.696,P1,Team_C,High,6
3834,Low,0.3,0.8,4,0.7,0.75,0.68,2,0.347,P3,Team_C,Low,1
3835,Medium,0.6,0.41,4,0.74,0.9,0.78,2,0.491,P2,Team_B,Medium,3
3836,High,0.9,0.8,1,0.48,0.78,0.54,2,0.822,P1,Team_B,High,6
3837,Low,0.3,0.29,3,0.87,0.67,0.33,4,0.353,P3,Team_B,Low,1
3838,Low,0.3,0.46,2,0.56,0.64,0.95,4,0.3,P3,Team_B,Low,1
3839,Medium,0.6,0.31,2,0.8,0.72,0.55,4,0.448,P2,Team_C,Medium,3
3840,Low,0.3,0.52,1,0.8,0.72,0.66,4,0.356,P3,Team_C,Low,1
3841,High,0.9,0.62,4,0.72,0.54,0.78,4,0.707,P1,Team_C,High,5
3842,Low,0.3,0.58,3,0.46,0.48,0.95,3,0.393,P3,Team_B,Low,1
3843,High,0.9,0.45,1,0.72,0.64,0.66,2,0.676,P1,Team_C,High,5
3844,Medium,0.6,0.56,4,0.56,0.61,0.33,1,0.652,P1,Team_C,High,5
3845,Low,0.3,0.69,2,0.81,0.63,0.77,1,0.318,P3,Team_B,Low,1
3846,High,0.9,0.05,4,0.56,0.48,0.43,5,0.597,P2,Team_C,Medium,3
3847,Medium,0.6,0.4,2,0.96,0.59,0.98,3,0.413,P3,Team_A,Low,1
3848,Low,0.3,0.72,3,0.74,0.37,0.94,4,0.377,P3,Team_C,Low,1
3849,Medium,0.6,0.59,4,0.2,0.83,0.95,2,0.415,P3,Team_B,Low,1
3850,Low,0.3,0.15,3,0.92,0.94,0.64,4,0.246,P3,Team_C,Low,1
3851,Medium,0.6,0.39,3,0.73,0.87,0.94,5,0.418,P3,Team_B,Low,1
3852,High,0.9,0.81,3,0.69,0.78,0.68,4,0.734,P1,Team_B,High,6
3853,Medium,0.6,0.85,1,0.62,0.74,0.42,3,0.582,P2,Team_A,Medium,2
3854,High,0.9,0.3,3,0.51,0.47,0.44,4,0.704,P1,Team_C,High,6
3855,High,0.9,0.91,4,0.73,0.72,0.3,1,0.66,P1,Team_B,High,4
3856,Low,0.3,0.39,4,0.74,0.31,0.55,3,0.42,P3,Team_B,Low,1
3857,Low,0.3,0.42,1,0.91,0.56,0.86,2,0.34,P3,Team_B,Low,1
3858,Low,0.3,0.66,2,0.8,0.8,0.96,5,0.365,P3,Team_C,Low,1
3859,Medium,0.6,0.58,4,0.46,0.8,0.71,4,0.603,P2,Team_B,Medium,3
3860,High,0.9,0.84,4,0.93,0.68,0.45,5,0.785,P1,Team_A,High,5
3861,Medium,0.6,0.37,2,0.77,0.82,0.81,5,0.467,P2,Team_B,Medium,2
3862,Low,0.3,0.05,2,0.71,0.95,0.41,4,0.335,P3,Team_C,Low,1
3863,High,0.9,0.81,1,0.53,0.54,0.81,4,0.735,P1,Team_C,High,6
3864,Low,0.3,0.39,4,0.97,0.62,0.52,4,0.386,P3,Team_C,Low,1
3865,Low,0.3,0.51,3,0.7,0.87,0.75,5,0.437,P2,Team_C,Medium,3
3866,Medium,0.6,0.12,4,0.36,0.77,0.95,0,0.373,P3,Team_B,Low,1
3867,Medium,0.6,0.89,1,0.74,0.78,0.68,4,0.606,P2,Team_B,Medium,2
3868,Medium,0.6,0.42,4,0.79,0.79,0.32,2,0.517,P2,Team_B,Medium,2
3869,Low,0.3,0.64,1,0.76,0.87,0.75,0,0.361,P3,Team_B,Low,1
3870,Low,0.3,0.74,4,0.59,0.49,0.65,1,0.386,P3,Team_B,Low,1
3871,Low,0.3,0.66,2,0.81,0.92,0.44,2,0.373,P3,Team_C,Low,1
3872,Low,0.3,0.91,2,0.82,0.79,0.92,4,0.355,P3,Team_B,Low,1
3873,High,0.9,0.25,3,0.7,0.34,0.48,4,0.735,P1,Team_C,High,6
3874,Low,0.3,0.6,1,0.91,0.58,0.83,2,0.351,P3,Team_B,Low,1
3875,High,0.9,0.9,2,0.55,0.82,0.74,2,0.66,P1,Team_B,High,6
3876,High,0.9,0.24,3,0.87,0.66,0.8,7,0.637,P2,Team_A,Medium,2
3877,Medium,0.6,0.29,3,0.77,0.4,0.77,5,0.529,P2,Team_C,Medium,2
3878,Low,0.3,0.44,2,0.44,0.84,0.68,5,0.306,P3,Team_B,Low,1
3879,Medium,0.6,0.95,1,0.19,0.54,0.72,5,0.59,P2,Team_A,Medium,3
3880,High,0.9,0.46,2,0.78,0.53,0.58,2,0.712,P1,Team_C,High,6
3881,Low,0.3,0.23,3,0.58,0.86,0.84,2,0.216,P3,Team_C,Low,1
3882,High,0.9,0.21,3,0.73,0.61,0.34,2,0.698,P1,Team_C,High,6
3883,High,0.9,0.39,2,0.69,0.5,0.42,2,0.764,P1,Team_C,High,5
3884,High,0.9,0.69,1,0.74,0.5,0.88,5,0.702,P1,Team_C,High,5
3885,Low,0.3,0.76,1,0.41,0.44,0.9,2,0.405,P3,Team_C,Low,1
3886,High,0.9,0.82,3,0.59,0.79,0.9,6,0.735,P1,Team_B,High,5
3887,Low,0.3,0.69,1,0.79,0.77,0.69,6,0.392,P3,Team_C,Low,1
3888,Medium,0.6,0.64,4,0.75,0.43,0.94,4,0.543,P2,Team_C,Medium,3
3889,Low,0.3,0.55,2,0.57,0.76,0.68,2,0.336,P3,Team_C,Low,1
3890,Low,0.3,0.46,4,0.84,0.73,0.61,2,0.382,P3,Team_C,Low,1
3891,High,0.9,0.36,2,0.66,0.65,0.56,2,0.726,P1,Team_C,High,4
3892,High,0.9,0.42,1,0.69,0.7,0.66,1,0.624,P2,Team_B,Medium,3
3893,Medium,0.6,0.73,3,0.82,0.74,0.43,3,0.599,P2,Team_C,Medium,3
3894,Low,0.3,0.1,4,0.96,0.85,0.88,3,0.22,P3,Team_B,Low,1
3895,High,0.9,0.86,3,0.39,0.87,0.82,1,0.701,P1,Team_B,High,6
3896,Medium,0.6,0.66,1,0.53,0.94,0.91,0,0.485,P2,Team_B,Medium,3
3897,High,0.9,0.43,1,0.58,0.43,0.81,4,0.718,P1,Team_C,High,5
3898,High,0.9,0.69,3,0.61,0.24,0.68,3,0.757,P1,Team_C,High,6
3899,High,0.9,0.7,4,0.85,0.85,0.9,8,0.695,P1,Team_A,High,5
3900,Low,0.3,0.55,4,0.73,0.84,0.48,4,0.33,P3,Team_C,Low,1
3901,High,0.9,0.15,4,0.86,0.82,0.74,1,0.581,P2,Team_A,Medium,2
3902,Medium,0.6,0.44,3,0.63,0.28,0.51,5,0.572,P2,Team_C,Medium,3
3903,Medium,0.6,0.41,1,0.72,0.26,0.53,2,0.6,P2,Team_A,Medium,2
3904,Medium,0.6,0.3,3,0.59,0.73,1.0,3,0.498,P2,Team_A,Medium,3
3905,Low,0.3,0.74,2,0.76,0.88,0.97,5,0.294,P3,Team_B,Low,1
3906,High,0.9,0.9,2,0.8,0.93,0.71,7,0.723,P1,Team_A,High,5
3907,Medium,0.6,0.42,1,0.88,0.73,0.55,2,0.565,P2,Team_C,Medium,3
3908,Low,0.3,0.61,2,0.85,0.42,0.54,3,0.425,P2,Team_C,Medium,2
3909,Low,0.3,0.9,2,0.31,0.81,0.55,1,0.461,P2,Team_C,Medium,3
3910,High,0.9,0.41,1,0.47,0.73,0.33,2,0.65,P2,Team_B,Medium,2
3911,Medium,0.6,0.79,2,0.66,0.38,0.32,4,0.592,P2,Team_A,Medium,2
3912,Medium,0.6,0.36,2,0.68,0.69,0.35,3,0.507,P2,Team_A,Medium,3
3913,Medium,0.6,0.6,3,0.91,0.59,0.39,2,0.478,P2,Team_C,Medium,2
3914,Low,0.3,0.5,2,0.68,0.88,0.8,0,0.256,P3,Team_B,Low,1
3915,Low,0.3,0.59,4,0.67,0.72,0.54,4,0.359,P3,Team_C,Low,1
3916,Medium,0.6,0.21,1,0.88,0.26,0.57,1,0.507,P2,Team_A,Medium,2
3917,High,0.9,0.64,2,0.72,0.8,0.32,4,0.708,P1,Team_B,High,6
3918,High,0.9,0.59,3,0.63,0.61,0.49,5,0.71,P1,Team_C,High,4
3919,Medium,0.6,0.5,4,0.66,0.39,0.67,1,0.609,P2,Team_A,Medium,3
3920,High,0.9,0.34,2,0.74,0.82,0.54,4,0.61,P2,Team_B,Medium,2
3921,High,0.9,0.62,1,0.92,0.7,0.68,3,0.755,P1,Team_A,High,6
3922,Medium,0.6,0.55,2,0.23,0.67,0.32,3,0.651,P1,Team_C,High,4
3923,Medium,0.6,0.26,1,0.69,0.49,0.32,2,0.588,P2,Team_C,Medium,2
3924,Low,0.3,0.88,4,0.84,0.35,0.44,1,0.527,P2,Team_B,Medium,3
3925,High,0.9,0.61,3,0.96,0.67,0.38,3,0.727,P1,Team_A,High,5
3926,Medium,0.6,0.42,2,0.83,0.76,0.41,3,0.479,P2,Team_B,Medium,2
3927,Medium,0.6,0.33,3,0.85,0.46,0.7,1,0.468,P2,Team_A,Medium,2
3928,High,0.9,0.2,1,0.43,0.68,0.7,1,0.619,P2,Team_C,Medium,2
3929,Low,0.3,0.51,4,0.9,0.68,0.77,2,0.319,P3,Team_B,Low,1
3930,Low,0.3,0.92,2,0.72,0.84,0.57,4,0.543,P2,Team_C,Medium,2
3931,High,0.9,0.5,4,0.8,0.62,0.98,2,0.596,P2,Team_A,Medium,3
3932,Low,0.3,0.75,3,0.8,0.34,0.93,4,0.498,P2,Team_C,Medium,2
3933,High,0.9,0.61,1,0.89,0.91,0.69,5,0.658,P1,Team_A,High,4
3934,High,0.9,0.57,1,0.95,0.53,0.91,3,0.76,P1,Team_A,High,4
3935,Low,0.3,0.71,4,0.52,0.66,0.69,4,0.454,P2,Team_C,Medium,2
3936,High,0.9,0.45,3,0.79,0.57,0.83,4,0.618,P2,Team_C,Medium,2
3937,Low,0.3,0.34,1,0.68,0.62,0.9,1,0.252,P3,Team_C,Low,1
3938,Medium,0.6,0.38,1,0.7,0.63,0.59,3,0.551,P2,Team_A,Medium,2
3939,Low,0.3,0.88,1,0.64,0.68,0.4,4,0.537,P2,Team_C,Medium,3
3940,Medium,0.6,0.37,1,0.39,0.44,0.44,2,0.423,P2,Team_C,Medium,3
3941,Medium,0.6,0.39,2,0.71,0.81,0.96,3,0.416,P3,Team_B,Low,1
3942,Low,0.3,0.68,3,0.61,0.42,0.9,1,0.338,P3,Team_C,Low,1
3943,Low,0.3,0.71,1,0.52,0.5,0.62,2,0.31,P3,Team_C,Low,1
3944,Low,0.3,0.89,4,0.76,0.9,0.52,2,0.446,P2,Team_C,Medium,2
3945,Medium,0.6,0.7,4,0.67,0.7,0.98,1,0.444,P2,Team_A,Medium,3
3946,High,0.9,0.34,1,0.5,0.81,0.83,6,0.668,P1,Team_B,High,5
3947,Medium,0.6,0.13,3,0.76,0.6,0.75,6,0.462,P2,Team_C,Medium,3
3948,High,0.9,0.54,1,0.88,0.56,0.85,4,0.707,P1,Team_A,High,5
3949,Low,0.3,0.54,3,0.63,0.61,0.83,5,0.423,P2,Team_B,Medium,3
3950,High,0.9,0.25,2,0.67,0.39,0.76,3,0.524,P2,Team_C,Medium,2
3951,Medium,0.6,0.21,1,0.51,0.9,0.98,1,0.35,P3,Team_B,Low,1
3952,Medium,0.6,0.51,4,0.85,0.75,0.4,3,0.501,P2,Team_B,Medium,2
3953,Medium,0.6,0.63,2,0.95,0.88,0.6,1,0.473,P2,Team_B,Medium,3
3954,Low,0.3,0.39,1,0.95,0.38,0.41,2,0.466,P2,Team_C,Medium,3
3955,Low,0.3,0.47,1,0.54,0.81,0.73,4,0.314,P3,Team_C,Low,1
3956,High,0.9,0.23,1,0.96,0.58,0.33,2,0.724,P1,Team_A,High,5
3957,Medium,0.6,0.32,3,0.9,0.62,0.59,0,0.526,P2,Team_C,Medium,3
3958,Low,0.3,0.62,2,0.64,0.84,0.97,2,0.427,P2,Team_C,Medium,3
3959,Low,0.3,0.33,4,0.79,0.51,0.62,1,0.318,P3,Team_C,Low,1
3960,Medium,0.6,0.85,3,0.74,0.74,0.7,0,0.592,P2,Team_C,Medium,2
3961,Low,0.3,0.1,4,0.85,0.88,0.49,1,0.208,P3,Team_B,Low,1
3962,Low,0.3,0.55,1,0.78,0.72,0.94,2,0.31,P3,Team_B,Low,1
3963,Medium,0.6,0.46,4,0.94,0.64,0.69,3,0.552,P2,Team_A,Medium,2
3964,Low,0.3,0.7,2,0.81,0.17,0.93,4,0.455,P2,Team_B,Medium,3
3965,Low,0.3,0.49,1,0.75,0.63,0.79,1,0.24,P3,Team_C,Low,1
3966,Low,0.3,0.76,3,0.35,0.86,0.66,2,0.371,P3,Team_B,Low,1
3967,Medium,0.6,0.16,1,0.9,0.46,0.69,4,0.496,P2,Team_C,Medium,2
3968,High,0.9,0.46,3,0.64,0.56,0.34,3,0.78,P1,Team_C,High,4
3969,Medium,0.6,0.35,2,0.96,0.56,0.53,3,0.501,P2,Team_C,Medium,3
3970,Low,0.3,0.9,1,0.68,0.57,0.67,3,0.412,P3,Team_C,Low,1
3971,High,0.9,0.39,4,0.6,0.73,0.75,0,0.642,P2,Team_B,Medium,3
3972,Low,0.3,0.2,1,0.86,0.51,0.87,2,0.229,P3,Team_B,Low,1
3973,High,0.9,0.75,3,0.81,0.54,0.8,5,0.672,P1,Team_A,High,4
3974,Low,0.3,0.24,2,0.75,0.73,0.84,2,0.287,P3,Team_C,Low,1
3975,Medium,0.6,0.34,2,0.74,0.45,0.36,3,0.563,P2,Team_C,Medium,2
3976,Medium,0.6,0.61,3,0.51,0.72,0.79,6,0.533,P2,Team_A,Medium,3
3977,Medium,0.6,0.45,1,0.92,0.78,0.44,3,0.571,P2,Team_B,Medium,3
3978,High,0.9,0.42,3,0.53,0.78,0.95,3,0.522,P2,Team_B,Medium,2
3979,Medium,0.6,0.21,2,0.82,0.76,0.64,1,0.423,P2,Team_B,Medium,3
3980,Medium,0.6,0.47,3,0.99,0.48,0.95,2,0.498,P2,Team_C,Medium,2
3981,Low,0.3,0.65,2,0.9,0.8,0.5,3,0.372,P3,Team_C,Low,1
3982,Low,0.3,0.51,1,0.75,0.32,0.55,5,0.425,P2,Team_B,Medium,2
3983,Medium,0.6,0.43,3,0.42,0.88,0.91,1,0.422,P2,Team_B,Medium,2
3984,Low,0.3,0.77,4,0.43,0.31,0.63,2,0.375,P3,Team_C,Low,1
3985,High,0.9,0.58,4,0.89,0.51,0.64,1,0.751,P1,Team_A,High,5
3986,Medium,0.6,0.27,2,0.84,0.75,0.7,1,0.423,P2,Team_B,Medium,2
3987,Low,0.3,0.54,3,0.91,0.54,0.88,3,0.354,P3,Team_B,Low,1
3988,Low,0.3,0.15,4,0.65,0.85,0.41,3,0.373,P3,Team_B,Low,1
3989,Low,0.3,0.9,2,0.6,0.67,0.48,2,0.421,P2,Team_B,Medium,3
3990,High,0.9,0.27,1,0.9,0.87,0.39,3,0.528,P2,Team_A,Medium,2
3991,Medium,0.6,0.63,3,0.5,0.86,0.69,3,0.482,P2,Team_B,Medium,2
3992,Medium,0.6,0.49,1,0.81,0.87,0.62,3,0.546,P2,Team_B,Medium,2
3993,High,0.9,0.44,3,0.63,0.7,0.39,1,0.665,P1,Team_B,High,4
3994,Low,0.3,0.65,1,0.5,0.88,0.45,2,0.377,P3,Team_C,Low,1
3995,High,0.9,0.82,3,0.38,0.47,0.87,6,0.663,P1,Team_C,High,5
3996,Low,0.3,0.25,1,0.75,0.51,0.39,0,0.395,P3,Team_C,Low,1
3997,Low,0.3,0.76,3,0.68,0.23,0.94,4,0.378,P3,Team_B,Low,1
3998,Medium,0.6,0.61,4,0.48,0.92,0.45,2,0.527,P2,Team_B,Medium,2
3999,Low,0.3,0.78,1,0.56,0.71,0.58,2,0.381,P3,Team_C,Low,1
4000,High,0.9,0.56,4,0.57,0.7,0.7,3,0.735,P1,Team_B,High,4
4001,Medium,0.6,0.52,4,0.56,0.6,0.47,2,0.473,P2,Team_C,Medium,2
4002,Medium,0.6,0.42,3,0.9,0.88,0.65,6,0.553,P2,Team_B,Medium,2
4003,Low,0.3,0.12,4,0.9,0.7,0.91,3,0.211,P3,Team_B,Low,1
4004,Medium,0.6,0.68,4,0.23,0.47,0.52,0,0.566,P2,Team_C,Medium,2
4005,Medium,0.6,0.82,2,0.75,0.87,0.82,1,0.51,P2,Team_B,Medium,3
4006,High,0.9,0.96,1,0.38,0.97,0.79,2,0.753,P1,Team_B,High,6
4007,High,0.9,0.43,4,0.86,0.56,0.38,3,0.779,P1,Team_A,High,4
4008,High,0.9,0.44,1,0.77,0.74,0.87,1,0.659,P1,Team_B,High,4
4009,Low,0.3,0.68,2,0.61,0.78,0.91,4,0.354,P3,Team_B,Low,1
4010,Low,0.3,0.5,2,0.71,0.2,0.55,5,0.485,P2,Team_B,Medium,3
4011,Low,0.3,0.83,1,0.74,0.64,0.53,1,0.35,P3,Team_C,Low,1
4012,Low,0.3,0.09,1,0.58,0.7,0.83,2,0.211,P3,Team_C,Low,1
4013,Medium,0.6,0.37,2,0.94,0.36,0.34,2,0.508,P2,Team_C,Medium,3
4014,High,0.9,0.75,1,0.48,0.89,0.48,3,0.751,P1,Team_B,High,6
4015,Low,0.3,0.5,1,0.64,0.79,0.43,1,0.376,P3,Team_C,Low,1
4016,Medium,0.6,0.31,2,0.72,0.68,0.86,1,0.341,P3,Team_A,Low,1
4017,Low,0.3,0.85,1,0.77,0.46,0.81,4,0.453,P2,Team_C,Medium,2
4018,Medium,0.6,0.59,4,0.66,0.62,0.61,2,0.583,P2,Team_A,Medium,2
4019,Low,0.3,0.38,1,0.73,0.9,0.92,4,0.198,P3,Team_B,Low,1
4020,Low,0.3,0.34,1,0.59,0.86,0.94,3,0.193,P3,Team_C,Low,1
4021,Low,0.3,0.58,1,0.88,0.92,0.78,1,0.363,P3,Team_B,Low,1
4022,Low,0.3,0.16,2,0.68,0.76,0.67,5,0.235,P3,Team_B,Low,1
4023,High,0.9,0.53,3,0.97,0.61,0.92,4,0.654,P1,Team_A,High,6
4024,Medium,0.6,0.7,1,0.91,0.6,0.97,1,0.581,P2,Team_C,Medium,2
4025,Low,0.3,0.76,1,0.75,0.4,0.38,4,0.491,P2,Team_B,Medium,3
4026,High,0.9,0.54,3,0.81,0.71,0.36,0,0.689,P1,Team_A,High,6
4027,High,0.9,0.56,1,0.78,0.45,0.95,4,0.642,P2,Team_C,Medium,3
4028,Medium,0.6,0.24,3,0.76,0.47,0.98,4,0.425,P2,Team_C,Medium,2
4029,Low,0.3,0.61,1,0.79,0.89,0.86,0,0.353,P3,Team_B,Low,1
4030,Low,0.3,0.25,2,0.6,0.81,0.49,4,0.281,P3,Team_C,Low,1
4031,Medium,0.6,0.27,2,0.7,0.58,0.71,6,0.48,P2,Team_A,Medium,2
4032,High,0.9,0.42,4,0.68,0.79,0.54,1,0.634,P2,Team_B,Medium,2
4033,Medium,0.6,0.65,3,0.51,0.71,0.98,2,0.575,P2,Team_A,Medium,3
4034,Medium,0.6,0.32,4,0.71,0.52,0.7,2,0.431,P2,Team_A,Medium,3
4035,High,0.9,0.14,3,0.36,0.77,0.5,7,0.721,P1,Team_B,High,6
4036,High,0.9,0.24,2,0.77,0.76,0.38,2,0.664,P1,Team_B,High,5
4037,Medium,0.6,0.15,2,0.47,0.75,0.9,2,0.415,P3,Team_B,Low,1
4038,Low,0.3,0.33,3,0.49,0.37,0.74,3,0.397,P3,Team_C,Low,1
4039,Low,0.3,0.62,3,0.65,0.75,0.69,2,0.42,P2,Team_C,Medium,2
4040,Low,0.3,0.58,1,0.89,0.86,0.55,7,0.407,P3,Team_C,Low,1
4041,Medium,0.6,0.74,4,0.71,0.47,0.92,2,0.593,P2,Team_C,Medium,3
4042,Low,0.3,0.25,4,0.58,0.52,0.71,4,0.36,P3,Team_C,Low,1
4043,Low,0.3,0.61,1,0.76,0.39,0.66,2,0.286,P3,Team_C,Low,1
4044,High,0.9,0.4,3,0.82,0.75,0.76,3,0.636,P2,Team_A,Medium,2
4045,High,0.9,0.12,3,0.62,0.49,0.99,2,0.523,P2,Team_C,Medium,3
4046,Medium,0.6,0.72,3,0.79,0.95,0.62,4,0.588,P2,Team_B,Medium,3
4047,Low,0.3,0.41,2,0.85,0.37,0.57,3,0.469,P2,Team_B,Medium,2
4048,Medium,0.6,0.66,2,0.53,0.79,0.71,1,0.479,P2,Team_B,Medium,3
4049,Low,0.3,0.44,1,0.44,0.62,0.77,2,0.243,P3,Team_B,Low,1
4050,Medium,0.6,0.42,2,0.74,0.39,0.41,2,0.5,P2,Team_A,Medium,3
4051,Medium,0.6,0.38,2,0.55,0.72,0.6,2,0.52,P2,Team_C,Medium,3
4052,Low,0.3,0.61,1,0.96,0.73,0.42,6,0.439,P2,Team_C,Medium,2
4053,High,0.9,0.53,2,0.97,0.71,0.31,2,0.687,P1,Team_A,High,6
4054,High,0.9,0.32,1,0.77,0.4,0.76,2,0.618,P2,Team_C,Medium,2
4055,Medium,0.6,0.16,2,0.51,0.51,0.6,4,0.514,P2,Team_A,Medium,3
4056,Low,0.3,0.26,4,0.44,0.6,0.66,4,0.329,P3,Team_B,Low,1
4057,Medium,0.6,0.76,1,0.94,0.84,0.83,1,0.468,P2,Team_B,Medium,2
4058,Medium,0.6,0.71,1,0.77,0.68,0.43,4,0.496,P2,Team_A,Medium,2
4059,High,0.9,0.93,2,0.57,0.9,0.54,7,0.691,P1,Team_B,High,4
4060,Medium,0.6,0.34,1,0.64,0.82,0.39,2,0.522,P2,Team_B,Medium,3
4061,High,0.9,0.81,4,0.58,0.86,0.83,2,0.742,P1,Team_B,High,6
4062,Low,0.3,0.33,2,0.53,0.51,0.89,3,0.247,P3,Team_C,Low,1
4063,Low,0.3,0.42,4,0.85,0.85,0.96,3,0.331,P3,Team_C,Low,1
4064,Low,0.3,0.52,3,0.81,0.42,0.48,2,0.397,P3,Team_B,Low,1
4065,Medium,0.6,0.09,3,0.71,0.83,0.74,4,0.44,P2,Team_B,Medium,2
4066,Medium,0.6,0.4,4,0.54,0.47,0.77,4,0.535,P2,Team_A,Medium,3
4067,High,0.9,0.35,4,0.79,0.52,0.58,3,0.642,P2,Team_C,Medium,3
4068,Medium,0.6,0.62,1,0.74,0.48,0.34,1,0.589,P2,Team_A,Medium,3
4069,Medium,0.6,0.6,2,0.71,0.76,0.52,3,0.557,P2,Team_B,Medium,2
4070,Medium,0.6,0.11,4,0.56,0.51,0.96,4,0.465,P2,Team_C,Medium,2
4071,Medium,0.6,0.32,2,0.55,0.61,0.81,3,0.497,P2,Team_C,Medium,3
4072,Low,0.3,0.16,4,0.83,0.34,0.62,5,0.263,P3,Team_C,Low,1
4073,Low,0.3,0.28,4,0.8,0.31,0.37,1,0.333,P3,Team_C,Low,1
4074,Low,0.3,0.79,3,0.86,0.81,0.52,5,0.408,P3,Team_C,Low,1
4075,High,0.9,0.52,4,0.72,0.88,0.83,2,0.608,P2,Team_B,Medium,2
4076,High,0.9,0.85,1,0.4,0.99,0.92,7,0.762,P1,Team_B,High,5
4077,Low,0.3,0.16,1,0.88,0.83,0.41,4,0.231,P3,Team_B,Low,1
4078,High,0.9,0.67,3,0.28,0.74,0.45,9,0.713,P1,Team_B,High,6
4079,Low,0.3,0.55,3,0.82,0.77,0.56,1,0.331,P3,Team_C,Low,1
4080,Low,0.3,0.21,2,0.55,0.77,0.68,2,0.215,P3,Team_B,Low,1
4081,Medium,0.6,0.35,4,0.92,0.53,0.7,1,0.502,P2,Team_C,Medium,2
4082,Medium,0.6,0.78,3,0.91,0.62,0.74,1,0.554,P2,Team_A,Medium,3
4083,Low,0.3,0.31,1,0.9,0.61,0.62,2,0.267,P3,Team_B,Low,1
4084,Low,0.3,0.72,2,0.85,0.9,0.6,0,0.356,P3,Team_B,Low,1
4085,High,0.9,0.25,4,0.74,0.67,0.58,5,0.658,P1,Team_C,High,4
4086,High,0.9,0.37,2,0.74,0.33,0.98,5,0.63,P2,Team_C,Medium,3
4087,Medium,0.6,0.25,2,0.51,0.85,0.8,1,0.468,P2,Team_B,Medium,2
4088,Low,0.3,0.34,2,0.97,0.9,0.69,3,0.271,P3,Team_C,Low,1
4089,High,0.9,0.36,2,0.93,0.65,0.46,2,0.636,P2,Team_A,Medium,3
4090,High,0.9,0.8,3,0.81,0.32,0.53,4,0.834,P1,Team_A,High,4
4091,Low,0.3,0.79,4,0.91,0.83,0.91,0,0.427,P2,Team_C,Medium,3
4092,Medium,0.6,0.12,2,0.77,0.43,0.48,3,0.469,P2,Team_A,Medium,3
4093,Low,0.3,0.14,2,0.91,0.98,0.6,1,0.335,P3,Team_B,Low,1
4094,Medium,0.6,0.47,4,0.68,0.58,0.84,2,0.548,P2,Team_A,Medium,3
4095,Medium,0.6,0.89,4,0.83,0.72,0.35,5,0.605,P2,Team_A,Medium,3
4096,Medium,0.6,0.24,1,0.91,0.69,0.85,6,0.47,P2,Team_A,Medium,3
4097,Low,0.3,0.35,1,0.79,0.72,1.0,6,0.312,P3,Team_B,Low,1
4098,Medium,0.6,0.39,4,0.65,0.79,0.36,0,0.52,P2,Team_B,Medium,3
4099,Low,0.3,0.39,1,0.79,0.69,0.96,6,0.361,P3,Team_C,Low,1
4100,Low,0.3,0.3,4,0.86,0.91,0.52,1,0.223,P3,Team_B,Low,1
4101,Medium,0.6,0.39,2,0.64,0.47,0.81,3,0.536,P2,Team_A,Medium,3
4102,Medium,0.6,0.61,4,0.47,0.93,0.53,3,0.588,P2,Team_B,Medium,3
4103,High,0.9,0.78,1,0.96,0.88,0.87,5,0.755,P1,Team_A,High,4
4104,Medium,0.6,0.93,3,0.72,0.73,0.76,3,0.614,P2,Team_A,Medium,2
4105,Low,0.3,0.48,2,0.55,0.55,0.99,6,0.365,P3,Team_B,Low,1
4106,Low,0.3,0.86,2,0.72,0.72,0.44,4,0.453,P2,Team_C,Medium,2
4107,Medium,0.6,0.47,3,0.82,0.96,0.48,0,0.453,P2,Team_B,Medium,3
4108,Low,0.3,0.66,3,0.41,0.57,0.63,3,0.409,P3,Team_C,Low,1
4109,High,0.9,0.36,1,0.96,0.72,0.75,6,0.756,P1,Team_A,High,4
4110,Medium,0.6,0.36,2,0.69,0.68,0.69,4,0.54,P2,Team_A,Medium,2
4111,Medium,0.6,0.17,3,0.62,0.39,0.37,4,0.425,P2,Team_A,Medium,3
4112,Medium,0.6,0.17,3,0.63,0.64,0.92,2,0.312,P3,Team_A,Low,1
4113,Low,0.3,0.75,1,0.76,0.56,0.92,5,0.457,P2,Team_C,Medium,2
4114,High,0.9,0.53,4,0.95,0.58,0.42,2,0.65,P1,Team_A,High,6
4115,High,0.9,0.16,4,0.38,0.89,0.55,4,0.572,P2,Team_B,Medium,2
4116,Low,0.3,0.23,4,0.79,0.61,0.97,2,0.274,P3,Team_B,Low,1
4117,Medium,0.6,0.68,3,0.75,0.97,0.6,3,0.522,P2,Team_B,Medium,2
4118,High,0.9,0.77,1,0.68,0.96,0.43,4,0.709,P1,Team_B,High,6
4119,Medium,0.6,0.44,3,0.6,0.68,0.33,2,0.495,P2,Team_A,Medium,2
4120,Medium,0.6,0.43,4,0.77,0.47,0.85,2,0.471,P2,Team_A,Medium,3
4121,Low,0.3,0.28,3,0.6,0.61,0.45,3,0.347,P3,Team_C,Low,1
4122,High,0.9,0.66,3,0.81,0.7,0.77,4,0.775,P1,Team_A,High,5
4123,Low,0.3,0.35,1,0.84,0.68,0.45,2,0.291,P3,Team_B,Low,1
4124,Low,0.3,0.23,2,0.95,0.15,0.36,1,0.405,P3,Team_C,Low,1
4125,High,0.9,0.65,4,0.49,0.77,0.99,2,0.662,P1,Team_B,High,5
4126,Medium,0.6,0.17,4,0.53,0.26,0.97,2,0.437,P2,Team_A,Medium,2
4127,Medium,0.6,0.68,3,0.71,0.73,0.47,2,0.602,P2,Team_C,Medium,3
4128,Low,0.3,0.38,1,0.89,0.72,0.5,6,0.381,P3,Team_C,Low,1
4129,Low,0.3,0.7,1,0.83,0.58,0.93,1,0.339,P3,Team_B,Low,1
4130,High,0.9,0.12,2,0.32,0.84,0.5,8,0.596,P2,Team_B,Medium,3
4131,High,0.9,0.09,2,0.72,0.93,0.46,2,0.543,P2,Team_B,Medium,2
4132,High,0.9,0.72,3,0.78,0.25,0.54,3,0.79,P1,Team_C,High,4
4133,Medium,0.6,0.67,3,0.86,0.49,0.92,3,0.544,P2,Team_A,Medium,3
4134,Low,0.3,0.69,1,0.51,0.46,0.67,5,0.425,P2,Team_C,Medium,3
4135,High,0.9,0.66,3,0.66,0.35,0.9,2,0.783,P1,Team_C,High,6
4136,Medium,0.6,0.78,3,0.73,0.57,0.62,1,0.61,P2,Team_C,Medium,3
4137,High,0.9,0.42,4,0.61,0.77,0.62,0,0.713,P1,Team_B,High,6
4138,High,0.9,0.59,3,0.83,0.77,0.72,4,0.674,P1,Team_A,High,5
4139,High,0.9,0.83,2,0.89,0.72,0.48,2,0.689,P1,Team_A,High,4
4140,Medium,0.6,0.68,3,0.6,0.32,0.53,1,0.547,P2,Team_C,Medium,3
4141,High,0.9,0.53,2,0.36,0.51,0.8,2,0.644,P2,Team_C,Medium,2
4142,Low,0.3,0.15,3,0.6,0.94,0.69,3,0.307,P3,Team_B,Low,1
4143,High,0.9,0.51,3,0.59,0.81,0.33,1,0.694,P1,Team_B,High,4
4144,Low,0.3,0.21,2,0.89,0.58,0.46,6,0.303,P3,Team_B,Low,1
4145,Medium,0.6,0.45,2,0.34,0.33,0.76,2,0.612,P2,Team_C,Medium,3
4146,Low,0.3,0.83,1,0.9,0.46,0.96,3,0.4,P3,Team_C,Low,1
4147,Low,0.3,0.22,4,0.76,0.69,0.49,3,0.349,P3,Team_C,Low,1
4148,Medium,0.6,0.52,4,0.56,0.92,0.31,2,0.485,P2,Team_B,Medium,2
4149,Medium,0.6,0.68,1,0.55,0.83,0.98,3,0.568,P2,Team_B,Medium,3
4150,Low,0.3,0.43,4,0.97,0.49,0.98,3,0.347,P3,Team_C,Low,1
4151,Low,0.3,0.24,1,0.41,0.72,0.76,3,0.309,P3,Team_B,Low,1
4152,Low,0.3,0.91,2,0.6,0.74,0.63,3,0.455,P2,Team_C,Medium,3
4153,Low,0.3,0.44,2,0.8,0.75,0.56,2,0.416,P3,Team_C,Low,1
4154,Medium,0.6,0.19,1,0.87,0.89,0.96,5,0.432,P2,Team_B,Medium,2
4155,Medium,0.6,0.38,2,0.58,0.8,0.58,5,0.445,P2,Team_B,Medium,3
4156,Low,0.3,0.81,1,0.6,0.94,0.81,3,0.317,P3,Team_C,Low,1
4157,Low,0.3,0.37,1,0.86,0.63,0.8,1,0.353,P3,Team_C,Low,1
4158,Low,0.3,0.79,2,0.7,0.75,0.46,5,0.307,P3,Team_B,Low,1
4159,Low,0.3,0.52,4,0.55,0.46,0.87,3,0.418,P3,Team_C,Low,1
4160,High,0.9,0.27,4,0.63,0.95,0.8,4,0.547,P2,Team_B,Medium,2
4161,Low,0.3,0.87,2,0.54,0.58,0.3,2,0.38,P3,Team_B,Low,1
4162,Low,0.3,0.52,2,0.6,0.66,0.46,2,0.442,P2,Team_B,Medium,3
4163,Low,0.3,0.62,4,0.86,0.86,0.69,6,0.378,P3,Team_B,Low,1
4164,Low,0.3,0.06,1,0.6,0.83,0.7,1,0.291,P3,Team_C,Low,1
4165,Low,0.3,0.47,1,0.55,0.73,0.87,4,0.339,P3,Team_C,Low,1
4166,High,0.9,0.36,1,0.76,0.87,0.45,3,0.613,P2,Team_B,Medium,2
4167,High,0.9,0.6,1,0.81,0.73,0.81,3,0.734,P1,Team_A,High,6
4168,Medium,0.6,0.63,1,0.43,0.37,0.72,2,0.55,P2,Team_C,Medium,3
4169,Low,0.3,0.44,1,0.89,0.52,0.53,6,0.415,P3,Team_B,Low,1
4170,Medium,0.6,0.27,2,0.44,0.87,0.99,2,0.415,P3,Team_B,Low,1
4171,Medium,0.6,0.68,1,0.75,0.96,0.72,6,0.485,P2,Team_B,Medium,2
4172,Low,0.3,0.25,1,0.74,0.37,0.86,2,0.319,P3,Team_B,Low,1
4173,Medium,0.6,0.38,3,0.76,0.46,0.85,3,0.576,P2,Team_A,Medium,3
4174,High,0.9,0.18,2,0.56,0.91,0.52,3,0.652,P1,Team_B,High,5
4175,Medium,0.6,0.64,1,0.79,0.54,0.58,5,0.52,P2,Team_C,Medium,2
4176,Low,0.3,0.47,2,0.45,0.9,0.82,1,0.182,P3,Team_C,Low,1
4177,Medium,0.6,0.79,1,0.87,0.53,0.82,2,0.606,P2,Team_A,Medium,2
4178,Low,0.3,0.78,2,0.75,0.73,0.75,1,0.409,P3,Team_B,Low,1
4179,Medium,0.6,0.41,1,0.59,0.36,0.39,3,0.505,P2,Team_C,Medium,3
4180,Medium,0.6,0.18,3,0.71,0.85,0.36,5,0.382,P3,Team_B,Low,1
4181,High,0.9,0.37,4,0.93,0.56,0.57,2,0.766,P1,Team_A,High,5
4182,Low,0.3,0.72,2,0.89,0.83,0.75,2,0.409,P3,Team_C,Low,1
4183,High,0.9,0.17,2,0.77,0.54,0.7,0,0.645,P2,Team_C,Medium,2
4184,High,0.9,0.52,3,0.52,0.44,0.44,3,0.79,P1,Team_C,High,4
4185,Low,0.3,0.39,2,0.85,0.39,0.95,2,0.329,P3,Team_B,Low,1
4186,Low,0.3,0.52,4,0.68,0.73,0.7,3,0.421,P2,Team_B,Medium,2
4187,Medium,0.6,0.75,1,0.21,0.75,0.76,0,0.487,P2,Team_B,Medium,2
4188,High,0.9,0.53,2,0.92,0.41,0.76,3,0.713,P1,Team_A,High,6
4189,Medium,0.6,0.17,4,0.87,0.77,0.71,2,0.384,P3,Team_B,Low,1
4190,Medium,0.6,0.65,4,0.81,0.63,0.66,2,0.576,P2,Team_A,Medium,3
4191,High,0.9,0.72,4,0.5,0.72,0.73,6,0.651,P1,Team_B,High,6
4192,Low,0.3,0.53,2,0.52,0.38,0.67,4,0.405,P3,Team_B,Low,1
4193,Low,0.3,0.9,3,0.86,0.68,0.77,3,0.471,P2,Team_B,Medium,3
4194,Medium,0.6,0.94,1,0.58,0.49,0.5,4,0.739,P1,Team_A,High,6
4195,Low,0.3,0.7,3,0.8,0.8,0.99,3,0.304,P3,Team_B,Low,1
4196,Low,0.3,0.64,3,0.95,0.65,0.64,3,0.398,P3,Team_B,Low,1
4197,Low,0.3,0.46,1,0.57,0.73,0.82,6,0.328,P3,Team_B,Low,1
4198,Medium,0.6,0.91,4,0.77,0.38,0.5,6,0.696,P1,Team_C,High,4
4199,Low,0.3,0.26,3,0.92,0.53,0.68,5,0.183,P3,Team_C,Low,1
4200,Low,0.3,0.73,3,0.46,0.33,0.9,3,0.387,P3,Team_C,Low,1
4201,High,0.9,0.14,1,0.53,0.6,0.61,5,0.703,P1,Team_C,High,4
4202,Medium,0.6,0.5,3,0.71,0.39,0.39,2,0.58,P2,Team_A,Medium,3
4203,High,0.9,0.49,4,0.67,0.89,0.37,3,0.616,P2,Team_B,Medium,2
4204,Low,0.3,0.7,3,0.88,0.65,0.88,0,0.323,P3,Team_B,Low,1
4205,Low,0.3,0.6,2,0.86,0.77,0.75,3,0.337,P3,Team_C,Low,1
4206,High,0.9,0.44,2,0.44,0.44,0.91,3,0.711,P1,Team_C,High,5
4207,Low,0.3,0.68,2,0.92,0.29,0.76,2,0.389,P3,Team_C,Low,1
4208,Low,0.3,0.33,3,0.71,0.65,0.57,3,0.291,P3,Team_B,Low,1
4209,High,0.9,0.56,1,0.24,0.57,0.81,2,0.666,P1,Team_C,High,5
4210,Low,0.3,0.25,4,0.91,0.81,0.85,4,0.325,P3,Team_C,Low,1
4211,Low,0.3,0.4,1,0.89,0.59,0.42,4,0.328,P3,Team_B,Low,1
4212,Low,0.3,0.82,1,0.65,0.79,0.35,5,0.481,P2,Team_B,Medium,2
4213,Low,0.3,0.13,1,0.58,0.85,0.78,4,0.257,P3,Team_B,Low,1
4214,Medium,0.6,0.07,1,0.8,0.55,0.76,1,0.436,P2,Team_A,Medium,3
4215,Medium,0.6,0.43,3,0.58,0.66,0.72,3,0.443,P2,Team_A,Medium,3
4216,High,0.9,0.32,3,0.65,0.58,0.58,0,0.662,P1,Team_C,High,6
4217,Medium,0.6,0.61,1,0.74,0.28,0.34,5,0.723,P1,Team_A,High,5
4218,High,0.9,0.44,1,0.71,0.87,0.69,4,0.559,P2,Team_B,Medium,2
4219,High,0.9,0.66,2,0.79,0.53,0.67,6,0.77,P1,Team_C,High,5
4220,Low,0.3,0.28,1,0.89,0.95,0.62,3,0.331,P3,Team_C,Low,1
4221,Medium,0.6,0.54,1,0.71,0.64,0.31,4,0.555,P2,Team_A,Medium,2
4222,Medium,0.6,0.23,3,0.57,0.76,0.91,2,0.514,P2,Team_B,Medium,2
4223,Medium,0.6,0.63,1,0.88,0.76,0.75,2,0.462,P2,Team_B,Medium,2
4224,Low,0.3,0.32,1,0.78,0.72,0.99,2,0.192,P3,Team_C,Low,1
4225,Low,0.3,0.7,2,0.73,0.63,0.35,2,0.404,P3,Team_C,Low,1
4226,Medium,0.6,0.15,3,0.23,0.7,0.98,5,0.408,P3,Team_C,Low,1
4227,Medium,0.6,0.4,4,0.59,0.71,0.88,0,0.464,P2,Team_A,Medium,3
4228,Low,0.3,0.48,3,0.7,0.67,0.86,5,0.391,P3,Team_B,Low,1
4229,Low,0.3,0.43,4,0.7,0.77,0.78,2,0.304,P3,Team_B,Low,1
4230,High,0.9,0.12,3,0.95,0.36,0.73,4,0.638,P2,Team_A,Medium,2
4231,Medium,0.6,0.65,2,0.93,0.77,0.74,3,0.518,P2,Team_B,Medium,2
4232,Medium,0.6,0.54,2,0.84,0.74,0.46,1,0.564,P2,Team_C,Medium,2
4233,High,0.9,0.35,4,0.76,0.45,0.88,4,0.739,P1,Team_C,High,4
4234,Medium,0.6,0.11,3,0.41,0.62,0.33,2,0.492,P2,Team_A,Medium,3
4235,High,0.9,0.58,2,0.71,0.4,0.52,5,0.714,P1,Team_C,High,6
4236,Low,0.3,0.23,1,0.81,0.66,0.9,2,0.227,P3,Team_B,Low,1
4237,Medium,0.6,0.43,4,0.63,0.78,0.62,4,0.439,P2,Team_B,Medium,3
4238,Low,0.3,0.41,2,0.74,0.91,0.86,3,0.235,P3,Team_B,Low,1
4239,Medium,0.6,0.68,3,0.9,0.75,0.91,3,0.572,P2,Team_B,Medium,2
4240,Medium,0.6,0.8,4,0.78,0.8,0.6,5,0.614,P2,Team_B,Medium,3
4241,Low,0.3,0.58,1,0.72,0.5,0.82,0,0.246,P3,Team_C,Low,1
4242,High,0.9,0.86,3,0.74,0.66,0.35,3,0.725,P1,Team_C,High,5
4243,Low,0.3,0.62,2,0.94,0.4,0.92,4,0.363,P3,Team_B,Low,1
4244,Low,0.3,0.44,1,0.76,0.8,0.67,5,0.324,P3,Team_B,Low,1
4245,Low,0.3,0.35,1,0.83,0.66,0.57,3,0.363,P3,Team_C,Low,1
4246,Medium,0.6,0.52,3,0.87,0.46,0.77,1,0.452,P2,Team_A,Medium,3
4247,High,0.9,0.29,2,0.62,0.69,0.65,5,0.673,P1,Team_C,High,4
4248,Low,0.3,0.84,1,0.8,0.9,0.49,2,0.399,P3,Team_C,Low,1
4249,Medium,0.6,0.63,1,0.47,0.34,0.52,3,0.619,P2,Team_C,Medium,2
4250,Medium,0.6,0.69,4,0.62,0.48,0.83,4,0.614,P2,Team_A,Medium,3
4251,Low,0.3,0.6,4,0.64,0.6,0.78,4,0.379,P3,Team_B,Low,1
4252,Low,0.3,0.69,3,0.95,0.83,0.85,3,0.287,P3,Team_B,Low,1
4253,Medium,0.6,0.46,3,0.65,0.44,1.0,5,0.466,P2,Team_A,Medium,2
4254,Low,0.3,0.48,3,0.78,0.79,0.75,1,0.267,P3,Team_C,Low,1
4255,Medium,0.6,0.65,2,0.55,0.58,1.0,3,0.615,P2,Team_C,Medium,3
4256,Low,0.3,0.07,3,0.58,0.83,0.62,2,0.29,P3,Team_B,Low,1
4257,Low,0.3,0.25,2,0.91,0.74,0.53,3,0.268,P3,Team_C,Low,1
4258,Low,0.3,0.95,3,0.55,0.85,0.81,3,0.377,P3,Team_C,Low,1
4259,Low,0.3,0.37,4,0.47,0.54,0.38,4,0.423,P2,Team_B,Medium,3
4260,Medium,0.6,0.62,2,0.74,0.58,0.66,5,0.578,P2,Team_C,Medium,2
4261,High,0.9,0.68,3,0.77,0.66,0.79,3,0.76,P1,Team_C,High,5
4262,High,0.9,0.22,2,0.5,0.36,0.95,1,0.634,P2,Team_C,Medium,3
4263,Low,0.3,0.5,1,0.35,0.34,0.76,7,0.404,P3,Team_C,Low,1
4264,Medium,0.6,0.11,4,0.73,0.66,0.41,2,0.501,P2,Team_A,Medium,3
4265,Medium,0.6,0.59,1,0.78,0.67,0.69,3,0.524,P2,Team_C,Medium,2
4266,Low,0.3,0.45,3,0.72,0.89,0.54,2,0.313,P3,Team_C,Low,1
4267,Low,0.3,0.34,1,0.97,0.81,0.56,2,0.329,P3,Team_B,Low,1
4268,Medium,0.6,0.59,4,0.56,0.34,0.47,4,0.621,P2,Team_C,Medium,2
4269,Medium,0.6,0.9,2,0.9,0.71,1.0,4,0.572,P2,Team_A,Medium,2
4270,High,0.9,0.49,4,0.4,0.78,0.79,2,0.61,P2,Team_B,Medium,2
4271,Low,0.3,0.26,3,0.56,0.62,0.99,2,0.363,P3,Team_C,Low,1
4272,Low,0.3,0.49,4,0.89,0.7,0.74,3,0.317,P3,Team_C,Low,1
4273,High,0.9,0.41,2,0.87,0.75,0.79,0,0.499,P2,Team_A,Medium,2
4274,High,0.9,0.64,2,0.45,0.77,0.82,7,0.787,P1,Team_B,High,4
4275,Medium,0.6,0.38,1,0.47,0.89,0.59,3,0.446,P2,Team_B,Medium,2
4276,High,0.9,0.46,4,0.77,0.88,0.82,1,0.581,P2,Team_B,Medium,3
4277,Low,0.3,0.49,2,0.68,0.88,0.75,3,0.318,P3,Team_B,Low,1
4278,High,0.9,0.79,4,0.72,0.93,0.51,2,0.679,P1,Team_B,High,4
4279,High,0.9,0.61,3,0.76,0.92,0.54,4,0.712,P1,Team_B,High,6
4280,Medium,0.6,0.71,4,0.95,0.75,0.46,1,0.647,P2,Team_B,Medium,2
4281,High,0.9,0.49,2,0.48,0.56,0.7,2,0.708,P1,Team_C,High,4
4282,Medium,0.6,0.64,2,0.71,0.74,0.51,3,0.626,P2,Team_C,Medium,3
4283,Medium,0.6,0.49,3,0.82,0.79,0.81,1,0.452,P2,Team_B,Medium,3
4284,High,0.9,0.76,2,0.82,0.21,0.82,2,0.75,P1,Team_A,High,6
4285,Medium,0.6,0.29,1,0.81,0.57,0.74,5,0.524,P2,Team_C,Medium,3
4286,Medium,0.6,0.62,2,0.76,0.69,0.39,4,0.594,P2,Team_C,Medium,2
4287,Low,0.3,0.5,3,0.72,0.79,1.0,5,0.281,P3,Team_C,Low,1
4288,Medium,0.6,0.41,1,0.56,0.6,0.92,1,0.407,P3,Team_A,Low,1
4289,Low,0.3,0.89,1,0.28,0.33,0.69,3,0.359,P3,Team_C,Low,1
4290,High,0.9,0.11,1,0.82,0.89,0.48,3,0.611,P2,Team_A,Medium,2
4291,Medium,0.6,0.52,1,0.8,0.55,0.41,3,0.587,P2,Team_A,Medium,3
4292,Medium,0.6,0.54,3,0.51,0.73,0.91,4,0.526,P2,Team_C,Medium,2
4293,Low,0.3,0.42,4,0.54,0.88,0.93,4,0.231,P3,Team_B,Low,1
4294,Low,0.3,0.68,2,0.91,0.34,0.93,2,0.362,P3,Team_C,Low,1
4295,High,0.9,0.43,2,0.73,0.82,0.54,3,0.711,P1,Team_B,High,5
4296,High,0.9,0.24,4,0.84,0.81,0.94,1,0.56,P2,Team_A,Medium,3
4297,High,0.9,0.53,1,0.75,0.8,0.47,3,0.7,P1,Team_B,High,6
4298,High,0.9,0.56,2,0.87,0.92,0.72,4,0.643,P2,Team_A,Medium,2
4299,Medium,0.6,0.22,3,0.75,0.67,0.76,3,0.447,P2,Team_A,Medium,3
4300,Medium,0.6,0.34,1,0.98,0.5,0.9,3,0.53,P2,Team_A,Medium,2
4301,Medium,0.6,0.9,4,0.86,0.55,0.95,1,0.634,P2,Team_A,Medium,2
4302,Medium,0.6,0.17,4,0.52,0.83,0.52,0,0.457,P2,Team_B,Medium,2
4303,Low,0.3,0.6,1,0.72,0.89,0.5,4,0.317,P3,Team_B,Low,1
4304,High,0.9,0.74,2,0.71,0.81,0.31,5,0.705,P1,Team_B,High,6
4305,High,0.9,0.85,4,0.62,0.61,0.41,4,0.73,P1,Team_C,High,4
4306,Low,0.3,0.33,2,0.88,0.84,0.64,3,0.242,P3,Team_C,Low,1
4307,Medium,0.6,0.79,2,0.65,0.65,0.73,5,0.58,P2,Team_C,Medium,2
4308,Medium,0.6,0.67,3,0.75,0.4,0.67,2,0.539,P2,Team_A,Medium,3
4309,Low,0.3,0.13,3,0.97,0.54,0.38,0,0.219,P3,Team_B,Low,1
4310,Low,0.3,0.79,3,0.69,0.66,1.0,5,0.393,P3,Team_C,Low,1
4311,Low,0.3,0.24,1,0.75,0.89,0.93,2,0.236,P3,Team_C,Low,1
4312,High,0.9,0.69,3,0.77,0.84,0.95,2,0.619,P2,Team_B,Medium,3
4313,Low,0.3,0.3,1,0.95,0.46,0.32,2,0.307,P3,Team_B,Low,1
4314,Medium,0.6,0.34,2,0.43,0.52,0.54,6,0.485,P2,Team_A,Medium,3
4315,Low,0.3,0.11,3,0.69,0.42,0.97,7,0.307,P3,Team_B,Low,1
4316,Low,0.3,0.39,4,0.64,0.8,0.75,1,0.29,P3,Team_C,Low,1
4317,Medium,0.6,0.35,3,0.98,0.89,0.66,2,0.416,P3,Team_B,Low,1
4318,High,0.9,0.74,4,0.61,0.51,0.43,4,0.833,P1,Team_C,High,4
4319,Low,0.3,0.86,3,0.32,0.69,0.89,2,0.433,P2,Team_C,Medium,3
4320,Low,0.3,0.66,4,0.77,0.74,0.66,0,0.395,P3,Team_B,Low,1
4321,High,0.9,0.35,3,0.72,0.46,0.46,5,0.722,P1,Team_C,High,4
4322,Low,0.3,0.55,2,0.87,0.68,0.39,4,0.448,P2,Team_B,Medium,2
4323,Low,0.3,0.81,1,0.56,0.82,0.44,7,0.527,P2,Team_C,Medium,3
4324,Medium,0.6,0.25,3,0.56,0.52,0.73,3,0.431,P2,Team_A,Medium,2
4325,Low,0.3,0.7,4,0.94,0.98,0.96,3,0.328,P3,Team_C,Low,1
4326,Low,0.3,0.3,1,0.79,0.74,0.41,5,0.392,P3,Team_C,Low,1
4327,Low,0.3,0.29,1,0.72,0.61,0.59,4,0.364,P3,Team_B,Low,1
4328,Low,0.3,0.82,3,0.59,0.64,0.57,4,0.418,P3,Team_B,Low,1
4329,Medium,0.6,0.23,3,0.9,0.8,0.48,3,0.482,P2,Team_B,Medium,3
4330,Medium,0.6,0.39,1,0.66,0.73,0.31,4,0.558,P2,Team_A,Medium,3
4331,Low,0.3,0.29,3,0.39,0.52,0.74,3,0.37,P3,Team_B,Low,1
4332,Medium,0.6,0.74,3,0.85,0.8,0.51,2,0.542,P2,Team_B,Medium,3
4333,Medium,0.6,0.29,3,0.52,0.62,0.62,4,0.504,P2,Team_A,Medium,2
4334,Medium,0.6,0.2,1,0.59,0.29,0.78,3,0.486,P2,Team_A,Medium,3
4335,Medium,0.6,0.65,3,0.79,0.57,0.58,1,0.554,P2,Team_C,Medium,3
4336,Low,0.3,0.52,4,0.78,0.7,0.35,3,0.405,P3,Team_B,Low,1
4337,High,0.9,0.78,3,0.42,0.48,0.32,3,0.842,P1,Team_C,High,6
4338,High,0.9,0.29,3,0.81,0.89,0.69,1,0.669,P1,Team_A,High,5
4339,Medium,0.6,0.19,2,0.77,0.92,1.0,4,0.447,P2,Team_B,Medium,2
4340,Medium,0.6,0.58,4,0.71,0.69,0.69,2,0.537,P2,Team_A,Medium,3
4341,Medium,0.6,0.52,1,0.76,0.62,0.57,1,0.448,P2,Team_A,Medium,2
4342,Low,0.3,0.44,3,0.82,0.75,0.82,7,0.332,P3,Team_C,Low,1
4343,High,0.9,0.4,1,0.63,0.78,0.69,3,0.696,P1,Team_B,High,5
4344,Medium,0.6,0.5,1,0.7,0.67,0.44,2,0.482,P2,Team_C,Medium,3
4345,High,0.9,0.79,4,0.55,0.79,0.97,5,0.75,P1,Team_B,High,4
4346,Medium,0.6,0.56,2,0.75,0.57,0.62,3,0.53,P2,Team_C,Medium,2
4347,Medium,0.6,0.43,3,0.69,0.76,0.48,1,0.486,P2,Team_B,Medium,3
4348,Low,0.3,0.12,1,0.56,0.83,0.31,1,0.303,P3,Team_C,Low,1
4349,Medium,0.6,0.48,3,0.81,0.52,0.72,2,0.502,P2,Team_C,Medium,3
4350,Low,0.3,0.59,1,0.69,0.62,0.47,2,0.401,P3,Team_C,Low,1
4351,Medium,0.6,0.07,3,0.87,0.93,0.87,2,0.369,P3,Team_B,Low,1
4352,Low,0.3,0.35,2,0.39,0.52,0.4,7,0.398,P3,Team_B,Low,1
4353,High,0.9,0.41,3,0.93,0.86,0.88,1,0.614,P2,Team_A,Medium,3
4354,High,0.9,0.46,4,0.34,0.47,0.47,4,0.731,P1,Team_C,High,6
4355,Medium,0.6,0.55,2,0.89,0.75,0.45,1,0.612,P2,Team_B,Medium,3
4356,High,0.9,0.32,3,0.38,0.64,0.62,3,0.606,P2,Team_C,Medium,3
4357,Medium,0.6,0.56,1,0.61,0.8,0.87,3,0.559,P2,Team_B,Medium,3
4358,High,0.9,0.85,1,0.75,0.64,0.4,3,0.713,P1,Team_C,High,5
4359,Medium,0.6,0.53,3,0.57,0.7,0.3,0,0.583,P2,Team_A,Medium,2
4360,Medium,0.6,0.43,4,0.35,0.68,0.52,3,0.475,P2,Team_C,Medium,3
4361,Low,0.3,0.74,4,0.63,0.8,0.71,0,0.397,P3,Team_B,Low,1
4362,Medium,0.6,0.19,4,0.97,0.64,0.77,1,0.436,P2,Team_A,Medium,2
4363,Low,0.3,0.66,4,0.87,0.85,0.59,5,0.359,P3,Team_C,Low,1
4364,Medium,0.6,0.36,4,0.88,0.78,0.68,3,0.49,P2,Team_B,Medium,2
4365,Medium,0.6,0.46,2,0.57,0.84,0.82,4,0.576,P2,Team_B,Medium,2
4366,High,0.9,0.52,2,0.37,0.85,0.68,2,0.598,P2,Team_B,Medium,2
4367,Low,0.3,0.79,2,0.92,0.74,0.73,2,0.406,P3,Team_C,Low,1
4368,Medium,0.6,0.88,1,0.85,0.67,0.73,1,0.578,P2,Team_C,Medium,3
4369,Medium,0.6,0.04,1,0.96,0.83,0.57,4,0.365,P3,Team_B,Low,1
4370,Medium,0.6,0.44,1,0.57,0.74,0.67,2,0.459,P2,Team_A,Medium,3
4371,Low,0.3,0.36,1,0.63,0.65,0.57,1,0.312,P3,Team_C,Low,1
4372,Low,0.3,0.31,2,0.58,0.83,0.71,4,0.311,P3,Team_C,Low,1
4373,Low,0.3,0.47,2,0.83,0.48,0.87,3,0.311,P3,Team_C,Low,1
4374,Medium,0.6,0.31,3,0.48,0.61,0.45,2,0.577,P2,Team_C,Medium,3
4375,Low,0.3,0.85,2,0.98,0.39,0.88,5,0.393,P3,Team_B,Low,1
4376,Low,0.3,0.4,3,0.86,0.62,0.81,5,0.247,P3,Team_B,Low,1
4377,Low,0.3,0.17,2,0.63,0.51,0.96,1,0.196,P3,Team_B,Low,1
4378,Medium,0.6,0.7,3,0.98,0.7,0.78,4,0.525,P2,Team_A,Medium,3
4379,Low,0.3,0.56,2,0.84,0.61,0.41,0,0.426,P2,Team_C,Medium,3
4380,Low,0.3,0.76,2,0.88,0.61,0.75,3,0.455,P2,Team_B,Medium,3
4381,Low,0.3,0.63,1,0.94,0.81,0.4,1,0.409,P3,Team_C,Low,1
4382,High,0.9,0.12,1,0.57,0.74,0.85,0,0.584,P2,Team_B,Medium,3
4383,High,0.9,0.71,1,0.52,0.68,0.6,4,0.707,P1,Team_C,High,5
4384,Medium,0.6,0.65,3,0.86,0.95,0.68,2,0.538,P2,Team_B,Medium,2
4385,Medium,0.6,0.29,1,0.54,0.85,0.55,0,0.522,P2,Team_B,Medium,2
4386,Low,0.3,0.32,3,0.52,0.8,0.86,2,0.247,P3,Team_B,Low,1
4387,Medium,0.6,0.66,2,0.45,0.88,0.6,1,0.468,P2,Team_B,Medium,2
4388,Medium,0.6,0.37,2,0.85,0.83,0.53,5,0.463,P2,Team_B,Medium,3
4389,Low,0.3,0.87,3,0.75,0.79,0.67,3,0.39,P3,Team_C,Low,1
4390,Medium,0.6,0.68,3,0.73,0.94,0.74,3,0.403,P3,Team_B,Low,1
4391,High,0.9,0.56,3,0.66,0.56,0.43,3,0.669,P1,Team_C,High,4
4392,Low,0.3,0.44,3,0.72,0.63,0.82,2,0.283,P3,Team_B,Low,1
4393,Medium,0.6,0.18,2,0.79,0.61,0.48,5,0.443,P2,Team_C,Medium,2
4394,Medium,0.6,0.6,3,0.58,0.74,0.58,5,0.568,P2,Team_C,Medium,3
4395,Low,0.3,0.61,2,0.93,0.5,0.66,2,0.361,P3,Team_C,Low,1
4396,Low,0.3,0.39,2,0.64,0.56,0.9,3,0.267,P3,Team_C,Low,1
4397,Low,0.3,0.39,1,0.68,0.55,0.51,1,0.37,P3,Team_B,Low,1
4398,Medium,0.6,0.77,3,0.95,0.47,0.65,3,0.614,P2,Team_C,Medium,2
4399,Medium,0.6,0.58,3,0.45,0.54,0.44,1,0.486,P2,Team_A,Medium,3
4400,Medium,0.6,0.52,4,0.76,0.48,0.76,3,0.456,P2,Team_C,Medium,2
4401,Medium,0.6,0.31,4,0.4,0.82,0.42,0,0.356,P3,Team_B,Low,1
4402,Low,0.3,0.49,3,0.76,0.73,0.54,2,0.325,P3,Team_B,Low,1
4403,Low,0.3,0.2,3,0.68,0.4,0.33,6,0.324,P3,Team_B,Low,1
4404,Medium,0.6,0.14,3,0.33,0.69,0.46,3,0.447,P2,Team_C,Medium,2
4405,Medium,0.6,0.57,4,0.73,0.73,0.31,1,0.574,P2,Team_A,Medium,2
4406,Medium,0.6,0.47,4,0.52,0.79,0.3,3,0.555,P2,Team_B,Medium,3
4407,Low,0.3,0.43,1,0.44,0.51,0.39,5,0.371,P3,Team_B,Low,1
4408,Low,0.3,0.39,1,0.45,0.87,0.66,2,0.359,P3,Team_B,Low,1
4409,High,0.9,0.59,2,0.92,0.76,0.92,5,0.676,P1,Team_A,High,5
4410,Low,0.3,0.78,1,0.76,0.85,0.69,1,0.441,P2,Team_C,Medium,3
4411,Low,0.3,0.89,3,0.63,0.46,0.57,6,0.442,P2,Team_C,Medium,2
4412,Low,0.3,0.53,4,0.32,0.64,0.86,0,0.322,P3,Team_C,Low,1
4413,Medium,0.6,0.61,3,0.72,0.57,0.6,3,0.631,P2,Team_A,Medium,2
4414,Medium,0.6,0.11,2,0.48,0.67,0.94,2,0.515,P2,Team_A,Medium,3
4415,Low,0.3,0.48,3,0.93,0.6,0.37,5,0.322,P3,Team_B,Low,1
4416,Low,0.3,0.6,4,0.94,0.83,0.62,2,0.351,P3,Team_C,Low,1
4417,Low,0.3,0.82,1,0.7,0.68,0.51,3,0.442,P2,Team_C,Medium,3
4418,Low,0.3,0.46,3,0.73,0.53,0.96,2,0.344,P3,Team_B,Low,1
4419,Medium,0.6,0.27,2,0.82,0.73,0.47,1,0.487,P2,Team_A,Medium,3
4420,Medium,0.6,0.53,2,0.67,0.6,0.97,2,0.432,P2,Team_A,Medium,2
4421,Medium,0.6,0.17,3,0.84,0.54,0.91,4,0.529,P2,Team_A,Medium,2
4422,High,0.9,0.47,4,0.76,0.96,0.57,5,0.675,P1,Team_B,High,5
4423,Medium,0.6,0.52,1,0.78,0.66,0.47,0,0.536,P2,Team_C,Medium,2
4424,Low,0.3,0.57,4,0.88,0.83,0.53,3,0.264,P3,Team_C,Low,1
4425,Medium,0.6,0.36,1,0.74,0.72,0.74,3,0.494,P2,Team_A,Medium,3
4426,Low,0.3,0.63,1,0.95,0.42,0.81,4,0.411,P3,Team_C,Low,1
4427,Medium,0.6,0.15,3,0.79,0.7,0.53,6,0.492,P2,Team_C,Medium,3
4428,Low,0.3,0.09,3,0.89,0.77,0.89,1,0.253,P3,Team_C,Low,1
4429,Low,0.3,0.25,2,0.76,0.58,0.89,4,0.294,P3,Team_B,Low,1
4430,High,0.9,0.15,4,0.74,0.33,0.61,2,0.653,P1,Team_C,High,5
4431,Low,0.3,0.85,1,0.9,0.72,0.73,4,0.424,P2,Team_C,Medium,2
4432,Medium,0.6,0.34,1,0.83,0.33,0.87,2,0.411,P3,Team_C,Low,1
4433,High,0.9,0.94,2,0.81,0.89,0.48,2,0.772,P1,Team_A,High,4
4434,Low,0.3,0.78,3,0.87,0.47,0.83,2,0.29,P3,Team_B,Low,1
4435,Low,0.3,0.75,4,0.81,0.71,0.41,5,0.466,P2,Team_C,Medium,3
4436,Medium,0.6,0.55,2,0.56,0.67,0.46,1,0.551,P2,Team_A,Medium,2
4437,Low,0.3,0.64,4,0.72,0.74,0.95,2,0.336,P3,Team_B,Low,1
4438,Low,0.3,0.74,1,0.83,0.94,0.94,1,0.353,P3,Team_C,Low,1
4439,Medium,0.6,0.39,4,0.41,0.57,0.54,5,0.555,P2,Team_C,Medium,2
4440,Medium,0.6,0.23,3,0.53,0.49,0.44,3,0.446,P2,Team_C,Medium,3
4441,Medium,0.6,0.19,3,0.91,0.76,1.0,3,0.35,P3,Team_B,Low,1
4442,High,0.9,0.44,2,0.45,0.85,0.48,3,0.686,P1,Team_B,High,6
4443,High,0.9,0.54,2,0.92,0.87,0.54,3,0.681,P1,Team_A,High,4
4444,High,0.9,0.7,1,0.84,0.33,0.96,3,0.724,P1,Team_A,High,5
4445,Medium,0.6,0.9,2,0.77,0.81,0.67,2,0.585,P2,Team_B,Medium,3
4446,Medium,0.6,0.45,2,0.66,0.52,0.38,7,0.573,P2,Team_C,Medium,2
4447,Low,0.3,0.39,4,0.37,0.78,0.88,2,0.242,P3,Team_B,Low,1
4448,High,0.9,0.43,4,0.61,0.57,0.92,2,0.698,P1,Team_C,High,4
4449,Medium,0.6,0.89,2,0.92,0.81,0.72,4,0.53,P2,Team_B,Medium,3
4450,High,0.9,0.56,4,0.83,0.81,0.72,4,0.655,P1,Team_A,High,5
4451,Low,0.3,0.86,1,0.47,0.43,0.77,3,0.467,P2,Team_B,Medium,2
4452,Low,0.3,0.8,1,0.46,0.71,0.84,0,0.433,P2,Team_C,Medium,3
4453,Low,0.3,0.64,4,0.68,0.95,0.74,2,0.359,P3,Team_B,Low,1
4454,Low,0.3,0.12,2,0.64,0.82,0.84,2,0.265,P3,Team_C,Low,1
4455,High,0.9,0.62,1,0.56,0.83,0.31,1,0.676,P1,Team_B,High,4
4456,High,0.9,0.12,3,0.87,0.58,0.57,4,0.673,P1,Team_A,High,4
4457,Medium,0.6,0.45,1,0.59,0.76,0.4,5,0.521,P2,Team_B,Medium,3
4458,Low,0.3,0.48,1,0.78,0.76,0.83,2,0.285,P3,Team_C,Low,1
4459,Medium,0.6,0.53,1,0.63,0.75,0.75,1,0.523,P2,Team_B,Medium,3
4460,Low,0.3,0.63,4,0.68,0.61,0.34,3,0.347,P3,Team_C,Low,1
4461,High,0.9,0.78,2,0.67,0.52,0.47,3,0.813,P1,Team_C,High,5
4462,Low,0.3,0.85,1,0.7,0.59,0.57,5,0.557,P2,Team_B,Medium,2
4463,Medium,0.6,0.35,4,0.81,0.68,0.37,3,0.468,P2,Team_A,Medium,2
4464,High,0.9,0.35,3,0.64,0.94,0.85,3,0.608,P2,Team_B,Medium,2
4465,Medium,0.6,0.72,2,0.87,0.53,0.54,3,0.562,P2,Team_C,Medium,2
4466,Low,0.3,0.35,4,0.73,0.55,0.8,4,0.273,P3,Team_B,Low,1
4467,High,0.9,0.62,1,0.76,0.66,0.69,2,0.718,P1,Team_C,High,5
4468,Medium,0.6,0.07,1,0.75,0.82,0.77,0,0.318,P3,Team_B,Low,1
4469,Medium,0.6,0.62,1,0.7,0.86,0.73,4,0.505,P2,Team_B,Medium,3
4470,Low,0.3,0.16,1,0.67,0.42,0.52,2,0.325,P3,Team_C,Low,1
4471,High,0.9,0.17,4,0.22,0.73,0.43,4,0.612,P2,Team_B,Medium,3
4472,High,0.9,0.67,1,0.37,0.67,0.69,1,0.8,P1,Team_C,High,5
4473,Medium,0.6,0.21,1,0.83,0.84,0.83,7,0.543,P2,Team_B,Medium,2
4474,High,0.9,0.62,3,0.77,0.72,0.54,4,0.759,P1,Team_B,High,5
4475,Medium,0.6,0.53,4,0.73,0.85,0.6,2,0.478,P2,Team_B,Medium,2
4476,Medium,0.6,0.47,4,0.82,0.69,0.8,3,0.485,P2,Team_A,Medium,2
4477,Medium,0.6,0.73,3,0.73,0.59,0.32,3,0.612,P2,Team_A,Medium,3
4478,Low,0.3,0.7,2,0.73,0.61,0.8,3,0.426,P2,Team_C,Medium,3
4479,High,0.9,0.38,3,0.51,0.86,0.41,3,0.733,P1,Team_B,High,6
4480,High,0.9,0.52,1,0.72,0.81,0.9,2,0.659,P1,Team_B,High,6
4481,Low,0.3,0.81,3,0.7,0.75,0.31,6,0.363,P3,Team_B,Low,1
4482,High,0.9,0.36,2,0.84,0.64,0.82,2,0.643,P2,Team_A,Medium,3
4483,Low,0.3,0.69,1,0.79,0.64,0.48,5,0.445,P2,Team_C,Medium,2
4484,High,0.9,0.82,4,0.88,0.88,0.91,5,0.683,P1,Team_A,High,6
4485,Low,0.3,0.26,1,0.53,0.45,0.56,2,0.391,P3,Team_B,Low,1
4486,Low,0.3,0.35,4,0.87,0.9,0.64,2,0.182,P3,Team_B,Low,1
4487,Medium,0.6,0.38,3,0.91,0.81,0.9,2,0.425,P2,Team_B,Medium,3
4488,High,0.9,0.81,4,0.44,0.91,0.88,3,0.687,P1,Team_B,High,6
4489,Medium,0.6,0.75,2,0.67,0.94,0.42,3,0.529,P2,Team_B,Medium,3
4490,High,0.9,0.7,4,0.55,0.62,0.41,4,0.737,P1,Team_C,High,4
4491,Medium,0.6,0.52,4,0.66,0.71,0.36,4,0.56,P2,Team_C,Medium,2
4492,Low,0.3,0.4,2,0.75,0.54,0.79,1,0.22,P3,Team_B,Low,1
4493,High,0.9,0.71,4,0.95,0.61,0.99,5,0.735,P1,Team_A,High,4
4494,High,0.9,0.87,1,0.43,0.56,0.65,7,0.728,P1,Team_C,High,4
4495,Medium,0.6,0.58,4,0.88,0.72,0.43,3,0.611,P2,Team_C,Medium,3
4496,Medium,0.6,0.21,1,0.99,0.4,0.6,5,0.591,P2,Team_C,Medium,2
4497,Medium,0.6,0.45,1,0.62,0.56,0.52,3,0.545,P2,Team_C,Medium,2
4498,Low,0.3,0.55,2,0.89,0.82,0.87,4,0.309,P3,Team_C,Low,1
4499,Low,0.3,0.55,3,0.37,0.78,0.67,3,0.251,P3,Team_C,Low,1
4500,Medium,0.6,0.65,1,0.77,0.82,0.55,2,0.544,P2,Team_B,Medium,3
4501,Medium,0.6,0.62,2,0.93,0.94,0.61,1,0.47,P2,Team_B,Medium,2
4502,High,0.9,0.7,4,0.74,0.74,0.9,3,0.639,P2,Team_B,Medium,2
4503,Medium,0.6,0.52,2,0.77,0.59,0.54,3,0.424,P2,Team_C,Medium,3
4504,Low,0.3,0.77,1,0.91,0.73,0.69,2,0.381,P3,Team_B,Low,1
4505,Low,0.3,0.12,2,0.62,0.67,0.83,1,0.256,P3,Team_C,Low,1
4506,Medium,0.6,0.55,1,0.87,0.63,0.48,5,0.499,P2,Team_A,Medium,3
4507,High,0.9,0.78,3,0.63,0.7,0.59,6,0.723,P1,Team_B,High,4
4508,Medium,0.6,0.57,4,0.86,0.59,0.46,2,0.582,P2,Team_A,Medium,3
4509,Low,0.3,0.79,4,0.66,0.5,0.77,2,0.418,P3,Team_B,Low,1
4510,Medium,0.6,0.65,4,0.69,0.74,0.8,8,0.531,P2,Team_A,Medium,3
4511,Low,0.3,0.91,2,0.38,0.37,0.92,4,0.473,P2,Team_B,Medium,3
4512,Medium,0.6,0.61,4,0.93,0.75,0.83,4,0.453,P2,Team_B,Medium,3
4513,High,0.9,0.86,1,0.72,0.73,0.72,6,0.665,P1,Team_B,High,6
4514,Low,0.3,0.22,1,0.73,0.27,0.48,2,0.362,P3,Team_B,Low,1
4515,Medium,0.6,0.53,3,0.89,0.58,0.89,4,0.481,P2,Team_C,Medium,2
4516,High,0.9,0.43,1,0.81,0.82,0.85,1,0.637,P2,Team_A,Medium,3
4517,Low,0.3,0.27,3,0.72,0.87,0.91,5,0.184,P3,Team_B,Low,1
4518,Low,0.3,0.69,3,0.63,0.78,0.71,3,0.389,P3,Team_C,Low,1
4519,High,0.9,0.82,2,0.67,0.97,0.38,3,0.728,P1,Team_B,High,5
4520,Low,0.3,0.75,3,0.74,0.64,0.68,3,0.487,P2,Team_C,Medium,3
4521,Medium,0.6,0.32,2,0.84,0.57,0.66,3,0.389,P3,Team_A,Low,1
4522,Low,0.3,0.87,2,0.88,0.89,0.33,4,0.442,P2,Team_C,Medium,3
4523,Low,0.3,0.85,3,0.91,0.27,0.84,1,0.482,P2,Team_C,Medium,2
4524,Medium,0.6,0.41,1,0.92,0.64,0.7,3,0.412,P3,Team_A,Low,1
4525,Low,0.3,0.48,1,0.87,0.81,0.94,3,0.31,P3,Team_C,Low,1
4526,Low,0.3,0.58,3,0.45,0.92,0.5,3,0.351,P3,Team_B,Low,1
4527,Medium,0.6,0.77,3,0.58,0.69,0.86,3,0.489,P2,Team_C,Medium,3
4528,High,0.9,0.02,4,0.53,0.93,0.34,2,0.553,P2,Team_B,Medium,2
4529,Low,0.3,0.62,2,0.82,0.41,0.88,3,0.439,P2,Team_C,Medium,2
4530,Low,0.3,0.63,1,0.21,0.93,0.79,4,0.315,P3,Team_C,Low,1
4531,Medium,0.6,0.22,1,0.45,0.9,0.61,1,0.44,P2,Team_B,Medium,3
4532,Low,0.3,0.43,1,0.64,0.93,0.96,1,0.344,P3,Team_B,Low,1
4533,Medium,0.6,0.22,2,0.77,0.78,0.94,3,0.411,P3,Team_B,Low,1
4534,Low,0.3,0.46,1,0.38,0.42,0.6,5,0.351,P3,Team_B,Low,1
4535,Medium,0.6,0.71,3,0.88,0.78,0.44,0,0.536,P2,Team_B,Medium,3
4536,Medium,0.6,0.37,3,0.74,0.75,0.82,6,0.417,P3,Team_B,Low,1
4537,Medium,0.6,0.71,1,0.79,0.84,0.85,2,0.524,P2,Team_B,Medium,2
4538,Low,0.3,0.43,3,0.85,0.57,0.58,1,0.357,P3,Team_B,Low,1
4539,Medium,0.6,0.84,1,0.45,0.51,0.51,0,0.606,P2,Team_A,Medium,2
4540,Medium,0.6,0.6,1,0.85,0.51,0.3,2,0.564,P2,Team_A,Medium,2
4541,Medium,0.6,0.43,2,0.73,0.91,0.5,1,0.43,P2,Team_B,Medium,3
4542,High,0.9,0.85,1,0.7,0.42,0.85,3,0.877,P1,Team_C,High,4
4543,Medium,0.6,0.59,2,0.57,0.52,0.62,4,0.575,P2,Team_A,Medium,2
4544,Low,0.3,0.77,2,0.47,0.54,0.75,0,0.312,P3,Team_C,Low,1
4545,Low,0.3,0.86,3,0.91,0.86,0.96,5,0.384,P3,Team_B,Low,1
4546,Low,0.3,0.16,3,0.85,0.84,0.62,1,0.262,P3,Team_B,Low,1
4547,Medium,0.6,0.75,4,0.2,0.68,0.34,3,0.586,P2,Team_A,Medium,2
4548,Medium,0.6,0.25,1,0.86,0.53,0.66,1,0.484,P2,Team_A,Medium,3
4549,Low,0.3,0.51,1,0.43,0.61,0.54,1,0.413,P3,Team_C,Low,1
4550,Low,0.3,0.57,3,0.54,0.69,0.82,2,0.267,P3,Team_B,Low,1
4551,Low,0.3,0.11,1,0.59,0.76,0.57,4,0.33,P3,Team_B,Low,1
4552,Low,0.3,0.51,2,0.76,0.85,0.31,3,0.434,P2,Team_B,Medium,3
4553,High,0.9,0.41,2,0.94,0.87,0.31,5,0.647,P2,Team_A,Medium,3
4554,Low,0.3,0.26,1,0.67,0.63,0.66,3,0.334,P3,Team_B,Low,1
4555,Medium,0.6,0.38,1,0.46,0.61,0.66,4,0.458,P2,Team_A,Medium,2
4556,Medium,0.6,0.28,1,0.75,0.92,0.37,3,0.47,P2,Team_B,Medium,3
4557,Medium,0.6,0.28,3,0.72,0.71,0.44,0,0.494,P2,Team_A,Medium,2
4558,High,0.9,0.44,4,0.77,0.52,0.78,2,0.774,P1,Team_C,High,6
4559,Low,0.3,0.76,3,0.96,0.82,0.8,2,0.346,P3,Team_C,Low,1
4560,Medium,0.6,0.29,2,0.6,0.64,0.69,2,0.491,P2,Team_C,Medium,2
4561,Medium,0.6,0.39,1,0.83,0.85,0.39,4,0.567,P2,Team_B,Medium,3
4562,Medium,0.6,0.14,1,0.26,0.42,0.49,2,0.462,P2,Team_C,Medium,2
4563,Medium,0.6,0.63,1,0.79,0.38,0.42,1,0.479,P2,Team_C,Medium,3
4564,Low,0.3,0.4,3,0.94,0.6,0.83,1,0.307,P3,Team_C,Low,1
4565,Medium,0.6,0.12,2,0.62,0.7,0.31,2,0.499,P2,Team_A,Medium,3
4566,Low,0.3,0.63,1,0.38,0.87,0.55,3,0.378,P3,Team_C,Low,1
4567,High,0.9,0.6,2,0.65,0.29,0.31,3,0.804,P1,Team_C,High,5
4568,High,0.9,0.6,4,0.39,0.6,0.93,3,0.676,P1,Team_C,High,5
4569,Low,0.3,0.54,2,0.57,0.99,0.94,2,0.31,P3,Team_B,Low,1
4570,Medium,0.6,0.22,3,0.7,0.4,0.3,6,0.487,P2,Team_C,Medium,3
4571,Low,0.3,0.47,4,0.81,0.64,0.5,1,0.378,P3,Team_B,Low,1
4572,Low,0.3,0.22,4,0.78,0.91,0.82,6,0.296,P3,Team_C,Low,1
4573,Low,0.3,0.53,3,0.75,0.47,0.56,2,0.412,P3,Team_B,Low,1
4574,Medium,0.6,0.55,2,0.7,0.34,0.89,4,0.421,P2,Team_A,Medium,2
4575,High,0.9,0.61,4,0.6,0.59,0.84,5,0.727,P1,Team_C,High,6
4576,High,0.9,0.52,2,0.35,0.91,0.42,2,0.622,P2,Team_B,Medium,2
4577,Low,0.3,0.42,3,0.71,0.68,0.66,3,0.281,P3,Team_B,Low,1
4578,Low,0.3,0.81,3,0.81,0.69,0.68,0,0.355,P3,Team_C,Low,1
4579,High,0.9,0.24,2,0.77,0.5,0.94,5,0.567,P2,Team_C,Medium,2
4580,Low,0.3,0.92,1,0.53,0.62,0.9,2,0.422,P2,Team_B,Medium,3
4581,Low,0.3,0.45,4,0.9,0.54,0.69,4,0.337,P3,Team_B,Low,1
4582,Low,0.3,0.53,3,0.89,0.5,0.57,5,0.382,P3,Team_C,Low,1
4583,Medium,0.6,0.75,1,0.59,0.75,0.72,4,0.511,P2,Team_B,Medium,2
4584,Medium,0.6,0.39,1,0.49,0.44,0.37,3,0.514,P2,Team_A,Medium,3
4585,High,0.9,0.41,1,0.25,0.43,0.72,2,0.669,P1,Team_C,High,5
4586,Low,0.3,0.51,3,0.88,0.82,0.9,4,0.3,P3,Team_C,Low,1
4587,High,0.9,0.6,2,0.94,0.82,0.81,0,0.746,P1,Team_A,High,6
4588,Medium,0.6,0.61,1,0.89,0.77,0.97,2,0.537,P2,Team_B,Medium,3
4589,Medium,0.6,0.72,1,0.68,0.61,0.97,1,0.584,P2,Team_A,Medium,3
4590,Low,0.3,0.16,3,0.76,0.77,0.31,1,0.336,P3,Team_B,Low,1
4591,Low,0.3,0.74,3,0.89,0.6,0.41,4,0.456,P2,Team_C,Medium,2
4592,Low,0.3,0.28,2,0.76,0.8,0.83,3,0.389,P3,Team_C,Low,1
4593,High,0.9,0.51,2,0.74,0.96,0.58,6,0.633,P2,Team_B,Medium,2
4594,Low,0.3,0.07,3,0.56,0.65,0.48,2,0.292,P3,Team_B,Low,1
4595,Medium,0.6,0.12,4,0.71,0.77,0.47,2,0.456,P2,Team_B,Medium,3
4596,Low,0.3,0.83,3,0.55,0.71,0.84,2,0.339,P3,Team_C,Low,1
4597,Medium,0.6,0.52,1,0.6,0.86,0.75,7,0.498,P2,Team_B,Medium,3
4598,Medium,0.6,0.58,3,0.84,0.81,0.81,1,0.525,P2,Team_B,Medium,2
4599,Low,0.3,0.77,2,0.7,0.77,0.49,1,0.442,P2,Team_B,Medium,3
4600,High,0.9,0.84,3,0.75,0.88,0.98,4,0.674,P1,Team_B,High,6
4601,Medium,0.6,0.41,2,0.48,0.57,0.75,4,0.486,P2,Team_A,Medium,3
4602,High,0.9,0.79,2,0.63,0.72,0.98,2,0.68,P1,Team_B,High,4
4603,Medium,0.6,0.69,2,0.77,0.55,0.55,4,0.521,P2,Team_A,Medium,3
4604,Low,0.3,0.6,4,0.78,0.72,0.47,1,0.461,P2,Team_C,Medium,3
4605,Low,0.3,0.86,2,0.71,0.78,0.73,4,0.407,P3,Team_B,Low,1
4606,Low,0.3,0.47,1,0.91,0.73,0.77,4,0.376,P3,Team_B,Low,1
4607,Low,0.3,0.86,4,0.67,0.76,0.67,3,0.472,P2,Team_C,Medium,3
4608,Medium,0.6,0.92,3,0.46,0.92,0.94,4,0.547,P2,Team_B,Medium,3
4609,Low,0.3,0.97,3,0.74,0.5,0.33,1,0.494,P2,Team_C,Medium,2
4610,Low,0.3,0.26,3,0.7,0.79,0.67,1,0.243,P3,Team_B,Low,1
4611,Medium,0.6,0.27,3,0.9,0.78,0.67,4,0.49,P2,Team_B,Medium,2
4612,Low,0.3,0.77,1,0.88,0.46,0.81,4,0.383,P3,Team_B,Low,1
4613,High,0.9,0.24,3,0.36,0.88,1.0,0,0.462,P2,Team_B,Medium,2
4614,Low,0.3,0.55,4,0.59,0.78,0.39,3,0.28,P3,Team_B,Low,1
4615,High,0.9,0.79,2,0.77,0.56,0.46,2,0.736,P1,Team_C,High,6
4616,Low,0.3,0.33,1,0.66,0.49,0.94,4,0.391,P3,Team_B,Low,1
4617,Low,0.3,0.07,2,0.53,0.85,0.45,3,0.225,P3,Team_B,Low,1
4618,Low,0.3,0.29,2,0.78,0.74,0.59,1,0.327,P3,Team_C,Low,1
4619,Low,0.3,0.47,3,0.93,0.82,0.98,2,0.365,P3,Team_B,Low,1
4620,Low,0.3,0.71,2,0.53,0.34,0.39,5,0.46,P2,Team_C,Medium,2
4621,Medium,0.6,0.79,2,0.74,0.89,0.95,5,0.5,P2,Team_B,Medium,2
4622,Medium,0.6,0.58,1,0.96,0.66,0.93,3,0.535,P2,Team_C,Medium,3
4623,Medium,0.6,0.61,3,0.86,0.83,0.82,2,0.51,P2,Team_B,Medium,2
4624,Low,0.3,0.44,3,0.65,0.44,0.4,3,0.372,P3,Team_B,Low,1
4625,Low,0.3,0.51,2,0.48,0.46,0.81,3,0.416,P3,Team_B,Low,1
4626,Low,0.3,0.28,1,0.43,0.34,0.65,2,0.374,P3,Team_B,Low,1
4627,Low,0.3,0.21,1,0.64,0.46,0.48,2,0.359,P3,Team_C,Low,1
4628,Low,0.3,0.37,3,0.46,0.47,0.4,2,0.334,P3,Team_C,Low,1
4629,High,0.9,0.04,1,0.76,0.66,0.95,3,0.582,P2,Team_C,Medium,2
4630,Medium,0.6,0.45,1,0.81,0.81,0.39,5,0.586,P2,Team_B,Medium,2
4631,Low,0.3,0.73,2,0.82,0.81,0.74,3,0.325,P3,Team_B,Low,1
4632,Low,0.3,0.14,1,0.71,0.69,0.73,2,0.302,P3,Team_B,Low,1
4633,Low,0.3,0.47,1,0.64,0.33,0.95,3,0.389,P3,Team_C,Low,1
4634,Medium,0.6,0.34,4,0.74,0.6,0.3,2,0.558,P2,Team_C,Medium,2
4635,Low,0.3,0.53,1,0.9,0.45,0.46,2,0.302,P3,Team_B,Low,1
4636,High,0.9,0.6,1,0.63,0.39,0.74,0,0.743,P1,Team_C,High,5
4637,Low,0.3,0.73,1,0.51,0.55,0.82,3,0.241,P3,Team_B,Low,1
4638,Low,0.3,0.17,2,0.65,0.86,0.82,2,0.311,P3,Team_C,Low,1
4639,Low,0.3,0.14,4,0.86,0.64,0.41,3,0.306,P3,Team_C,Low,1
4640,Low,0.3,0.44,1,0.81,0.37,0.62,5,0.431,P2,Team_C,Medium,2
4641,Low,0.3,0.2,1,0.82,0.75,0.78,3,0.356,P3,Team_B,Low,1
4642,Low,0.3,0.08,4,0.89,0.75,0.45,2,0.269,P3,Team_B,Low,1
4643,Low,0.3,0.31,1,0.73,0.46,0.75,3,0.316,P3,Team_B,Low,1
4644,Low,0.3,0.71,4,0.77,0.62,0.81,4,0.305,P3,Team_B,Low,1
4645,Medium,0.6,0.45,3,0.8,0.7,0.55,4,0.465,P2,Team_C,Medium,3
4646,High,0.9,0.88,2,0.65,0.93,0.79,2,0.74,P1,Team_B,High,5
4647,Medium,0.6,0.65,1,0.69,0.86,0.77,3,0.529,P2,Team_B,Medium,2
4648,Low,0.3,0.5,4,0.84,0.73,0.3,5,0.368,P3,Team_B,Low,1
4649,Low,0.3,0.49,3,0.86,0.41,0.96,2,0.341,P3,Team_B,Low,1
4650,Low,0.3,0.26,4,0.4,0.85,0.38,8,0.291,P3,Team_B,Low,1
4651,Medium,0.6,0.19,4,0.56,0.53,0.48,2,0.448,P2,Team_A,Medium,3
4652,Medium,0.6,0.29,3,0.82,0.59,0.36,1,0.462,P2,Team_C,Medium,2
4653,Medium,0.6,0.23,1,0.65,0.7,0.58,3,0.429,P2,Team_C,Medium,3
4654,High,0.9,0.62,2,0.91,0.76,0.86,3,0.714,P1,Team_A,High,5
4655,High,0.9,0.29,3,0.77,0.67,0.32,0,0.602,P2,Team_C,Medium,2
4656,Low,0.3,0.61,4,0.96,0.89,0.68,3,0.322,P3,Team_B,Low,1
4657,Low,0.3,0.4,2,0.12,0.84,0.82,4,0.35,P3,Team_B,Low,1
4658,Low,0.3,0.54,1,0.8,0.54,0.55,2,0.353,P3,Team_C,Low,1
4659,Medium,0.6,0.55,2,0.92,0.7,0.99,4,0.477,P2,Team_C,Medium,2
4660,Medium,0.6,0.39,4,0.91,0.5,0.48,3,0.558,P2,Team_A,Medium,2
4661,Medium,0.6,0.17,4,0.79,0.72,0.93,3,0.386,P3,Team_A,Low,1
4662,Medium,0.6,0.63,2,0.8,0.19,0.55,7,0.59,P2,Team_A,Medium,2
4663,Medium,0.6,0.29,3,0.64,0.74,0.95,7,0.437,P2,Team_A,Medium,3
4664,Medium,0.6,0.36,2,0.92,0.79,0.75,5,0.361,P3,Team_B,Low,1
4665,High,0.9,0.64,3,0.55,0.51,0.77,6,0.676,P1,Team_C,High,4
4666,High,0.9,0.78,3,0.67,0.74,0.72,4,0.703,P1,Team_B,High,4
4667,Medium,0.6,0.72,3,0.83,0.86,0.31,4,0.583,P2,Team_B,Medium,2
4668,High,0.9,0.27,1,0.53,0.88,0.6,5,0.695,P1,Team_B,High,6
4669,Low,0.3,0.09,3,0.8,0.51,0.58,3,0.271,P3,Team_C,Low,1
4670,High,0.9,0.62,2,0.41,0.62,0.5,3,0.729,P1,Team_C,High,5
4671,High,0.9,0.49,2,0.9,0.63,0.33,2,0.629,P2,Team_A,Medium,2
4672,High,0.9,0.85,4,0.8,0.9,0.4,3,0.772,P1,Team_A,High,4
4673,Medium,0.6,0.72,2,0.84,0.92,0.69,2,0.491,P2,Team_B,Medium,3
4674,Medium,0.6,0.29,4,0.62,0.96,0.74,5,0.51,P2,Team_B,Medium,3
4675,Medium,0.6,0.81,4,0.84,0.89,0.31,4,0.603,P2,Team_B,Medium,3
4676,Low,0.3,0.63,1,0.69,0.81,0.84,3,0.337,P3,Team_C,Low,1
4677,Low,0.3,0.67,4,0.9,0.77,0.51,2,0.284,P3,Team_C,Low,1
4678,Medium,0.6,0.25,4,0.68,0.42,0.34,3,0.544,P2,Team_C,Medium,2
4679,Low,0.3,0.34,1,0.69,0.74,0.52,1,0.348,P3,Team_B,Low,1
4680,High,0.9,0.56,2,0.65,0.68,0.82,3,0.664,P1,Team_C,High,4
4681,High,0.9,0.45,3,0.59,0.47,0.5,3,0.631,P2,Team_C,Medium,2
4682,Medium,0.6,0.61,1,0.69,0.74,0.72,0,0.539,P2,Team_A,Medium,2
4683,Low,0.3,0.54,4,0.93,0.49,0.54,0,0.401,P3,Team_B,Low,1
4684,Low,0.3,0.53,2,0.76,0.73,0.74,2,0.356,P3,Team_C,Low,1
4685,Medium,0.6,0.42,2,0.83,0.74,0.76,3,0.553,P2,Team_A,Medium,2
4686,High,0.9,0.4,4,0.98,0.76,0.88,5,0.563,P2,Team_A,Medium,3
4687,Low,0.3,0.6,4,0.75,0.86,0.94,3,0.289,P3,Team_C,Low,1
4688,Low,0.3,0.21,2,0.67,0.78,0.39,5,0.233,P3,Team_B,Low,1
4689,Medium,0.6,0.85,1,0.58,0.91,0.63,5,0.597,P2,Team_B,Medium,2
4690,Low,0.3,0.54,4,0.52,0.65,0.38,3,0.347,P3,Team_B,Low,1
4691,Low,0.3,0.82,4,0.84,0.46,0.67,4,0.4,P3,Team_C,Low,1
4692,Medium,0.6,0.49,2,0.38,0.63,0.66,2,0.48,P2,Team_A,Medium,2
4693,High,0.9,0.2,1,0.48,0.76,0.56,1,0.638,P2,Team_B,Medium,3
4694,Low,0.3,0.65,2,0.45,0.79,0.41,1,0.439,P2,Team_C,Medium,3
4695,High,0.9,0.43,4,0.85,0.69,0.46,7,0.727,P1,Team_A,High,4
4696,High,0.9,0.89,3,0.5,0.7,0.64,1,0.697,P1,Team_B,High,6
4697,Low,0.3,0.72,1,0.87,0.76,0.87,5,0.31,P3,Team_C,Low,1
4698,Low,0.3,0.14,1,0.68,0.8,0.3,3,0.224,P3,Team_B,Low,1
4699,Low,0.3,0.3,1,0.49,0.79,0.68,5,0.231,P3,Team_B,Low,1
4700,Medium,0.6,0.53,2,0.68,0.62,0.86,3,0.423,P2,Team_A,Medium,3
4701,Medium,0.6,0.44,4,0.52,0.79,0.36,3,0.481,P2,Team_B,Medium,3
4702,Medium,0.6,0.04,4,0.91,0.58,0.55,5,0.415,P3,Team_A,Low,1
4703,Medium,0.6,0.78,1,0.7,0.71,0.94,4,0.579,P2,Team_C,Medium,3
4704,Medium,0.6,0.31,2,0.59,0.67,0.59,1,0.448,P2,Team_A,Medium,2
4705,High,0.9,0.69,2,0.58,0.48,0.69,3,0.771,P1,Team_C,High,5
4706,Medium,0.6,0.78,2,0.98,0.89,0.54,0,0.511,P2,Team_B,Medium,2
4707,Medium,0.6,0.91,3,0.77,0.67,1.0,4,0.594,P2,Team_C,Medium,2
4708,Medium,0.6,0.5,4,0.52,0.44,0.47,2,0.604,P2,Team_A,Medium,2
4709,Medium,0.6,0.43,1,0.9,0.69,0.52,3,0.565,P2,Team_C,Medium,2
4710,High,0.9,0.22,2,0.53,0.34,0.53,2,0.713,P1,Team_C,High,4
4711,Low,0.3,0.83,3,0.81,0.84,0.7,4,0.392,P3,Team_B,Low,1
4712,Low,0.3,0.11,4,0.75,0.92,0.91,2,0.194,P3,Team_C,Low,1
4713,Low,0.3,0.29,4,0.62,0.65,0.55,2,0.315,P3,Team_C,Low,1
4714,Low,0.3,0.35,4,0.93,0.81,0.55,2,0.293,P3,Team_C,Low,1
4715,Low,0.3,0.77,1,0.84,0.66,0.43,7,0.409,P3,Team_B,Low,1
4716,Low,0.3,0.66,3,0.62,0.79,0.73,6,0.35,P3,Team_C,Low,1
4717,Medium,0.6,0.56,4,0.59,0.64,0.67,4,0.556,P2,Team_A,Medium,2
4718,High,0.9,0.59,3,0.41,0.66,0.67,2,0.796,P1,Team_C,High,5
4719,Low,0.3,0.32,2,0.59,0.94,0.69,4,0.349,P3,Team_C,Low,1
4720,High,0.9,0.17,2,0.41,0.36,0.54,1,0.784,P1,Team_C,High,6
4721,Low,0.3,0.46,3,0.64,0.6,0.48,3,0.406,P3,Team_B,Low,1
4722,Low,0.3,0.4,2,0.67,0.81,0.53,2,0.321,P3,Team_B,Low,1
4723,High,0.9,0.36,3,0.92,0.71,0.89,5,0.668,P1,Team_A,High,4
4724,Medium,0.6,0.76,1,0.68,0.63,0.54,0,0.528,P2,Team_A,Medium,2
4725,High,0.9,0.4,2,0.77,0.56,0.6,3,0.665,P1,Team_C,High,4
4726,Low,0.3,0.86,1,0.88,0.64,0.94,3,0.419,P3,Team_C,Low,1
4727,Low,0.3,0.58,3,0.36,0.78,0.36,4,0.325,P3,Team_C,Low,1
4728,High,0.9,0.85,3,0.7,0.65,0.42,4,0.835,P1,Team_C,High,4
4729,Low,0.3,0.23,1,0.83,0.61,0.53,2,0.393,P3,Team_B,Low,1
4730,High,0.9,0.89,4,0.55,0.84,0.78,5,0.748,P1,Team_B,High,5
4731,High,0.9,0.87,3,0.87,0.83,0.75,4,0.812,P1,Team_A,High,6
4732,Medium,0.6,0.61,3,0.66,0.76,0.91,3,0.471,P2,Team_B,Medium,2
4733,Low,0.3,0.58,4,0.67,0.56,0.58,4,0.396,P3,Team_C,Low,1
4734,High,0.9,0.75,4,0.46,0.88,0.33,7,0.808,P1,Team_B,High,6
4735,Low,0.3,0.99,1,0.77,0.65,0.54,6,0.51,P2,Team_B,Medium,3
4736,Low,0.3,0.66,2,0.67,0.96,0.54,2,0.398,P3,Team_B,Low,1
4737,Medium,0.6,0.72,4,0.65,0.79,0.79,6,0.502,P2,Team_B,Medium,2
4738,Medium,0.6,0.1,4,0.58,0.53,0.53,8,0.518,P2,Team_C,Medium,3
4739,Medium,0.6,0.28,3,0.74,0.79,0.35,3,0.461,P2,Team_B,Medium,3
4740,Medium,0.6,0.27,4,0.84,0.73,0.89,6,0.404,P3,Team_A,Low,1
4741,Medium,0.6,0.33,2,0.83,0.95,0.73,3,0.389,P3,Team_B,Low,1
4742,Medium,0.6,0.31,4,0.56,0.27,0.45,5,0.515,P2,Team_C,Medium,3
4743,Low,0.3,0.62,4,0.74,0.8,0.68,2,0.351,P3,Team_C,Low,1
4744,Low,0.3,0.76,1,0.56,0.64,0.95,5,0.38,P3,Team_C,Low,1
4745,High,0.9,0.44,3,0.77,0.74,0.49,4,0.714,P1,Team_B,High,4
4746,High,0.9,0.47,3,0.42,0.7,0.32,3,0.581,P2,Team_B,Medium,3
4747,Low,0.3,0.55,4,0.79,0.79,0.47,3,0.367,P3,Team_B,Low,1
4748,Low,0.3,0.19,2,0.86,0.53,0.86,3,0.314,P3,Team_B,Low,1
4749,Low,0.3,0.12,3,0.91,0.84,0.89,2,0.23,P3,Team_C,Low,1
4750,Low,0.3,0.47,2,0.88,0.76,0.63,2,0.374,P3,Team_C,Low,1
4751,High,0.9,0.79,4,0.59,0.53,0.48,1,0.745,P1,Team_C,High,6
4752,Medium,0.6,0.87,2,0.72,0.97,0.85,2,0.485,P2,Team_B,Medium,3
4753,Medium,0.6,0.24,1,0.9,0.79,0.61,2,0.565,P2,Team_B,Medium,3
4754,Medium,0.6,0.81,4,0.6,0.55,0.59,4,0.722,P1,Team_A,High,5
4755,Medium,0.6,0.82,3,0.6,0.89,0.91,1,0.533,P2,Team_B,Medium,2
4756,Medium,0.6,0.57,1,0.75,0.94,0.85,3,0.49,P2,Team_B,Medium,2
4757,Low,0.3,0.58,2,0.85,0.57,0.83,1,0.437,P2,Team_C,Medium,3
4758,High,0.9,0.57,4,0.57,0.68,0.67,4,0.645,P2,Team_C,Medium,2
4759,High,0.9,0.72,1,0.57,0.68,0.59,0,0.662,P1,Team_C,High,4
4760,High,0.9,0.83,1,0.26,0.7,0.56,6,0.851,P1,Team_B,High,6
4761,Low,0.3,0.81,2,0.84,0.37,0.89,7,0.466,P2,Team_B,Medium,2
4762,High,0.9,0.47,1,0.94,0.86,0.67,7,0.761,P1,Team_A,High,5
4763,Medium,0.6,0.36,4,0.58,0.59,0.39,6,0.482,P2,Team_A,Medium,3
4764,Medium,0.6,0.3,3,0.47,0.14,0.39,1,0.508,P2,Team_A,Medium,2
4765,Low,0.3,0.66,3,0.85,0.7,0.75,1,0.412,P3,Team_B,Low,1
4766,High,0.9,0.84,1,0.52,0.82,0.52,2,0.75,P1,Team_B,High,6
4767,Low,0.3,0.29,1,0.59,0.43,0.84,2,0.398,P3,Team_B,Low,1
4768,Low,0.3,0.89,2,0.84,0.46,0.47,6,0.443,P2,Team_B,Medium,3
4769,Medium,0.6,0.55,1,0.47,0.97,0.94,6,0.48,P2,Team_B,Medium,3
4770,Medium,0.6,0.62,1,0.87,0.92,0.74,2,0.422,P2,Team_B,Medium,2
4771,Low,0.3,0.74,3,0.64,0.66,0.58,3,0.381,P3,Team_B,Low,1
4772,High,0.9,0.41,3,0.6,0.31,0.52,1,0.667,P1,Team_C,High,6
4773,Medium,0.6,0.31,2,0.97,0.82,0.93,1,0.474,P2,Team_B,Medium,2
4774,Medium,0.6,0.48,4,0.73,0.32,0.31,4,0.62,P2,Team_C,Medium,3
4775,Medium,0.6,0.39,1,0.72,0.56,0.39,1,0.511,P2,Team_C,Medium,2
4776,Low,0.3,0.19,1,0.67,0.86,0.76,2,0.226,P3,Team_B,Low,1
4777,Medium,0.6,0.87,4,0.76,0.72,0.7,3,0.614,P2,Team_A,Medium,3
4778,High,0.9,0.61,2,0.95,0.26,0.44,3,0.831,P1,Team_A,High,6
4779,Medium,0.6,0.32,4,0.73,0.72,0.59,0,0.373,P3,Team_C,Low,1
4780,Low,0.3,0.49,2,0.86,0.61,0.98,3,0.292,P3,Team_C,Low,1
4781,High,0.9,0.78,3,0.89,0.82,0.38,1,0.748,P1,Team_A,High,5
4782,Low,0.3,0.7,2,0.84,0.83,0.49,4,0.281,P3,Team_B,Low,1
4783,High,0.9,0.79,2,0.45,0.76,0.9,0,0.663,P1,Team_B,High,5
4784,Medium,0.6,0.22,3,0.68,0.97,0.7,3,0.391,P3,Team_B,Low,1
4785,Low,0.3,0.74,3,0.91,0.57,0.74,2,0.376,P3,Team_B,Low,1
4786,Medium,0.6,0.52,4,0.78,0.94,0.5,4,0.483,P2,Team_B,Medium,3
4787,Medium,0.6,0.32,4,0.73,0.74,0.99,4,0.509,P2,Team_A,Medium,3
4788,Low,0.3,0.49,1,0.76,0.81,0.6,3,0.363,P3,Team_B,Low,1
4789,High,0.9,0.74,2,0.81,0.5,0.51,5,0.766,P1,Team_A,High,5
4790,Low,0.3,0.13,1,0.86,0.6,0.9,2,0.249,P3,Team_B,Low,1
4791,Low,0.3,0.76,1,0.86,0.83,0.68,3,0.397,P3,Team_B,Low,1
4792,Low,0.3,0.09,2,0.92,0.87,0.93,5,0.148,P3,Team_B,Low,1
4793,Low,0.3,0.57,3,0.72,0.49,0.45,4,0.473,P2,Team_C,Medium,3
4794,Medium,0.6,0.45,1,0.93,0.56,0.87,5,0.438,P2,Team_C,Medium,3
4795,High,0.9,0.33,1,0.73,0.62,0.51,1,0.628,P2,Team_C,Medium,3
4796,Medium,0.6,0.8,1,0.6,0.62,0.9,4,0.563,P2,Team_A,Medium,3
4797,Medium,0.6,0.07,1,0.44,0.54,0.93,2,0.351,P3,Team_A,Low,1
4798,High,0.9,0.41,2,0.91,0.72,0.78,3,0.656,P1,Team_A,High,4
4799,Medium,0.6,0.12,2,0.57,0.34,0.42,9,0.522,P2,Team_A,Medium,3
4800,Low,0.3,0.85,3,0.6,0.46,0.56,0,0.268,P3,Team_B,Low,1
4801,High,0.9,0.37,2,0.8,0.53,0.47,6,0.704,P1,Team_A,High,4
4802,High,0.9,0.37,2,0.84,0.72,0.31,2,0.695,P1,Team_A,High,5
4803,Low,0.3,0.67,3,0.53,0.76,0.74,2,0.414,P3,Team_B,Low,1
4804,High,0.9,0.3,3,0.87,0.67,0.32,4,0.636,P2,Team_A,Medium,3
4805,Medium,0.6,0.47,1,0.86,0.4,0.76,2,0.528,P2,Team_A,Medium,2
4806,High,0.9,0.17,4,0.43,0.91,0.34,4,0.57,P2,Team_B,Medium,2
4807,Medium,0.6,0.45,4,0.59,0.95,0.57,3,0.464,P2,Team_B,Medium,3
4808,Medium,0.6,0.42,2,0.64,0.75,0.59,2,0.534,P2,Team_B,Medium,2
4809,Medium,0.6,0.81,1,0.64,0.68,0.49,3,0.669,P1,Team_A,High,4
4810,Low,0.3,0.08,2,0.86,0.77,0.99,6,0.299,P3,Team_B,Low,1
4811,Low,0.3,0.79,2,0.96,0.44,0.57,3,0.518,P2,Team_C,Medium,2
4812,Medium,0.6,0.7,1,0.32,0.82,0.79,5,0.46,P2,Team_B,Medium,3
4813,Medium,0.6,0.21,4,0.85,0.24,0.69,4,0.487,P2,Team_A,Medium,2
4814,Low,0.3,0.89,1,0.45,0.62,0.4,4,0.44,P2,Team_B,Medium,3
4815,Low,0.3,0.77,3,0.57,0.92,0.93,2,0.403,P3,Team_C,Low,1
4816,Medium,0.6,0.25,4,0.78,0.9,0.43,3,0.474,P2,Team_B,Medium,2
4817,High,0.9,0.7,4,0.64,0.42,0.99,7,0.665,P1,Team_C,High,5
4818,Medium,0.6,0.4,4,0.81,0.48,0.91,1,0.398,P3,Team_A,Low,1
4819,Low,0.3,0.6,3,0.79,0.87,0.77,4,0.391,P3,Team_C,Low,1
4820,Low,0.3,0.25,2,0.72,0.4,0.93,3,0.305,P3,Team_B,Low,1
4821,Medium,0.6,0.73,3,0.75,0.48,0.46,0,0.582,P2,Team_C,Medium,3
4822,Medium,0.6,0.92,1,0.43,0.76,0.68,4,0.617,P2,Team_B,Medium,2
4823,Medium,0.6,0.4,3,0.76,0.63,0.84,2,0.447,P2,Team_C,Medium,3
4824,Low,0.3,0.88,1,0.8,0.73,0.75,2,0.365,P3,Team_B,Low,1
4825,High,0.9,0.61,2,0.45,0.97,0.4,5,0.751,P1,Team_B,High,4
4826,Low,0.3,0.65,4,0.52,0.8,0.62,3,0.395,P3,Team_B,Low,1
4827,Medium,0.6,0.75,1,0.75,0.57,0.71,1,0.546,P2,Team_C,Medium,2
4828,Medium,0.6,0.35,3,0.99,0.68,0.58,1,0.448,P2,Team_C,Medium,2
4829,Low,0.3,0.23,3,0.67,0.9,0.89,4,0.258,P3,Team_B,Low,1
4830,Medium,0.6,0.46,1,0.72,0.79,0.47,2,0.522,P2,Team_B,Medium,2
4831,Medium,0.6,0.86,3,0.58,0.68,0.58,5,0.621,P2,Team_C,Medium,2
4832,Medium,0.6,0.32,2,0.91,0.67,0.91,4,0.449,P2,Team_A,Medium,2
4833,Medium,0.6,0.14,2,0.8,0.56,0.81,3,0.315,P3,Team_C,Low,1
4834,Low,0.3,0.7,1,0.85,0.89,0.52,1,0.355,P3,Team_C,Low,1
4835,High,0.9,0.72,2,0.58,0.37,0.46,0,0.706,P1,Team_C,High,4
4836,Low,0.3,0.42,1,0.81,0.75,0.47,3,0.359,P3,Team_C,Low,1
4837,Low,0.3,0.9,3,0.89,0.56,0.87,5,0.436,P2,Team_B,Medium,2
4838,Medium,0.6,0.72,2,0.72,0.85,0.36,1,0.64,P2,Team_B,Medium,2
4839,High,0.9,0.42,2,0.75,0.69,0.85,3,0.631,P2,Team_C,Medium,2
4840,Medium,0.6,0.31,2,0.77,0.92,0.51,2,0.44,P2,Team_B,Medium,3
4841,Medium,0.6,0.68,4,0.68,0.82,0.71,5,0.523,P2,Team_B,Medium,2
4842,Medium,0.6,0.67,2,0.78,0.65,0.7,2,0.564,P2,Team_C,Medium,3
4843,Low,0.3,0.38,1,0.87,0.4,0.65,4,0.38,P3,Team_C,Low,1
4844,Medium,0.6,0.31,1,0.23,0.81,0.79,4,0.609,P2,Team_B,Medium,2
4845,Low,0.3,0.38,3,0.65,0.77,0.44,5,0.347,P3,Team_C,Low,1
4846,Medium,0.6,0.5,4,0.86,0.91,0.82,3,0.475,P2,Team_B,Medium,2
4847,Low,0.3,0.86,1,0.79,0.57,0.58,4,0.406,P3,Team_C,Low,1
4848,Low,0.3,0.42,3,0.78,0.58,0.82,4,0.289,P3,Team_B,Low,1
4849,Medium,0.6,0.88,3,0.43,0.86,0.71,3,0.553,P2,Team_B,Medium,2
4850,High,0.9,0.77,1,0.87,0.84,0.52,5,0.737,P1,Team_A,High,6
4851,Medium,0.6,0.62,3,0.71,0.74,0.71,3,0.569,P2,Team_C,Medium,2
4852,High,0.9,0.37,3,0.78,0.57,0.55,5,0.666,P1,Team_C,High,4
4853,Medium,0.6,0.55,1,0.48,0.51,0.58,3,0.437,P2,Team_C,Medium,2
4854,Medium,0.6,0.39,2,0.77,0.48,0.76,7,0.466,P2,Team_A,Medium,3
4855,Low,0.3,0.68,2,0.68,0.95,0.53,2,0.33,P3,Team_C,Low,1
4856,High,0.9,0.58,2,0.79,0.62,0.69,0,0.786,P1,Team_C,High,4
4857,Medium,0.6,0.97,1,0.88,0.71,0.67,3,0.649,P2,Team_A,Medium,3
4858,Low,0.3,0.45,2,0.7,0.82,0.63,5,0.321,P3,Team_C,Low,1
4859,Low,0.3,0.81,4,0.79,0.65,0.78,4,0.444,P2,Team_B,Medium,2
4860,Low,0.3,0.34,3,0.96,0.42,0.7,1,0.358,P3,Team_C,Low,1
4861,Low,0.3,0.37,2,0.82,0.67,0.96,4,0.212,P3,Team_B,Low,1
4862,High,0.9,0.48,1,0.32,0.95,0.79,2,0.604,P2,Team_B,Medium,2
4863,Low,0.3,0.4,3,0.43,0.67,0.41,3,0.342,P3,Team_C,Low,1
4864,Low,0.3,0.33,4,0.84,0.4,0.47,9,0.398,P3,Team_B,Low,1
4865,Low,0.3,0.29,2,0.96,0.82,0.6,2,0.283,P3,Team_C,Low,1
4866,High,0.9,0.4,4,0.23,0.63,0.46,3,0.656,P1,Team_C,High,5
4867,Medium,0.6,0.34,2,0.81,0.75,0.6,4,0.414,P3,Team_B,Low,1
4868,High,0.9,0.61,1,0.85,0.16,0.38,3,0.768,P1,Team_A,High,4
4869,Medium,0.6,0.66,1,0.38,0.77,0.76,2,0.515,P2,Team_B,Medium,2
4870,High,0.9,0.67,3,0.97,0.82,0.65,1,0.732,P1,Team_A,High,5
4871,Low,0.3,0.52,3,0.93,0.67,0.63,3,0.299,P3,Team_C,Low,1
4872,High,0.9,0.75,2,0.85,0.41,0.35,2,0.784,P1,Team_A,High,4
4873,High,0.9,0.5,1,0.93,0.79,0.84,3,0.677,P1,Team_A,High,4
4874,Medium,0.6,0.7,2,0.72,0.91,0.91,6,0.532,P2,Team_B,Medium,2
4875,Low,0.3,0.92,2,0.7,0.18,0.66,3,0.498,P2,Team_C,Medium,3
4876,Medium,0.6,0.72,2,0.78,0.59,0.52,4,0.634,P2,Team_A,Medium,3
4877,Low,0.3,0.39,3,0.52,0.75,0.34,3,0.283,P3,Team_C,Low,1
4878,Medium,0.6,0.65,1,0.69,0.57,0.63,2,0.628,P2,Team_C,Medium,2
4879,Low,0.3,0.82,1,0.58,0.72,0.39,3,0.444,P2,Team_B,Medium,3
4880,High,0.9,0.59,4,0.94,0.63,0.86,2,0.716,P1,Team_A,High,4
4881,Low,0.3,0.45,1,0.84,0.75,0.54,1,0.241,P3,Team_C,Low,1
4882,High,0.9,0.43,3,0.84,0.84,0.58,3,0.637,P2,Team_A,Medium,2
4883,Low,0.3,0.08,2,0.62,0.65,0.34,4,0.305,P3,Team_B,Low,1
4884,Medium,0.6,0.54,3,0.65,0.84,0.31,2,0.48,P2,Team_B,Medium,2
4885,High,0.9,0.95,3,0.78,0.7,0.82,2,0.777,P1,Team_B,High,5
4886,High,0.9,0.44,3,0.89,0.6,0.46,3,0.706,P1,Team_A,High,4
4887,Medium,0.6,0.46,4,0.8,0.85,0.63,2,0.591,P2,Team_B,Medium,3
4888,Medium,0.6,0.4,2,0.66,0.25,0.76,6,0.515,P2,Team_A,Medium,2
4889,Medium,0.6,0.31,1,0.79,0.44,0.81,3,0.5,P2,Team_C,Medium,2
4890,High,0.9,0.4,4,0.81,0.88,0.62,1,0.575,P2,Team_A,Medium,3
4891,High,0.9,0.36,4,0.78,0.88,0.32,3,0.717,P1,Team_B,High,5
4892,Low,0.3,0.74,2,0.79,0.87,0.91,2,0.371,P3,Team_C,Low,1
4893,High,0.9,0.95,2,0.69,0.63,0.69,4,0.687,P1,Team_C,High,4
4894,Low,0.3,0.73,2,0.86,0.91,0.41,1,0.391,P3,Team_C,Low,1
4895,Medium,0.6,0.24,3,0.58,0.67,0.91,6,0.403,P3,Team_A,Low,1
4896,Low,0.3,0.51,2,0.53,0.9,0.54,2,0.447,P2,Team_C,Medium,2
4897,Low,0.3,0.53,2,0.73,0.42,0.95,5,0.376,P3,Team_B,Low,1
4898,Medium,0.6,0.32,1,0.83,0.82,0.6,3,0.518,P2,Team_B,Medium,3
4899,Medium,0.6,0.74,1,0.61,0.52,0.5,3,0.603,P2,Team_C,Medium,2
4900,Medium,0.6,0.54,1,0.78,0.86,0.62,2,0.523,P2,Team_B,Medium,3
4901,Low,0.3,0.59,4,0.74,0.87,0.45,1,0.39,P3,Team_C,Low,1
4902,Low,0.3,0.47,2,0.94,0.6,0.76,1,0.342,P3,Team_B,Low,1
4903,High,0.9,0.85,4,0.55,0.66,0.54,3,0.791,P1,Team_C,High,4
4904,High,0.9,0.42,1,0.93,0.46,0.6,2,0.668,P1,Team_A,High,6
4905,Low,0.3,0.62,1,0.86,0.68,0.46,2,0.44,P2,Team_B,Medium,3
4906,High,0.9,0.24,2,0.5,0.9,0.62,3,0.669,P1,Team_B,High,6
4907,Medium,0.6,0.19,4,0.87,0.71,0.76,1,0.385,P3,Team_A,Low,1
4908,Low,0.3,0.21,4,0.59,0.67,0.96,0,0.196,P3,Team_B,Low,1
4909,Medium,0.6,0.15,4,0.72,0.4,0.91,3,0.46,P2,Team_C,Medium,3
4910,High,0.9,0.14,2,0.54,0.48,0.33,5,0.722,P1,Team_C,High,4
4911,Medium,0.6,0.59,3,0.75,0.68,0.65,2,0.534,P2,Team_A,Medium,3
4912,Low,0.3,0.81,2,0.81,0.85,0.8,3,0.336,P3,Team_B,Low,1
4913,Medium,0.6,0.44,3,0.73,0.71,0.31,1,0.531,P2,Team_C,Medium,3
4914,Medium,0.6,0.14,3,0.68,0.82,0.61,3,0.515,P2,Team_B,Medium,3
4915,Low,0.3,0.8,2,0.77,0.59,0.45,3,0.437,P2,Team_B,Medium,2
4916,Low,0.3,0.58,2,0.73,0.3,0.92,4,0.392,P3,Team_B,Low,1
4917,Medium,0.6,0.54,1,0.8,0.88,0.77,4,0.495,P2,Team_B,Medium,3
4918,Low,0.3,0.06,1,0.34,0.61,0.73,3,0.249,P3,Team_B,Low,1
4919,Low,0.3,0.28,4,0.81,0.46,0.88,1,0.263,P3,Team_C,Low,1
4920,Low,0.3,0.3,1,0.81,0.46,0.51,0,0.399,P3,Team_C,Low,1
4921,Low,0.3,0.42,1,0.6,0.92,0.69,4,0.349,P3,Team_B,Low,1
4922,Low,0.3,0.5,1,0.84,0.8,0.48,2,0.372,P3,Team_C,Low,1
4923,Low,0.3,0.9,1,0.74,0.31,0.96,1,0.417,P3,Team_C,Low,1
4924,Low,0.3,0.4,2,0.39,0.57,0.88,4,0.386,P3,Team_C,Low,1
4925,Medium,0.6,0.86,2,0.7,0.71,0.49,4,0.714,P1,Team_C,High,5
4926,Medium,0.6,0.54,4,0.54,0.78,0.95,1,0.495,P2,Team_B,Medium,2
4927,Medium,0.6,0.54,2,0.73,0.76,0.65,3,0.533,P2,Team_B,Medium,3
4928,Medium,0.6,0.15,1,0.74,0.63,0.9,0,0.356,P3,Team_A,Low,1
4929,High,0.9,0.26,1,0.52,0.62,0.94,4,0.623,P2,Team_C,Medium,2
4930,High,0.9,0.87,4,0.7,0.57,0.93,3,0.711,P1,Team_C,High,5
4931,High,0.9,0.63,1,0.56,0.85,0.96,2,0.64,P2,Team_B,Medium,2
4932,High,0.9,0.3,2,0.98,0.53,0.48,3,0.672,P1,Team_A,High,5
4933,Low,0.3,0.82,1,0.65,0.64,0.71,2,0.386,P3,Team_C,Low,1
4934,Low,0.3,0.3,4,0.52,0.89,0.55,3,0.232,P3,Team_C,Low,1
4935,Medium,0.6,0.16,1,0.51,0.71,0.76,6,0.399,P3,Team_C,Low,1
4936,Medium,0.6,0.61,4,0.87,0.91,0.31,1,0.553,P2,Team_B,Medium,3
4937,Low,0.3,0.92,4,0.83,0.17,0.4,2,0.506,P2,Team_B,Medium,3
4938,Medium,0.6,0.25,3,0.85,0.45,0.71,2,0.473,P2,Team_A,Medium,2
4939,High,0.9,0.45,2,0.73,0.93,0.81,7,0.624,P2,Team_B,Medium,2
4940,Low,0.3,0.25,3,0.73,0.78,0.99,0,0.282,P3,Team_C,Low,1
4941,Low,0.3,0.14,2,0.6,0.72,0.37,5,0.417,P3,Team_C,Low,1
4942,High,0.9,0.55,1,0.42,0.8,0.62,2,0.733,P1,Team_B,High,4
4943,Medium,0.6,0.45,2,0.72,0.48,0.87,3,0.46,P2,Team_A,Medium,2
4944,Medium,0.6,0.34,1,0.79,0.9,0.8,3,0.451,P2,Team_B,Medium,2
4945,High,0.9,0.46,4,0.7,0.84,0.4,4,0.58,P2,Team_B,Medium,2
4946,Low,0.3,0.51,1,0.56,0.88,0.89,5,0.356,P3,Team_B,Low,1
4947,Medium,0.6,0.6,3,0.52,0.96,0.82,5,0.517,P2,Team_B,Medium,3
4948,Medium,0.6,0.2,2,0.65,0.2,0.65,2,0.554,P2,Team_A,Medium,3
4949,High,0.9,0.72,2,0.75,0.79,0.64,3,0.804,P1,Team_B,High,4
4950,High,0.9,0.59,4,0.83,0.46,0.96,2,0.692,P1,Team_A,High,4
4951,Medium,0.6,0.78,1,0.57,0.49,0.35,6,0.633,P2,Team_A,Medium,3
4952,Low,0.3,0.97,3,0.86,0.57,0.45,5,0.476,P2,Team_C,Medium,3
4953,Low,0.3,0.2,4,0.64,0.54,0.8,3,0.235,P3,Team_B,Low,1
4954,Low,0.3,0.36,3,0.6,0.56,0.67,7,0.328,P3,Team_B,Low,1
4955,High,0.9,0.33,2,0.79,0.82,0.53,2,0.645,P2,Team_B,Medium,2
4956,Low,0.3,0.27,2,0.55,0.58,0.33,2,0.271,P3,Team_C,Low,1
4957,High,0.9,0.65,2,0.98,0.87,0.59,1,0.66,P1,Team_A,High,5
4958,Medium,0.6,0.71,4,0.85,0.67,0.33,3,0.546,P2,Team_A,Medium,2
4959,High,0.9,0.79,1,0.7,0.76,0.45,3,0.828,P1,Team_B,High,5
4960,Low,0.3,0.49,4,0.49,0.9,0.53,3,0.355,P3,Team_C,Low,1
4961,Medium,0.6,0.62,4,0.58,0.71,0.46,3,0.492,P2,Team_A,Medium,3
4962,Low,0.3,0.86,4,0.92,0.83,0.41,3,0.485,P2,Team_C,Medium,3
4963,Medium,0.6,0.68,2,0.54,0.8,0.95,2,0.504,P2,Team_B,Medium,3
4964,Low,0.3,0.55,4,0.88,0.7,0.95,4,0.396,P3,Team_C,Low,1
4965,Medium,0.6,0.93,4,0.89,0.91,0.62,2,0.68,P1,Team_B,High,4
4966,High,0.9,0.46,2,0.95,0.37,0.81,2,0.667,P1,Team_A,High,4
4967,Low,0.3,0.8,2,0.51,0.62,0.72,4,0.449,P2,Team_B,Medium,2
4968,Low,0.3,0.19,3,0.51,0.62,0.49,3,0.388,P3,Team_C,Low,1
4969,High,0.9,0.78,1,0.78,0.83,0.91,3,0.748,P1,Team_B,High,4
4970,Low,0.3,0.52,3,0.37,0.59,0.34,1,0.324,P3,Team_B,Low,1
4971,High,0.9,0.43,4,0.9,0.68,0.68,1,0.661,P1,Team_A,High,6
4972,High,0.9,0.45,3,0.51,0.44,0.46,0,0.722,P1,Team_C,High,5
4973,High,0.9,0.49,3,0.74,0.69,0.96,3,0.675,P1,Team_C,High,4
4974,Low,0.3,0.73,3,0.68,0.85,0.94,2,0.358,P3,Team_C,Low,1
4975,Low,0.3,0.6,3,0.6,0.48,0.62,2,0.314,P3,Team_B,Low,1
4976,Medium,0.6,0.15,2,0.84,0.87,0.55,3,0.474,P2,Team_B,Medium,3
4977,Low,0.3,0.83,2,0.82,0.68,0.67,2,0.455,P2,Team_C,Medium,2
4978,High,0.9,0.45,3,0.71,0.25,0.87,2,0.693,P1,Team_C,High,6
4979,Medium,0.6,0.18,3,0.88,0.6,0.65,3,0.352,P3,Team_A,Low,1
4980,Low,0.3,0.43,3,0.38,0.59,0.52,1,0.248,P3,Team_C,Low,1
4981,Medium,0.6,0.44,3,0.69,0.78,0.89,4,0.495,P2,Team_B,Medium,2
4982,High,0.9,0.2,3,0.6,0.41,0.53,3,0.701,P1,Team_C,High,4
4983,Low,0.3,0.44,4,0.81,0.68,0.48,6,0.365,P3,Team_B,Low,1
4984,Low,0.3,0.68,4,0.75,0.47,0.71,3,0.358,P3,Team_B,Low,1
4985,Low,0.3,0.66,4,0.61,0.79,0.47,3,0.321,P3,Team_B,Low,1
4986,Low,0.3,0.58,2,0.75,0.58,0.83,3,0.412,P3,Team_C,Low,1
4987,High,0.9,0.46,1,0.89,0.73,0.69,2,0.632,P2,Team_A,Medium,2
4988,Low,0.3,0.49,4,0.5,0.48,0.57,3,0.331,P3,Team_C,Low,1
4989,Low,0.3,0.54,4,0.81,0.52,0.78,4,0.382,P3,Team_B,Low,1
4990,Low,0.3,0.6,2,0.73,0.5,0.5,5,0.378,P3,Team_C,Low,1
4991,Low,0.3,0.68,2,0.97,0.93,0.71,1,0.376,P3,Team_B,Low,1
4992,Medium,0.6,0.33,3,0.57,0.45,0.62,3,0.467,P2,Team_A,Medium,3
4993,Low,0.3,0.81,3,0.84,0.72,0.31,1,0.473,P2,Team_C,Medium,3
4994,High,0.9,0.44,2,0.5,0.57,0.99,4,0.655,P1,Team_C,High,6
4995,Low,0.3,0.37,4,0.69,0.74,0.44,3,0.34,P3,Team_B,Low,1
4996,High,0.9,0.87,2,0.7,0.87,0.89,3,0.715,P1,Team_B,High,4
4997,Medium,0.6,0.81,4,0.7,0.49,0.95,5,0.609,P2,Team_A,Medium,3
4998,Medium,0.6,0.47,2,0.89,0.85,0.9,1,0.457,P2,Team_B,Medium,2
4999,High,0.9,0.43,2,0.53,0.73,0.49,3,0.685,P1,Team_B,High,5
5000,Low,0.3,0.87,4,0.63,0.69,0.53,4,0.395,P3,Team_C,Low,1
5001,Low,0.3,0.87,3,0.67,0.35,0.74,4,0.416,P3,Team_C,Low,1
5002,Medium,0.6,0.59,1,0.5,0.67,0.44,6,0.594,P2,Team_C,Medium,3
5003,Low,0.3,0.58,1,0.76,0.37,0.59,2,0.44,P2,Team_C,Medium,2
5004,High,0.9,0.08,2,0.78,0.8,0.91,6,0.57,P2,Team_B,Medium,3
5005,High,0.9,0.26,1,0.81,0.7,0.38,8,0.767,P1,Team_A,High,4
5006,High,0.9,0.8,1,0.64,0.86,0.8,2,0.649,P2,Team_B,Medium,3
5007,Medium,0.6,0.5,1,0.71,0.7,0.89,6,0.538,P2,Team_C,Medium,2
5008,High,0.9,0.82,4,0.62,0.6,0.96,2,0.706,P1,Team_C,High,4
5009,Low,0.3,0.46,2,0.82,0.72,0.6,4,0.418,P3,Team_B,Low,1
5010,Medium,0.6,0.6,4,0.64,0.85,0.61,3,0.601,P2,Team_B,Medium,3
5011,High,0.9,0.77,4,0.51,0.6,0.81,1,0.764,P1,Team_C,High,6
5012,Low,0.3,0.82,1,0.91,0.82,0.72,5,0.353,P3,Team_B,Low,1
5013,Medium,0.6,0.15,4,0.85,0.8,0.43,1,0.456,P2,Team_B,Medium,2
5014,High,0.9,0.81,3,0.92,0.76,0.78,1,0.681,P1,Team_A,High,5
5015,High,0.9,0.28,4,0.7,0.97,0.65,3,0.584,P2,Team_B,Medium,2
5016,Medium,0.6,0.82,1,0.84,0.57,0.37,3,0.585,P2,Team_C,Medium,2
5017,High,0.9,0.72,3,0.69,0.88,0.49,4,0.667,P1,Team_B,High,6
5018,Low,0.3,0.31,4,0.86,0.54,0.81,4,0.281,P3,Team_C,Low,1
5019,High,0.9,0.14,2,0.83,0.6,0.43,5,0.641,P2,Team_A,Medium,3
5020,High,0.9,0.4,4,0.82,0.59,0.74,2,0.684,P1,Team_A,High,6
5021,Low,0.3,0.07,1,0.61,0.72,0.6,3,0.254,P3,Team_C,Low,1
5022,Medium,0.6,0.58,2,0.65,0.47,0.55,6,0.534,P2,Team_C,Medium,2
5023,High,0.9,0.18,4,0.41,0.83,0.98,2,0.529,P2,Team_B,Medium,2
5024,Low,0.3,0.85,2,0.79,0.73,0.56,4,0.44,P2,Team_B,Medium,2
5025,Medium,0.6,0.12,3,0.48,0.47,0.68,6,0.476,P2,Team_C,Medium,2
5026,High,0.9,0.72,1,0.36,0.6,0.58,0,0.713,P1,Team_C,High,6
5027,Medium,0.6,0.57,4,0.93,0.78,0.78,3,0.516,P2,Team_B,Medium,3
5028,Medium,0.6,0.39,4,0.82,0.89,0.67,5,0.453,P2,Team_B,Medium,2
5029,Low,0.3,0.42,1,0.83,0.77,0.54,1,0.303,P3,Team_B,Low,1
5030,Medium,0.6,0.72,2,0.41,0.59,0.69,3,0.557,P2,Team_C,Medium,2
5031,High,0.9,0.55,4,0.79,0.82,0.69,3,0.754,P1,Team_B,High,4
5032,Medium,0.6,0.27,3,0.39,0.61,0.81,0,0.433,P2,Team_A,Medium,3
5033,Low,0.3,0.24,3,0.88,0.52,0.62,3,0.294,P3,Team_B,Low,1
5034,Medium,0.6,0.4,4,0.79,0.68,0.77,3,0.504,P2,Team_A,Medium,2
5035,High,0.9,0.24,3,0.51,0.86,0.98,4,0.586,P2,Team_B,Medium,2
5036,Medium,0.6,0.26,1,0.9,0.66,0.73,6,0.399,P3,Team_C,Low,1
5037,High,0.9,0.27,4,0.97,0.56,0.57,1,0.617,P2,Team_A,Medium,2
5038,Low,0.3,0.35,2,0.48,0.62,0.31,2,0.359,P3,Team_B,Low,1
5039,High,0.9,0.31,1,0.8,0.78,0.5,0,0.613,P2,Team_A,Medium,2
5040,Medium,0.6,0.53,1,0.71,0.72,0.4,2,0.608,P2,Team_C,Medium,3
5041,Medium,0.6,0.38,3,0.94,0.63,0.86,6,0.511,P2,Team_C,Medium,3
5042,High,0.9,0.6,2,0.78,0.9,0.67,3,0.677,P1,Team_B,High,6
5043,Low,0.3,0.52,4,0.86,0.59,0.54,0,0.327,P3,Team_B,Low,1
5044,High,0.9,0.19,2,0.8,0.84,0.69,1,0.541,P2,Team_A,Medium,3
5045,Low,0.3,0.21,2,0.54,0.39,0.97,5,0.284,P3,Team_C,Low,1
5046,Low,0.3,0.29,3,0.79,0.79,0.42,3,0.339,P3,Team_B,Low,1
5047,Medium,0.6,0.94,2,0.63,0.79,0.97,5,0.574,P2,Team_B,Medium,2
5048,Low,0.3,0.63,4,0.75,0.31,0.56,2,0.47,P2,Team_B,Medium,3
5049,Medium,0.6,0.83,3,0.59,0.91,0.88,5,0.601,P2,Team_B,Medium,2
5050,High,0.9,0.37,1,0.6,0.59,0.44,2,0.634,P2,Team_C,Medium,2
5051,Medium,0.6,0.37,1,0.6,0.61,0.33,5,0.541,P2,Team_C,Medium,3
5052,High,0.9,0.77,4,0.69,0.54,0.35,2,0.713,P1,Team_C,High,4
5053,Low,0.3,0.3,1,0.8,0.59,0.55,5,0.457,P2,Team_B,Medium,2
5054,High,0.9,0.7,4,0.62,0.7,0.97,5,0.73,P1,Team_B,High,6
5055,Low,0.3,0.19,4,0.83,0.62,0.63,5,0.349,P3,Team_B,Low,1
5056,High,0.9,0.88,3,0.74,0.81,0.93,3,0.652,P1,Team_B,High,6
5057,Low,0.3,0.34,2,0.61,0.63,0.47,7,0.463,P2,Team_B,Medium,3
5058,Low,0.3,0.38,2,0.63,0.3,0.8,1,0.239,P3,Team_C,Low,1
5059,High,0.9,0.59,3,0.79,0.56,0.97,5,0.671,P1,Team_C,High,6
5060,Low,0.3,0.58,4,0.73,0.75,0.5,1,0.398,P3,Team_B,Low,1
5061,Medium,0.6,0.57,3,0.74,0.78,0.83,4,0.528,P2,Team_B,Medium,3
5062,Low,0.3,0.48,1,0.55,0.81,0.68,2,0.321,P3,Team_B,Low,1
5063,Medium,0.6,0.44,2,0.67,0.78,0.7,2,0.477,P2,Team_B,Medium,3
5064,Low,0.3,0.07,3,0.79,0.57,0.71,2,0.277,P3,Team_C,Low,1
5065,Medium,0.6,0.12,1,0.87,0.67,0.82,4,0.425,P2,Team_A,Medium,2
5066,Medium,0.6,0.44,4,0.6,0.81,0.88,4,0.42,P2,Team_B,Medium,3
5067,Low,0.3,0.63,3,0.77,0.79,0.78,2,0.358,P3,Team_B,Low,1
5068,Low,0.3,0.47,4,0.52,0.67,0.38,2,0.442,P2,Team_B,Medium,2
5069,Medium,0.6,0.54,2,0.83,0.77,0.66,4,0.503,P2,Team_B,Medium,3
5070,Low,0.3,0.34,1,0.58,0.81,0.63,4,0.228,P3,Team_B,Low,1
5071,Medium,0.6,0.1,2,0.49,0.46,0.41,1,0.44,P2,Team_C,Medium,3
5072,High,0.9,0.48,4,0.81,0.59,0.75,2,0.628,P2,Team_A,Medium,2
5073,Medium,0.6,0.78,3,0.78,0.69,0.57,1,0.551,P2,Team_A,Medium,3
5074,High,0.9,0.43,1,0.8,0.59,0.44,4,0.763,P1,Team_A,High,4
5075,Low,0.3,0.21,1,0.53,0.49,0.54,2,0.362,P3,Team_C,Low,1
5076,Medium,0.6,0.19,3,0.3,0.5,0.83,3,0.458,P2,Team_C,Medium,2
5077,High,0.9,0.46,3,0.89,0.73,0.41,1,0.705,P1,Team_A,High,5
5078,Low,0.3,0.89,1,0.69,0.75,0.97,2,0.348,P3,Team_C,Low,1
5079,Low,0.3,0.52,1,0.72,0.27,0.42,2,0.438,P2,Team_C,Medium,3
5080,Low,0.3,0.68,1,0.6,0.65,0.43,2,0.441,P2,Team_C,Medium,3
5081,Low,0.3,0.64,4,0.89,0.52,0.6,6,0.428,P2,Team_C,Medium,2
5082,High,0.9,0.75,4,0.65,0.7,0.98,6,0.65,P2,Team_B,Medium,3
5083,High,0.9,0.11,2,0.94,0.84,0.82,3,0.549,P2,Team_A,Medium,2
5084,Low,0.3,0.67,2,0.42,0.84,0.94,2,0.321,P3,Team_C,Low,1
5085,High,0.9,0.85,3,0.63,0.94,0.57,2,0.699,P1,Team_B,High,6
5086,Medium,0.6,0.87,4,0.49,0.3,0.89,1,0.585,P2,Team_C,Medium,2
5087,Medium,0.6,0.11,2,0.92,0.72,0.57,2,0.457,P2,Team_A,Medium,3
5088,Low,0.3,0.82,2,0.9,0.87,0.95,0,0.344,P3,Team_B,Low,1
5089,Medium,0.6,0.57,2,0.91,0.7,0.39,3,0.581,P2,Team_C,Medium,2
5090,Medium,0.6,0.35,1,0.48,0.52,0.71,3,0.569,P2,Team_A,Medium,2
5091,Low,0.3,0.28,4,0.72,0.83,0.83,5,0.231,P3,Team_C,Low,1
5092,Medium,0.6,0.39,1,0.89,0.55,0.31,6,0.469,P2,Team_C,Medium,2
5093,Low,0.3,0.56,3,0.72,0.63,0.37,2,0.395,P3,Team_B,Low,1
5094,Low,0.3,0.65,4,0.8,0.84,0.67,1,0.306,P3,Team_C,Low,1
5095,Medium,0.6,0.55,1,0.88,0.73,0.58,0,0.565,P2,Team_C,Medium,3
5096,High,0.9,0.5,4,0.82,0.75,0.61,2,0.648,P2,Team_A,Medium,2
5097,Low,0.3,0.49,2,0.8,0.45,0.44,1,0.352,P3,Team_B,Low,1
5098,High,0.9,0.3,3,0.56,0.65,0.8,3,0.563,P2,Team_C,Medium,3
5099,Low,0.3,0.45,2,0.34,0.52,0.35,4,0.331,P3,Team_B,Low,1
5100,High,0.9,0.56,3,0.81,0.78,0.75,3,0.757,P1,Team_A,High,6
5101,Low,0.3,0.43,1,0.74,0.87,0.33,1,0.34,P3,Team_B,Low,1
5102,High,0.9,0.36,4,0.61,0.89,0.7,5,0.631,P2,Team_B,Medium,2
5103,Medium,0.6,0.39,4,0.87,0.94,0.41,2,0.378,P3,Team_B,Low,1
5104,Medium,0.6,0.31,1,0.77,0.65,0.81,3,0.407,P3,Team_A,Low,1
5105,Low,0.3,0.94,3,0.33,0.64,0.73,1,0.379,P3,Team_C,Low,1
5106,Medium,0.6,0.75,4,0.66,0.44,0.36,3,0.594,P2,Team_A,Medium,3
5107,Low,0.3,0.29,1,0.84,0.83,0.95,3,0.222,P3,Team_C,Low,1
5108,Medium,0.6,0.23,2,0.56,0.57,0.41,6,0.405,P3,Team_C,Low,1
5109,High,0.9,0.45,1,0.8,0.61,0.61,2,0.635,P2,Team_A,Medium,3
5110,Medium,0.6,0.8,3,0.82,0.84,0.57,1,0.552,P2,Team_B,Medium,2
5111,Medium,0.6,0.59,2,0.83,0.62,0.56,3,0.55,P2,Team_C,Medium,2
5112,Medium,0.6,0.75,1,0.33,0.77,0.61,1,0.567,P2,Team_B,Medium,2
5113,Medium,0.6,0.44,3,0.87,0.5,0.53,1,0.528,P2,Team_A,Medium,2
5114,Medium,0.6,0.49,4,0.86,0.59,0.7,3,0.578,P2,Team_A,Medium,2
5115,High,0.9,0.07,1,0.57,0.8,0.71,3,0.61,P2,Team_B,Medium,2
5116,Low,0.3,0.46,1,0.43,0.73,0.75,4,0.226,P3,Team_C,Low,1
5117,Low,0.3,0.77,4,0.84,0.71,0.54,3,0.383,P3,Team_B,Low,1
5118,Low,0.3,0.84,4,0.9,0.31,0.49,3,0.479,P2,Team_B,Medium,3
5119,Low,0.3,0.51,2,0.88,0.73,0.43,3,0.289,P3,Team_B,Low,1
5120,Medium,0.6,0.42,1,0.76,0.76,0.49,2,0.498,P2,Team_B,Medium,3
5121,Low,0.3,0.82,3,0.76,0.78,0.81,3,0.453,P2,Team_B,Medium,2
5122,Low,0.3,0.22,2,0.74,0.76,0.39,6,0.36,P3,Team_C,Low,1
5123,Low,0.3,0.7,3,0.79,0.9,0.71,2,0.34,P3,Team_B,Low,1
5124,High,0.9,0.68,4,0.65,0.52,0.6,3,0.757,P1,Team_C,High,5
5125,Medium,0.6,0.88,4,0.8,0.56,0.37,3,0.663,P1,Team_A,High,5
5126,Low,0.3,0.19,4,0.75,0.78,0.82,4,0.289,P3,Team_C,Low,1
5127,High,0.9,0.41,2,0.81,0.57,0.76,1,0.645,P2,Team_A,Medium,2
5128,Low,0.3,0.46,4,0.39,0.78,0.45,3,0.313,P3,Team_B,Low,1
5129,Medium,0.6,0.11,1,0.5,0.49,0.62,1,0.438,P2,Team_C,Medium,3
5130,High,0.9,0.54,4,0.97,0.7,0.92,9,0.714,P1,Team_A,High,6
5131,Low,0.3,0.65,4,0.86,0.71,0.35,4,0.466,P2,Team_C,Medium,3
5132,Low,0.3,0.64,3,0.79,0.62,0.61,2,0.447,P2,Team_B,Medium,2
5133,Medium,0.6,0.77,4,0.72,0.89,0.59,5,0.499,P2,Team_B,Medium,3
5134,Low,0.3,0.45,1,0.55,0.91,0.51,5,0.253,P3,Team_C,Low,1
5135,High,0.9,0.48,3,0.65,0.69,0.41,1,0.647,P2,Team_C,Medium,3
5136,High,0.9,0.49,1,0.98,0.71,0.87,2,0.648,P2,Team_A,Medium,2
5137,Medium,0.6,0.35,2,0.63,0.56,0.96,3,0.476,P2,Team_C,Medium,2
5138,Low,0.3,0.72,4,0.53,0.86,0.61,4,0.405,P3,Team_C,Low,1
5139,Low,0.3,0.36,1,0.79,0.5,0.73,3,0.334,P3,Team_B,Low,1
5140,High,0.9,0.5,1,0.8,0.97,0.97,2,0.711,P1,Team_A,High,4
5141,High,0.9,0.18,1,0.85,0.46,0.61,5,0.604,P2,Team_A,Medium,2
5142,Medium,0.6,0.19,2,0.85,0.49,0.91,1,0.477,P2,Team_A,Medium,3
5143,Medium,0.6,0.36,3,0.78,0.62,0.75,4,0.461,P2,Team_A,Medium,3
5144,Medium,0.6,0.48,1,0.67,0.8,0.41,4,0.593,P2,Team_B,Medium,2
5145,Low,0.3,0.26,4,0.47,0.69,0.79,1,0.312,P3,Team_B,Low,1
5146,Low,0.3,0.52,2,0.69,0.54,0.69,2,0.424,P2,Team_C,Medium,2
5147,Medium,0.6,0.66,2,0.61,0.7,0.91,3,0.562,P2,Team_A,Medium,2
5148,Low,0.3,0.34,4,0.73,0.84,0.64,4,0.294,P3,Team_C,Low,1
5149,Medium,0.6,0.58,1,0.83,0.28,0.96,2,0.592,P2,Team_A,Medium,2
5150,Low,0.3,0.29,1,0.7,0.94,0.86,4,0.268,P3,Team_C,Low,1
5151,High,0.9,0.69,1,0.93,0.76,0.6,3,0.785,P1,Team_A,High,6
5152,Low,0.3,0.52,3,0.63,0.66,0.84,4,0.275,P3,Team_B,Low,1
5153,Medium,0.6,0.65,3,0.43,0.32,0.48,7,0.556,P2,Team_A,Medium,2
5154,Medium,0.6,0.56,2,0.67,0.62,0.97,1,0.467,P2,Team_C,Medium,3
5155,Low,0.3,0.69,3,0.59,0.35,0.81,0,0.362,P3,Team_C,Low,1
5156,High,0.9,0.67,2,0.61,0.67,0.84,4,0.624,P2,Team_C,Medium,2
5157,Medium,0.6,0.81,4,0.93,0.74,0.37,4,0.53,P2,Team_A,Medium,3
5158,High,0.9,0.58,3,0.73,0.22,0.61,6,0.781,P1,Team_C,High,4
5159,Low,0.3,0.08,3,0.55,0.67,0.74,2,0.224,P3,Team_B,Low,1
5160,High,0.9,0.28,2,0.41,0.52,0.78,3,0.534,P2,Team_C,Medium,2
5161,High,0.9,0.74,1,0.74,0.74,0.48,2,0.693,P1,Team_B,High,5
5162,Low,0.3,0.31,2,0.93,0.68,0.85,0,0.319,P3,Team_C,Low,1
5163,Medium,0.6,0.55,3,0.9,0.69,0.47,2,0.494,P2,Team_A,Medium,3
5164,Low,0.3,0.33,4,0.62,0.48,0.43,5,0.345,P3,Team_B,Low,1
5165,High,0.9,0.71,1,0.68,0.35,0.8,4,0.757,P1,Team_C,High,6
5166,Medium,0.6,0.59,1,0.88,0.46,0.62,2,0.526,P2,Team_A,Medium,3
5167,Medium,0.6,0.25,2,0.88,0.95,0.92,3,0.374,P3,Team_B,Low,1
5168,Low,0.3,0.31,4,0.61,0.56,0.67,2,0.297,P3,Team_C,Low,1
5169,Medium,0.6,0.77,1,0.64,0.42,0.68,2,0.63,P2,Team_A,Medium,3
5170,Low,0.3,0.61,2,0.86,0.28,0.5,5,0.411,P3,Team_B,Low,1
5171,Low,0.3,0.85,2,0.53,0.66,0.74,8,0.422,P2,Team_C,Medium,2
5172,Low,0.3,0.55,4,0.62,0.28,0.36,2,0.29,P3,Team_C,Low,1
5173,Low,0.3,0.18,3,0.36,0.7,0.92,3,0.317,P3,Team_C,Low,1
5174,Low,0.3,0.39,3,0.82,0.89,0.46,2,0.199,P3,Team_C,Low,1
5175,High,0.9,0.62,1,0.62,0.63,0.61,3,0.668,P1,Team_C,High,4
5176,High,0.9,0.19,4,0.77,0.78,0.8,3,0.719,P1,Team_B,High,6
5177,Low,0.3,0.32,2,0.8,0.48,0.67,2,0.308,P3,Team_B,Low,1
5178,Medium,0.6,0.21,3,0.66,0.19,0.99,4,0.542,P2,Team_C,Medium,2
5179,Medium,0.6,0.7,2,0.79,0.86,0.88,3,0.54,P2,Team_B,Medium,2
5180,High,0.9,0.4,3,0.76,0.84,0.65,2,0.622,P2,Team_B,Medium,3
5181,Medium,0.6,0.27,3,0.96,0.94,0.86,5,0.489,P2,Team_B,Medium,2
5182,Medium,0.6,0.4,1,0.47,0.73,0.58,1,0.472,P2,Team_A,Medium,2
5183,Medium,0.6,0.43,4,0.82,0.69,0.52,3,0.532,P2,Team_C,Medium,3
5184,High,0.9,0.62,4,0.56,0.85,0.83,6,0.747,P1,Team_B,High,6
5185,High,0.9,0.72,4,0.32,0.96,0.51,3,0.684,P1,Team_B,High,4
5186,Low,0.3,0.07,3,0.79,0.62,0.82,6,0.233,P3,Team_B,Low,1
5187,Medium,0.6,0.46,1,0.62,0.89,0.69,3,0.468,P2,Team_B,Medium,2
5188,Medium,0.6,0.7,4,0.68,0.37,0.47,4,0.685,P1,Team_C,High,4
5189,High,0.9,0.87,1,0.56,0.63,0.71,4,0.664,P1,Team_C,High,4
5190,Medium,0.6,0.73,1,0.91,0.67,0.33,2,0.562,P2,Team_C,Medium,2
5191,Low,0.3,0.47,3,0.89,0.98,0.82,1,0.425,P2,Team_B,Medium,2
5192,Medium,0.6,0.59,3,0.62,0.75,0.69,1,0.516,P2,Team_B,Medium,2
5193,Low,0.3,0.49,3,0.6,0.81,0.87,1,0.314,P3,Team_C,Low,1
5194,Low,0.3,0.58,1,0.67,0.44,0.36,4,0.305,P3,Team_C,Low,1
5195,Low,0.3,0.49,4,0.68,0.81,0.46,2,0.328,P3,Team_B,Low,1
5196,High,0.9,0.45,4,0.57,0.73,0.8,2,0.711,P1,Team_B,High,6
5197,Low,0.3,0.88,2,0.51,0.53,0.9,3,0.365,P3,Team_B,Low,1
5198,Medium,0.6,0.81,3,0.81,0.8,0.7,4,0.646,P2,Team_B,Medium,2
5199,High,0.9,0.71,1,0.87,0.81,0.45,5,0.782,P1,Team_A,High,6
5200,Low,0.3,0.34,2,0.66,0.69,0.42,3,0.345,P3,Team_C,Low,1
5201,Low,0.3,0.21,3,0.54,0.54,0.74,8,0.307,P3,Team_C,Low,1
5202,High,0.9,0.47,1,0.9,0.68,0.79,2,0.706,P1,Team_A,High,6
5203,Low,0.3,0.25,4,0.86,0.62,0.63,3,0.315,P3,Team_C,Low,1
5204,Medium,0.6,0.79,3,0.8,0.58,0.52,3,0.593,P2,Team_A,Medium,2
5205,Medium,0.6,0.2,1,0.83,0.84,0.87,4,0.424,P2,Team_B,Medium,3
5206,Medium,0.6,0.43,4,0.65,0.5,0.56,4,0.545,P2,Team_C,Medium,3
5207,Medium,0.6,0.18,2,0.39,0.75,0.38,3,0.493,P2,Team_B,Medium,3
5208,High,0.9,0.32,1,0.81,0.66,0.77,3,0.638,P2,Team_A,Medium,3
5209,Low,0.3,0.44,3,0.66,0.93,0.78,5,0.363,P3,Team_C,Low,1
5210,Low,0.3,0.46,2,0.64,0.67,0.47,3,0.327,P3,Team_C,Low,1
5211,Low,0.3,0.35,2,0.62,0.42,0.98,3,0.213,P3,Team_B,Low,1
5212,Low,0.3,0.32,1,0.97,0.75,0.43,4,0.355,P3,Team_C,Low,1
5213,Low,0.3,0.3,4,0.81,0.61,0.46,4,0.279,P3,Team_B,Low,1
5214,Medium,0.6,0.64,3,0.82,0.73,0.36,5,0.538,P2,Team_C,Medium,2
5215,High,0.9,0.77,1,0.87,0.78,0.66,2,0.635,P2,Team_A,Medium,2
5216,High,0.9,0.51,4,0.83,0.66,0.94,1,0.66,P1,Team_A,High,4
5217,Low,0.3,0.56,2,0.83,0.9,0.96,4,0.299,P3,Team_B,Low,1
5218,Medium,0.6,0.52,1,0.74,0.87,0.95,5,0.454,P2,Team_B,Medium,2
5219,Medium,0.6,0.39,4,0.77,0.81,0.4,2,0.493,P2,Team_B,Medium,3
5220,Low,0.3,0.36,1,0.5,0.81,0.98,1,0.401,P3,Team_C,Low,1
5221,Low,0.3,0.59,3,0.92,0.55,0.96,2,0.328,P3,Team_B,Low,1
5222,High,0.9,0.78,1,0.98,0.75,0.8,1,0.652,P1,Team_A,High,4
5223,Low,0.3,0.74,4,0.6,0.95,0.69,3,0.349,P3,Team_C,Low,1
5224,Low,0.3,0.19,3,0.67,0.9,0.63,2,0.238,P3,Team_B,Low,1
5225,Low,0.3,0.47,4,0.69,0.23,0.64,1,0.448,P2,Team_B,Medium,3
5226,Low,0.3,0.22,2,0.83,0.35,0.32,4,0.333,P3,Team_C,Low,1
5227,High,0.9,0.84,1,0.83,0.25,0.4,2,0.808,P1,Team_A,High,4
5228,Medium,0.6,0.74,4,0.64,0.71,0.62,1,0.567,P2,Team_A,Medium,3
5229,Medium,0.6,0.51,1,0.96,0.63,0.52,5,0.581,P2,Team_C,Medium,2
5230,Low,0.3,0.06,2,0.5,0.55,0.41,8,0.295,P3,Team_C,Low,1
5231,Medium,0.6,0.81,1,0.57,0.81,0.43,3,0.608,P2,Team_B,Medium,3
5232,Low,0.3,0.32,4,0.72,0.62,0.78,2,0.288,P3,Team_B,Low,1
5233,Medium,0.6,0.19,3,0.89,0.67,1.0,1,0.443,P2,Team_A,Medium,3
5234,Medium,0.6,0.95,2,0.67,0.92,0.4,4,0.545,P2,Team_B,Medium,2
5235,Medium,0.6,0.57,2,0.62,0.76,0.67,5,0.537,P2,Team_B,Medium,2
5236,Low,0.3,0.55,4,0.78,0.74,0.76,6,0.296,P3,Team_B,Low,1
5237,High,0.9,0.31,3,0.63,0.55,0.45,5,0.67,P1,Team_C,High,6
5238,Medium,0.6,0.45,4,0.85,0.56,0.8,5,0.409,P3,Team_A,Low,1
5239,Medium,0.6,0.68,3,0.62,0.87,0.7,5,0.388,P3,Team_B,Low,1
5240,High,0.9,0.84,1,0.78,0.93,0.92,4,0.706,P1,Team_B,High,5
5241,Low,0.3,0.47,2,0.49,0.55,0.85,6,0.293,P3,Team_C,Low,1
5242,Medium,0.6,0.42,4,0.31,0.79,0.75,2,0.475,P2,Team_B,Medium,3
5243,Low,0.3,0.48,4,0.62,0.46,0.36,4,0.347,P3,Team_C,Low,1
5244,Medium,0.6,0.67,1,0.74,0.54,0.78,2,0.597,P2,Team_A,Medium,2
5245,Low,0.3,0.61,3,0.85,0.52,0.57,3,0.308,P3,Team_C,Low,1
5246,Low,0.3,0.47,2,0.97,0.71,0.94,5,0.313,P3,Team_B,Low,1
5247,High,0.9,0.73,3,0.61,0.53,0.4,1,0.803,P1,Team_C,High,6
5248,Medium,0.6,0.41,1,0.76,0.69,0.34,2,0.601,P2,Team_C,Medium,3
5249,Low,0.3,0.6,2,0.52,0.58,0.35,2,0.476,P2,Team_B,Medium,3
5250,Low,0.3,0.29,3,0.78,0.7,0.39,3,0.343,P3,Team_B,Low,1
5251,Medium,0.6,0.05,4,0.57,0.73,0.9,1,0.468,P2,Team_A,Medium,3
5252,Low,0.3,0.81,3,0.38,0.72,0.58,5,0.418,P3,Team_B,Low,1
5253,Low,0.3,0.78,4,0.23,0.8,0.89,2,0.356,P3,Team_B,Low,1
5254,High,0.9,0.53,3,0.87,0.99,0.92,1,0.614,P2,Team_A,Medium,2
5255,High,0.9,0.37,3,0.8,0.69,0.4,3,0.642,P2,Team_A,Medium,3
5256,Low,0.3,0.53,2,0.84,0.75,0.92,1,0.301,P3,Team_B,Low,1
5257,Medium,0.6,0.5,4,0.74,0.66,0.64,5,0.517,P2,Team_A,Medium,2
5258,High,0.9,0.77,2,0.69,0.84,0.87,1,0.705,P1,Team_B,High,5
5259,Low,0.3,0.59,4,0.55,0.61,0.93,2,0.361,P3,Team_C,Low,1
5260,Medium,0.6,0.85,1,0.94,0.74,0.31,2,0.571,P2,Team_C,Medium,3
5261,High,0.9,0.75,4,0.22,0.4,0.38,2,0.758,P1,Team_C,High,5
5262,High,0.9,0.22,4,0.58,0.55,0.37,3,0.654,P1,Team_C,High,5
5263,Medium,0.6,0.21,3,0.54,0.53,0.87,1,0.448,P2,Team_C,Medium,3
5264,Medium,0.6,0.42,1,0.62,0.53,0.5,3,0.586,P2,Team_A,Medium,2
5265,Medium,0.6,0.18,4,0.73,0.75,0.88,2,0.464,P2,Team_B,Medium,3
5266,High,0.9,0.45,2,0.61,0.63,0.36,3,0.704,P1,Team_C,High,4
5267,Medium,0.6,0.39,2,0.92,0.65,0.5,2,0.544,P2,Team_C,Medium,2
5268,Medium,0.6,0.88,1,0.65,0.88,0.34,4,0.643,P2,Team_B,Medium,3
5269,Low,0.3,0.49,1,0.61,0.65,0.46,1,0.384,P3,Team_B,Low,1
5270,High,0.9,0.64,1,0.58,0.85,0.5,3,0.708,P1,Team_B,High,5
5271,Medium,0.6,0.68,1,0.52,0.25,0.58,2,0.626,P2,Team_C,Medium,2
5272,High,0.9,0.53,1,0.66,0.43,0.3,6,0.709,P1,Team_C,High,6
5273,Low,0.3,0.22,2,0.78,0.88,0.69,2,0.218,P3,Team_B,Low,1
5274,High,0.9,0.33,3,0.93,0.82,0.34,2,0.605,P2,Team_A,Medium,3
5275,Low,0.3,0.25,4,0.9,0.27,0.31,6,0.368,P3,Team_C,Low,1
5276,Low,0.3,0.53,1,0.92,0.63,0.37,5,0.324,P3,Team_C,Low,1
5277,High,0.9,0.78,2,0.29,0.78,0.79,3,0.616,P2,Team_B,Medium,3
5278,Medium,0.6,0.87,2,0.39,0.3,0.75,3,0.677,P1,Team_A,High,4
5279,High,0.9,0.83,2,0.27,0.97,0.35,0,0.646,P2,Team_B,Medium,2
5280,Medium,0.6,0.34,2,0.67,0.67,0.74,4,0.45,P2,Team_A,Medium,3
5281,High,0.9,0.43,1,0.34,0.74,0.37,5,0.721,P1,Team_B,High,4
5282,High,0.9,0.42,3,0.77,0.19,0.85,4,0.667,P1,Team_C,High,4
5283,Medium,0.6,0.27,2,0.59,0.92,0.7,3,0.444,P2,Team_B,Medium,2
5284,Medium,0.6,0.21,3,0.81,0.61,0.65,1,0.477,P2,Team_A,Medium,3
5285,High,0.9,0.87,4,0.86,0.94,0.76,5,0.741,P1,Team_A,High,6
5286,Low,0.3,0.68,2,0.43,0.82,0.44,4,0.417,P3,Team_C,Low,1
5287,Low,0.3,0.54,1,0.65,0.49,0.99,1,0.339,P3,Team_B,Low,1
5288,Medium,0.6,0.19,1,0.63,0.64,0.42,5,0.511,P2,Team_C,Medium,3
5289,High,0.9,0.22,1,0.95,0.56,0.31,5,0.697,P1,Team_A,High,5
5290,High,0.9,0.47,4,0.87,0.45,0.61,3,0.705,P1,Team_A,High,4
5291,Low,0.3,0.19,2,0.49,0.86,0.85,0,0.177,P3,Team_B,Low,1
5292,High,0.9,0.21,4,0.41,0.23,0.56,3,0.673,P1,Team_C,High,4
5293,Medium,0.6,0.52,2,0.77,0.27,0.39,2,0.531,P2,Team_A,Medium,2
5294,Medium,0.6,0.76,2,0.81,0.55,0.72,4,0.634,P2,Team_C,Medium,2
5295,Medium,0.6,0.74,3,0.64,0.97,0.86,2,0.458,P2,Team_B,Medium,2
5296,Medium,0.6,0.7,1,0.89,0.49,0.48,1,0.6,P2,Team_C,Medium,2
5297,Low,0.3,0.75,1,0.59,0.68,0.66,0,0.416,P3,Team_B,Low,1
5298,Low,0.3,0.25,1,0.72,0.48,0.68,2,0.228,P3,Team_C,Low,1
5299,Low,0.3,0.6,3,0.49,0.99,0.65,1,0.324,P3,Team_C,Low,1
5300,Medium,0.6,0.64,1,0.77,0.75,0.54,0,0.603,P2,Team_B,Medium,2
5301,High,0.9,0.59,4,0.77,0.46,0.82,2,0.767,P1,Team_C,High,5
5302,Medium,0.6,0.43,2,0.7,0.65,0.99,3,0.381,P3,Team_A,Low,1
5303,Medium,0.6,0.89,3,0.38,0.3,0.53,4,0.626,P2,Team_C,Medium,3
5304,Medium,0.6,0.34,3,0.67,0.81,0.42,1,0.444,P2,Team_B,Medium,2
5305,High,0.9,0.3,3,0.38,0.78,0.58,7,0.676,P1,Team_B,High,4
5306,High,0.9,0.71,1,0.33,0.81,0.5,3,0.752,P1,Team_B,High,6
5307,Low,0.3,0.37,1,0.9,0.56,0.47,6,0.411,P3,Team_C,Low,1
5308,Low,0.3,0.52,2,0.79,0.62,0.69,1,0.285,P3,Team_C,Low,1
5309,High,0.9,0.49,4,0.51,0.81,1.0,6,0.597,P2,Team_B,Medium,2
5310,High,0.9,0.57,4,0.28,0.39,0.81,6,0.699,P1,Team_C,High,6
5311,High,0.9,0.67,3,0.55,0.71,0.68,6,0.764,P1,Team_B,High,4
5312,High,0.9,0.43,1,0.78,0.49,0.84,2,0.633,P2,Team_C,Medium,2
5313,Low,0.3,0.41,4,0.76,0.33,0.76,3,0.321,P3,Team_B,Low,1
5314,Low,0.3,0.2,2,0.69,0.81,0.92,4,0.249,P3,Team_B,Low,1
5315,Medium,0.6,0.43,1,0.63,0.63,0.51,2,0.518,P2,Team_C,Medium,3
5316,Low,0.3,0.17,4,0.64,0.67,0.67,2,0.358,P3,Team_C,Low,1
5317,Low,0.3,0.36,4,0.87,0.5,0.31,1,0.373,P3,Team_B,Low,1
5318,Medium,0.6,0.22,1,0.8,0.68,0.77,3,0.434,P2,Team_C,Medium,2
5319,Medium,0.6,0.17,4,0.89,0.77,0.92,2,0.38,P3,Team_B,Low,1
5320,High,0.9,0.19,1,0.43,0.93,0.41,1,0.641,P2,Team_B,Medium,3
5321,Low,0.3,0.51,4,0.74,0.95,0.67,2,0.364,P3,Team_C,Low,1
5322,Medium,0.6,0.7,3,0.87,0.72,0.85,5,0.492,P2,Team_C,Medium,3
5323,Low,0.3,0.67,4,0.79,0.74,0.45,4,0.427,P2,Team_C,Medium,2
5324,Medium,0.6,0.53,2,0.67,0.87,0.93,5,0.485,P2,Team_B,Medium,2
5325,Medium,0.6,0.21,1,0.78,0.65,0.75,2,0.504,P2,Team_C,Medium,2
5326,High,0.9,0.58,1,0.58,0.74,0.35,6,0.7,P1,Team_B,High,6
5327,Low,0.3,0.72,4,0.61,0.63,0.38,1,0.474,P2,Team_C,Medium,2
5328,Low,0.3,0.08,3,0.75,0.79,0.45,3,0.275,P3,Team_C,Low,1
5329,High,0.9,0.26,3,0.9,0.54,0.47,4,0.677,P1,Team_A,High,6
5330,Low,0.3,0.53,1,0.5,0.61,0.91,2,0.248,P3,Team_B,Low,1
5331,Low,0.3,0.68,3,0.28,0.72,0.36,4,0.43,P2,Team_C,Medium,3
5332,Low,0.3,0.44,4,0.36,0.69,0.39,1,0.355,P3,Team_C,Low,1
5333,Low,0.3,0.74,4,0.77,0.71,0.84,2,0.402,P3,Team_B,Low,1
5334,Medium,0.6,0.74,4,0.81,0.32,0.69,2,0.57,P2,Team_A,Medium,3
5335,High,0.9,0.41,4,0.64,0.46,0.6,0,0.74,P1,Team_C,High,5
5336,Medium,0.6,0.7,1,0.76,0.61,0.51,3,0.651,P1,Team_C,High,4
5337,High,0.9,0.8,3,0.72,0.22,0.67,6,0.769,P1,Team_C,High,5
5338,High,0.9,0.64,1,0.48,0.52,0.76,3,0.757,P1,Team_C,High,6
5339,Low,0.3,0.42,4,0.91,0.46,0.79,5,0.34,P3,Team_B,Low,1
5340,Medium,0.6,0.64,2,0.76,0.89,0.93,4,0.48,P2,Team_B,Medium,2
5341,Low,0.3,0.26,3,0.86,0.71,0.85,1,0.228,P3,Team_B,Low,1
5342,High,0.9,0.37,1,0.78,0.82,0.58,2,0.537,P2,Team_B,Medium,3
5343,Medium,0.6,0.58,3,0.6,0.68,0.55,4,0.587,P2,Team_C,Medium,3
5344,Low,0.3,0.38,2,0.82,0.73,1.0,3,0.264,P3,Team_C,Low,1
5345,Medium,0.6,0.26,3,0.69,0.59,0.55,2,0.477,P2,Team_C,Medium,2
5346,Medium,0.6,0.73,4,0.38,0.66,0.85,3,0.514,P2,Team_C,Medium,2
5347,Medium,0.6,0.06,4,0.7,0.33,0.97,2,0.444,P2,Team_C,Medium,3
5348,High,0.9,0.59,3,0.76,0.65,0.62,2,0.638,P2,Team_C,Medium,3
5349,Medium,0.6,0.34,4,0.64,0.62,0.41,5,0.563,P2,Team_C,Medium,2
5350,Low,0.3,0.65,4,0.62,0.58,0.81,2,0.388,P3,Team_C,Low,1
5351,Low,0.3,0.19,3,0.53,0.9,0.4,6,0.281,P3,Team_B,Low,1
5352,High,0.9,0.78,1,0.64,0.85,0.95,3,0.717,P1,Team_B,High,5
5353,Low,0.3,0.63,2,0.85,0.34,0.68,3,0.435,P2,Team_C,Medium,2
5354,Low,0.3,0.21,3,0.81,0.79,0.93,4,0.288,P3,Team_C,Low,1
5355,Medium,0.6,0.71,3,0.74,0.8,0.31,5,0.563,P2,Team_B,Medium,3
5356,Low,0.3,0.29,2,0.75,0.78,0.42,4,0.227,P3,Team_B,Low,1
5357,Low,0.3,0.58,2,0.59,0.88,0.35,4,0.412,P3,Team_C,Low,1
5358,Medium,0.6,0.36,2,0.73,0.95,0.73,1,0.454,P2,Team_B,Medium,2
5359,Low,0.3,0.67,1,0.81,0.27,0.84,4,0.467,P2,Team_B,Medium,3
5360,High,0.9,0.48,2,0.59,0.75,0.72,2,0.627,P2,Team_B,Medium,3
5361,Medium,0.6,0.69,1,0.66,0.88,0.39,1,0.506,P2,Team_B,Medium,3
5362,Low,0.3,0.39,3,0.62,0.75,0.68,1,0.271,P3,Team_C,Low,1
5363,Medium,0.6,0.44,1,0.69,0.56,0.73,3,0.467,P2,Team_A,Medium,2
5364,Medium,0.6,0.82,2,0.79,0.86,0.56,3,0.65,P2,Team_B,Medium,3
5365,Medium,0.6,0.31,1,0.71,0.87,0.66,3,0.513,P2,Team_B,Medium,3
5366,Low,0.3,0.28,4,0.94,0.81,0.51,4,0.317,P3,Team_B,Low,1
5367,High,0.9,0.86,3,0.75,0.69,0.89,2,0.66,P1,Team_C,High,6
5368,Low,0.3,0.72,4,0.9,0.87,0.81,3,0.406,P3,Team_C,Low,1
5369,Medium,0.6,0.37,1,0.81,0.87,0.74,1,0.367,P3,Team_B,Low,1
5370,Medium,0.6,0.15,4,0.68,0.59,0.82,2,0.409,P3,Team_A,Low,1
5371,Low,0.3,0.53,3,0.64,0.4,0.54,3,0.422,P2,Team_C,Medium,2
5372,High,0.9,0.64,3,0.43,0.48,0.48,2,0.672,P1,Team_C,High,5
5373,Medium,0.6,0.49,3,0.66,0.35,0.91,6,0.524,P2,Team_C,Medium,2
5374,High,0.9,0.27,3,0.59,0.81,0.47,2,0.69,P1,Team_B,High,5
5375,High,0.9,0.3,4,0.73,0.36,0.72,3,0.567,P2,Team_C,Medium,2
5376,Low,0.3,0.62,1,0.68,0.81,0.93,2,0.409,P3,Team_C,Low,1
5377,Medium,0.6,0.5,3,0.84,0.44,0.63,4,0.488,P2,Team_A,Medium,3
5378,Medium,0.6,0.48,2,0.56,0.72,0.76,7,0.489,P2,Team_C,Medium,3
5379,Medium,0.6,0.43,1,0.8,0.45,0.55,4,0.536,P2,Team_C,Medium,2
5380,Medium,0.6,0.6,1,0.68,0.63,0.79,4,0.568,P2,Team_C,Medium,2
5381,Low,0.3,0.6,2,0.49,0.58,0.52,4,0.39,P3,Team_B,Low,1
5382,Medium,0.6,0.36,1,0.87,0.82,0.98,4,0.382,P3,Team_B,Low,1
5383,Medium,0.6,0.69,2,0.69,0.65,0.49,3,0.496,P2,Team_C,Medium,2
5384,Low,0.3,0.57,1,0.73,0.61,0.61,3,0.343,P3,Team_B,Low,1
5385,Medium,0.6,0.49,4,0.76,0.9,0.73,1,0.517,P2,Team_B,Medium,2
5386,Medium,0.6,0.35,2,0.73,0.34,0.37,1,0.557,P2,Team_C,Medium,3
5387,Low,0.3,0.56,2,0.93,0.73,0.96,1,0.32,P3,Team_B,Low,1
5388,High,0.9,0.81,2,0.41,0.32,0.59,3,0.75,P1,Team_C,High,4
5389,Medium,0.6,0.53,2,0.75,0.64,0.74,3,0.463,P2,Team_C,Medium,3
5390,Medium,0.6,0.9,1,0.95,0.73,0.4,1,0.575,P2,Team_A,Medium,3
5391,Low,0.3,0.15,1,0.32,0.75,0.33,2,0.309,P3,Team_B,Low,1
5392,High,0.9,0.63,1,0.56,0.65,0.34,2,0.83,P1,Team_C,High,4
5393,Low,0.3,0.41,4,0.91,0.32,0.62,2,0.411,P3,Team_B,Low,1
5394,Medium,0.6,0.44,1,0.7,0.61,0.89,8,0.517,P2,Team_C,Medium,2
5395,Low,0.3,0.29,4,0.81,0.45,0.71,1,0.278,P3,Team_B,Low,1
5396,Medium,0.6,0.58,3,0.69,0.75,0.64,6,0.447,P2,Team_B,Medium,3
5397,High,0.9,0.24,3,0.8,0.58,0.43,2,0.706,P1,Team_A,High,5
5398,Low,0.3,0.91,2,0.73,0.73,0.59,3,0.455,P2,Team_C,Medium,3
5399,High,0.9,0.59,1,0.81,0.86,0.82,7,0.618,P2,Team_A,Medium,3
5400,Medium,0.6,0.26,2,0.83,0.81,0.36,2,0.462,P2,Team_B,Medium,2
5401,Low,0.3,0.78,2,0.64,0.53,0.36,3,0.464,P2,Team_C,Medium,3
5402,High,0.9,0.93,4,0.69,0.63,0.47,1,0.738,P1,Team_C,High,6
5403,Medium,0.6,0.58,4,0.81,0.41,0.73,3,0.514,P2,Team_A,Medium,2
5404,High,0.9,0.06,2,0.97,0.55,0.41,2,0.681,P1,Team_A,High,4
5405,Low,0.3,0.67,3,0.85,0.88,0.64,1,0.324,P3,Team_B,Low,1
5406,Low,0.3,0.19,3,0.65,0.49,0.6,2,0.326,P3,Team_C,Low,1
5407,High,0.9,0.74,4,0.84,0.64,0.58,0,0.67,P1,Team_A,High,6
5408,High,0.9,0.4,1,0.88,0.81,0.78,7,0.605,P2,Team_A,Medium,2
5409,High,0.9,0.7,2,0.74,0.87,0.33,4,0.827,P1,Team_B,High,5
5410,Medium,0.6,0.39,3,0.53,0.87,0.91,3,0.469,P2,Team_B,Medium,3
5411,Low,0.3,0.08,1,0.79,0.59,0.62,1,0.283,P3,Team_C,Low,1
5412,Medium,0.6,0.22,2,0.73,0.6,0.76,4,0.567,P2,Team_A,Medium,2
5413,Medium,0.6,0.26,3,0.92,0.83,0.57,0,0.396,P3,Team_B,Low,1
5414,Medium,0.6,0.46,3,0.8,0.93,0.48,1,0.517,P2,Team_B,Medium,3
5415,Low,0.3,0.68,4,0.94,0.67,0.48,3,0.373,P3,Team_B,Low,1
5416,Medium,0.6,0.6,4,0.68,0.57,0.6,1,0.559,P2,Team_C,Medium,2
5417,Medium,0.6,0.16,2,0.82,0.74,0.8,2,0.368,P3,Team_C,Low,1
5418,Low,0.3,0.38,4,0.73,0.86,0.31,0,0.318,P3,Team_B,Low,1
5419,High,0.9,0.54,3,0.38,0.43,0.41,7,0.688,P1,Team_C,High,5
5420,High,0.9,0.39,3,0.43,0.77,0.66,4,0.618,P2,Team_B,Medium,3
5421,High,0.9,0.29,3,0.66,0.91,0.56,3,0.639,P2,Team_B,Medium,2
5422,High,0.9,0.69,2,0.85,0.71,0.56,5,0.674,P1,Team_A,High,5
5423,Low,0.3,0.1,3,0.76,0.9,0.76,3,0.326,P3,Team_B,Low,1
5424,Medium,0.6,0.1,2,0.83,0.76,0.78,3,0.38,P3,Team_B,Low,1
5425,Low,0.3,0.6,4,0.91,0.64,0.49,4,0.383,P3,Team_C,Low,1
5426,Medium,0.6,0.21,3,0.57,0.73,0.74,4,0.391,P3,Team_C,Low,1
5427,High,0.9,0.22,4,0.83,0.56,0.49,1,0.633,P2,Team_A,Medium,3
5428,Medium,0.6,0.93,2,0.69,0.68,0.69,3,0.621,P2,Team_A,Medium,3
5429,Low,0.3,0.05,3,0.79,0.86,0.96,2,0.208,P3,Team_B,Low,1
5430,Low,0.3,0.6,2,0.94,0.86,0.58,4,0.382,P3,Team_B,Low,1
5431,Low,0.3,0.09,3,0.69,0.71,0.73,5,0.278,P3,Team_C,Low,1
5432,Medium,0.6,0.69,2,0.63,0.74,0.68,2,0.494,P2,Team_A,Medium,2
5433,High,0.9,0.58,1,0.63,0.74,0.73,0,0.721,P1,Team_B,High,6
5434,Low,0.3,0.4,1,0.6,0.66,0.84,1,0.246,P3,Team_B,Low,1
5435,Medium,0.6,0.35,1,0.89,0.67,0.94,5,0.364,P3,Team_C,Low,1
5436,Medium,0.6,0.16,4,0.98,0.41,0.64,3,0.465,P2,Team_A,Medium,3
5437,Low,0.3,0.61,4,0.74,0.72,0.76,4,0.298,P3,Team_C,Low,1
5438,Medium,0.6,0.85,4,0.23,0.62,0.84,6,0.603,P2,Team_C,Medium,2
5439,Low,0.3,0.85,2,0.49,0.6,0.36,5,0.387,P3,Team_B,Low,1
5440,Medium,0.6,0.7,2,0.9,0.53,0.62,3,0.623,P2,Team_A,Medium,3
5441,Low,0.3,0.97,1,0.52,0.82,0.66,4,0.454,P2,Team_C,Medium,2
5442,Low,0.3,0.62,1,0.92,0.74,0.36,3,0.379,P3,Team_B,Low,1
5443,Medium,0.6,0.6,3,0.86,0.6,0.82,1,0.486,P2,Team_C,Medium,2
5444,Low,0.3,0.06,3,0.71,0.76,0.95,1,0.259,P3,Team_C,Low,1
5445,Low,0.3,0.59,1,0.6,0.62,0.53,5,0.374,P3,Team_B,Low,1
5446,Low,0.3,0.26,4,0.94,0.74,0.38,5,0.363,P3,Team_B,Low,1
5447,Low,0.3,0.21,1,0.46,0.94,0.75,3,0.216,P3,Team_B,Low,1
5448,High,0.9,0.83,2,0.55,0.64,0.89,2,0.702,P1,Team_C,High,4
5449,High,0.9,0.89,4,0.7,0.4,0.69,3,0.873,P1,Team_C,High,5
5450,Medium,0.6,0.55,1,0.71,0.45,0.9,4,0.618,P2,Team_A,Medium,2
5451,Low,0.3,0.5,4,0.82,0.71,0.86,7,0.375,P3,Team_C,Low,1
5452,Low,0.3,0.49,3,0.76,0.9,0.72,4,0.394,P3,Team_B,Low,1
5453,Medium,0.6,0.39,1,0.81,0.91,0.8,6,0.454,P2,Team_B,Medium,2
5454,Low,0.3,0.57,4,0.84,0.92,0.65,5,0.422,P2,Team_B,Medium,3
5455,High,0.9,0.27,2,0.66,0.79,0.5,3,0.567,P2,Team_B,Medium,3
5456,Medium,0.6,0.29,1,0.72,0.63,0.91,1,0.437,P2,Team_C,Medium,3
5457,Low,0.3,0.73,2,0.75,0.52,0.67,4,0.418,P3,Team_B,Low,1
5458,High,0.9,0.45,2,0.72,0.89,0.95,1,0.594,P2,Team_B,Medium,3
5459,High,0.9,0.57,3,0.89,0.87,0.55,2,0.604,P2,Team_A,Medium,3
5460,High,0.9,0.82,4,0.8,0.47,0.9,2,0.681,P1,Team_A,High,4
5461,Medium,0.6,0.12,3,0.46,0.72,0.49,2,0.541,P2,Team_A,Medium,3
5462,Medium,0.6,0.52,3,0.99,0.89,0.89,2,0.528,P2,Team_B,Medium,2
5463,Medium,0.6,0.14,1,0.9,0.89,0.37,1,0.501,P2,Team_B,Medium,3
5464,High,0.9,0.53,1,0.7,0.8,0.55,2,0.72,P1,Team_B,High,5
5465,Low,0.3,0.76,4,0.68,0.88,0.48,2,0.32,P3,Team_B,Low,1
5466,Medium,0.6,0.9,3,0.59,0.69,0.52,1,0.633,P2,Team_A,Medium,3
5467,Low,0.3,0.52,3,0.97,0.8,0.71,2,0.321,P3,Team_C,Low,1
5468,Medium,0.6,0.33,3,0.69,0.73,0.31,2,0.538,P2,Team_A,Medium,3
5469,Low,0.3,0.66,2,0.88,0.83,0.78,3,0.342,P3,Team_C,Low,1
5470,High,0.9,0.68,2,0.65,0.62,0.59,1,0.75,P1,Team_C,High,4
5471,Medium,0.6,0.72,2,0.3,0.38,0.57,3,0.611,P2,Team_A,Medium,3
5472,High,0.9,0.59,3,0.94,0.64,0.69,7,0.723,P1,Team_A,High,4
5473,High,0.9,0.85,2,0.96,0.55,0.44,0,0.747,P1,Team_A,High,5
5474,Low,0.3,0.27,1,0.51,0.81,0.66,4,0.305,P3,Team_B,Low,1
5475,Medium,0.6,0.54,2,0.73,0.6,0.92,5,0.421,P2,Team_C,Medium,2
5476,High,0.9,0.48,4,0.78,0.4,0.68,6,0.687,P1,Team_C,High,4
5477,Medium,0.6,0.27,3,0.82,0.4,0.4,4,0.5,P2,Team_A,Medium,2
5478,Medium,0.6,0.88,1,0.43,0.85,0.45,3,0.533,P2,Team_B,Medium,2
5479,Medium,0.6,0.75,2,0.55,0.68,0.33,3,0.508,P2,Team_C,Medium,2
5480,High,0.9,0.57,4,0.72,0.54,0.8,4,0.696,P1,Team_C,High,4
5481,Medium,0.6,0.47,2,0.85,0.53,0.74,3,0.522,P2,Team_A,Medium,3
5482,Medium,0.6,0.76,2,0.83,0.67,0.77,5,0.547,P2,Team_A,Medium,2
5483,Low,0.3,0.65,4,0.52,0.79,0.47,2,0.374,P3,Team_B,Low,1
5484,Low,0.3,0.3,1,0.54,0.72,0.46,2,0.379,P3,Team_C,Low,1
5485,Low,0.3,0.88,4,0.82,0.34,0.48,2,0.534,P2,Team_B,Medium,2
5486,Medium,0.6,0.23,1,0.92,0.36,0.66,2,0.448,P2,Team_C,Medium,3
5487,Medium,0.6,0.85,4,0.47,0.78,0.47,4,0.657,P1,Team_B,High,4
5488,Low,0.3,0.25,4,0.94,0.79,0.75,5,0.258,P3,Team_B,Low,1
5489,High,0.9,0.58,2,0.92,0.51,0.73,6,0.644,P2,Team_A,Medium,2
5490,Medium,0.6,0.81,3,0.7,0.43,0.33,0,0.572,P2,Team_C,Medium,3
5491,Medium,0.6,0.07,4,0.59,0.55,0.54,3,0.465,P2,Team_C,Medium,2
5492,Medium,0.6,0.23,2,0.85,0.77,0.97,4,0.394,P3,Team_B,Low,1
5493,High,0.9,0.24,4,0.59,0.72,1.0,4,0.611,P2,Team_B,Medium,3
5494,High,0.9,0.49,4,0.86,0.77,0.65,0,0.598,P2,Team_A,Medium,2
5495,Low,0.3,0.47,4,0.55,0.74,0.39,7,0.308,P3,Team_B,Low,1
5496,Low,0.3,0.5,2,0.76,0.57,0.99,4,0.338,P3,Team_C,Low,1
5497,Low,0.3,0.89,1,0.9,0.51,0.95,3,0.391,P3,Team_C,Low,1
5498,Low,0.3,0.49,4,0.49,0.7,0.62,1,0.306,P3,Team_C,Low,1
5499,High,0.9,0.32,1,0.43,0.84,0.9,2,0.57,P2,Team_B,Medium,3
5500,Medium,0.6,0.31,4,0.89,0.97,0.5,4,0.512,P2,Team_B,Medium,3
5501,Low,0.3,0.57,4,0.63,0.46,0.38,4,0.391,P3,Team_C,Low,1
5502,Low,0.3,0.07,1,0.87,0.67,0.31,3,0.351,P3,Team_B,Low,1
5503,Low,0.3,0.26,2,0.91,0.16,0.43,1,0.391,P3,Team_C,Low,1
5504,High,0.9,0.33,1,0.73,0.64,0.42,4,0.636,P2,Team_C,Medium,2
5505,High,0.9,0.65,2,0.45,0.78,0.65,5,0.615,P2,Team_B,Medium,3
5506,Low,0.3,0.71,4,0.54,0.85,0.52,2,0.363,P3,Team_B,Low,1
5507,Low,0.3,0.62,2,0.76,0.71,0.85,3,0.416,P3,Team_C,Low,1
5508,Low,0.3,0.85,4,0.86,0.74,0.49,1,0.406,P3,Team_B,Low,1
5509,Low,0.3,0.29,4,0.7,0.63,0.65,1,0.287,P3,Team_C,Low,1
5510,Low,0.3,0.58,3,0.77,0.94,0.51,1,0.272,P3,Team_B,Low,1
5511,Low,0.3,0.18,3,0.67,0.71,0.74,2,0.326,P3,Team_C,Low,1
5512,High,0.9,0.89,2,0.93,0.91,0.55,2,0.624,P2,Team_A,Medium,3
5513,Low,0.3,0.5,1,0.48,0.92,0.93,3,0.3,P3,Team_C,Low,1
5514,High,0.9,0.45,4,0.74,0.89,0.78,2,0.606,P2,Team_B,Medium,2
5515,Medium,0.6,0.46,1,0.51,0.87,0.68,2,0.431,P2,Team_B,Medium,2
5516,Low,0.3,0.46,1,0.57,0.88,0.93,2,0.281,P3,Team_C,Low,1
5517,High,0.9,0.23,3,0.74,0.7,0.86,2,0.652,P1,Team_B,High,4
5518,Low,0.3,0.11,2,0.65,0.81,0.43,5,0.28,P3,Team_B,Low,1
5519,High,0.9,0.46,3,0.4,0.43,0.79,4,0.663,P1,Team_C,High,4
5520,Low,0.3,0.48,1,0.93,0.36,0.43,3,0.363,P3,Team_B,Low,1
5521,Medium,0.6,0.21,4,0.68,0.75,0.44,2,0.48,P2,Team_B,Medium,3
5522,Medium,0.6,0.72,1,0.49,0.83,0.66,1,0.488,P2,Team_B,Medium,3
5523,Medium,0.6,0.97,2,0.94,0.55,0.84,4,0.591,P2,Team_C,Medium,2
5524,Low,0.3,0.91,2,0.62,0.73,0.76,6,0.424,P2,Team_C,Medium,2
5525,High,0.9,0.09,3,0.51,0.49,0.83,7,0.609,P2,Team_C,Medium,2
5526,Medium,0.6,0.92,4,0.5,0.83,0.63,2,0.51,P2,Team_B,Medium,3
5527,Low,0.3,0.73,3,0.55,0.63,0.6,4,0.456,P2,Team_B,Medium,2
5528,Medium,0.6,0.83,2,0.75,0.67,0.53,4,0.587,P2,Team_C,Medium,2
5529,Medium,0.6,0.61,3,0.59,0.88,0.77,8,0.493,P2,Team_B,Medium,2
5530,Medium,0.6,0.1,3,0.64,0.93,0.91,2,0.352,P3,Team_B,Low,1
5531,Medium,0.6,0.89,2,0.63,0.69,0.98,3,0.498,P2,Team_C,Medium,2
5532,Medium,0.6,0.56,1,0.62,0.62,0.96,5,0.502,P2,Team_C,Medium,3
5533,Low,0.3,0.85,2,0.92,0.63,0.9,2,0.336,P3,Team_B,Low,1
5534,High,0.9,0.11,4,0.92,0.57,0.37,3,0.575,P2,Team_A,Medium,2
5535,Low,0.3,0.3,2,0.43,0.89,0.54,3,0.327,P3,Team_B,Low,1
5536,High,0.9,0.55,2,0.89,0.39,0.49,5,0.86,P1,Team_A,High,6
5537,Medium,0.6,0.74,4,0.84,0.63,0.94,1,0.549,P2,Team_A,Medium,2
5538,Low,0.3,0.49,3,0.95,0.71,0.66,2,0.282,P3,Team_B,Low,1
5539,Low,0.3,0.43,2,0.62,0.43,0.84,3,0.422,P2,Team_B,Medium,2
5540,Low,0.3,0.53,1,0.89,0.76,0.7,6,0.41,P3,Team_B,Low,1
5541,Medium,0.6,0.52,3,0.79,0.34,0.63,5,0.606,P2,Team_C,Medium,2
5542,Low,0.3,0.49,1,0.74,0.5,0.8,4,0.291,P3,Team_C,Low,1
5543,Low,0.3,0.36,3,0.79,0.23,0.52,3,0.391,P3,Team_B,Low,1
5544,Medium,0.6,0.34,2,0.8,0.66,0.34,0,0.407,P3,Team_C,Low,1
5545,High,0.9,0.51,3,0.57,0.91,0.49,1,0.599,P2,Team_B,Medium,3
5546,High,0.9,0.4,3,0.37,0.59,0.92,3,0.664,P1,Team_C,High,4
5547,Medium,0.6,0.24,3,0.92,0.91,0.58,2,0.542,P2,Team_B,Medium,2
5548,High,0.9,0.56,2,0.3,0.32,0.43,3,0.779,P1,Team_C,High,5
5549,Low,0.3,0.43,3,0.53,0.87,0.78,3,0.306,P3,Team_B,Low,1
5550,High,0.9,0.7,3,0.88,0.75,0.76,0,0.633,P2,Team_A,Medium,2
5551,Low,0.3,0.13,4,0.84,0.79,0.66,4,0.24,P3,Team_B,Low,1
5552,High,0.9,0.43,4,0.83,0.22,0.97,2,0.629,P2,Team_A,Medium,3
5553,Low,0.3,0.3,2,0.58,0.88,1.0,2,0.186,P3,Team_C,Low,1
5554,Low,0.3,0.12,3,0.67,0.54,0.99,3,0.285,P3,Team_B,Low,1
5555,Low,0.3,0.55,2,0.69,0.67,0.79,2,0.307,P3,Team_C,Low,1
5556,Medium,0.6,0.74,4,0.73,0.84,0.53,5,0.57,P2,Team_B,Medium,3
5557,High,0.9,0.66,4,0.73,0.74,0.4,3,0.68,P1,Team_B,High,4
5558,Low,0.3,0.63,2,0.49,0.83,0.55,4,0.403,P3,Team_B,Low,1
5559,High,0.9,0.33,1,0.55,0.61,0.46,1,0.687,P1,Team_C,High,4
5560,Medium,0.6,0.48,3,0.37,0.84,0.61,3,0.413,P3,Team_B,Low,1
5561,High,0.9,0.67,4,0.78,0.43,0.71,2,0.679,P1,Team_C,High,4
5562,Low,0.3,0.36,4,0.35,0.64,0.55,1,0.331,P3,Team_C,Low,1
5563,High,0.9,0.6,2,0.82,0.56,0.63,3,0.662,P1,Team_A,High,5
5564,Low,0.3,0.22,3,0.63,0.23,0.65,3,0.345,P3,Team_C,Low,1
5565,High,0.9,0.51,1,0.84,0.83,0.47,5,0.685,P1,Team_A,High,4
5566,Medium,0.6,0.83,4,0.67,0.17,0.75,1,0.607,P2,Team_C,Medium,3
5567,Low,0.3,0.72,2,0.83,0.8,0.95,1,0.189,P3,Team_B,Low,1
5568,Medium,0.6,0.46,4,0.88,0.94,0.85,3,0.611,P2,Team_B,Medium,3
5569,Low,0.3,0.77,3,0.72,0.9,0.91,3,0.314,P3,Team_C,Low,1
5570,High,0.9,0.38,3,0.58,0.62,0.57,1,0.561,P2,Team_C,Medium,2
5571,High,0.9,0.38,3,0.9,0.87,0.74,3,0.579,P2,Team_A,Medium,3
5572,Medium,0.6,0.94,1,0.6,0.64,0.51,2,0.644,P2,Team_A,Medium,2
5573,Medium,0.6,0.69,4,0.76,0.42,0.78,3,0.565,P2,Team_C,Medium,2
5574,Medium,0.6,0.73,2,0.58,0.68,0.65,5,0.537,P2,Team_C,Medium,3
5575,Medium,0.6,0.5,3,0.68,0.17,0.54,2,0.524,P2,Team_A,Medium,2
5576,High,0.9,0.77,1,0.92,0.46,0.98,3,0.644,P2,Team_A,Medium,3
5577,Low,0.3,0.85,4,0.84,0.74,0.4,3,0.371,P3,Team_B,Low,1
5578,Medium,0.6,0.83,1,0.95,0.86,0.31,3,0.659,P1,Team_B,High,4
5579,Low,0.3,0.35,1,0.72,0.48,0.9,1,0.359,P3,Team_B,Low,1
5580,High,0.9,0.59,2,0.84,0.78,0.42,7,0.733,P1,Team_A,High,4
5581,Low,0.3,0.11,3,0.89,0.17,0.48,2,0.367,P3,Team_B,Low,1
5582,Medium,0.6,0.07,3,0.79,0.61,0.89,2,0.426,P2,Team_A,Medium,3
5583,Low,0.3,0.61,2,0.68,0.86,0.58,2,0.389,P3,Team_C,Low,1
5584,Low,0.3,0.12,1,0.89,0.5,0.35,4,0.289,P3,Team_C,Low,1
5585,Medium,0.6,0.34,3,0.63,0.96,0.5,1,0.446,P2,Team_B,Medium,2
5586,Low,0.3,0.1,3,0.72,0.88,0.58,0,0.225,P3,Team_C,Low,1
5587,Low,0.3,0.66,3,0.71,0.52,0.81,5,0.428,P2,Team_C,Medium,3
5588,Medium,0.6,0.42,2,0.78,0.67,0.72,2,0.464,P2,Team_C,Medium,3
5589,Low,0.3,0.25,1,0.43,0.67,0.49,1,0.35,P3,Team_C,Low,1
5590,High,0.9,0.24,1,0.95,0.53,0.67,3,0.615,P2,Team_A,Medium,2
5591,High,0.9,0.31,3,0.89,0.88,0.43,2,0.638,P2,Team_A,Medium,2
5592,High,0.9,0.51,4,0.48,0.47,0.99,5,0.675,P1,Team_C,High,5
5593,Low,0.3,0.39,1,0.6,0.53,0.87,4,0.304,P3,Team_B,Low,1
5594,Low,0.3,0.2,1,0.57,0.72,0.79,3,0.217,P3,Team_B,Low,1
5595,Low,0.3,0.36,4,0.74,0.52,0.55,1,0.35,P3,Team_C,Low,1
5596,Medium,0.6,0.45,2,0.49,0.4,0.7,6,0.6,P2,Team_A,Medium,3
5597,Low,0.3,0.22,1,0.72,0.75,0.68,3,0.259,P3,Team_C,Low,1
5598,High,0.9,0.48,4,0.72,0.65,0.98,0,0.619,P2,Team_C,Medium,2
5599,Medium,0.6,0.49,1,0.78,0.72,0.31,3,0.435,P2,Team_C,Medium,2
5600,High,0.9,0.33,1,0.61,0.57,0.54,2,0.632,P2,Team_C,Medium,3
5601,High,0.9,0.41,2,0.77,0.44,0.99,3,0.592,P2,Team_C,Medium,3
5602,Low,0.3,0.5,2,0.72,0.95,0.8,2,0.297,P3,Team_B,Low,1
5603,High,0.9,0.19,1,0.47,0.69,1.0,0,0.536,P2,Team_C,Medium,3
5604,Low,0.3,0.35,3,0.7,0.41,0.58,5,0.357,P3,Team_B,Low,1
5605,Medium,0.6,0.51,1,0.71,0.7,0.61,1,0.495,P2,Team_C,Medium,3
5606,Medium,0.6,0.22,4,0.75,0.96,0.62,5,0.449,P2,Team_B,Medium,3
5607,Medium,0.6,0.46,4,0.88,0.79,1.0,0,0.473,P2,Team_B,Medium,2
5608,Medium,0.6,0.61,4,0.79,0.68,0.77,3,0.599,P2,Team_C,Medium,2
5609,Low,0.3,0.45,1,0.7,0.66,0.98,1,0.323,P3,Team_C,Low,1
5610,Medium,0.6,0.69,2,0.86,0.57,0.42,6,0.527,P2,Team_C,Medium,2
5611,Low,0.3,0.78,3,0.74,0.7,0.58,2,0.398,P3,Team_C,Low,1
5612,Medium,0.6,0.38,4,0.85,0.92,0.75,2,0.483,P2,Team_B,Medium,3
5613,Medium,0.6,0.45,4,0.57,0.91,0.5,5,0.442,P2,Team_B,Medium,3
5614,Low,0.3,0.39,1,0.56,0.56,0.74,3,0.318,P3,Team_B,Low,1
5615,Medium,0.6,0.8,1,0.5,0.39,0.66,5,0.517,P2,Team_C,Medium,3
5616,Medium,0.6,0.85,4,0.63,0.49,0.68,3,0.517,P2,Team_C,Medium,2
5617,Medium,0.6,0.74,4,0.59,0.9,0.65,5,0.519,P2,Team_B,Medium,3
5618,Low,0.3,0.71,1,0.43,0.83,0.48,3,0.386,P3,Team_B,Low,1
5619,Medium,0.6,0.3,2,0.76,0.64,0.65,4,0.527,P2,Team_A,Medium,3
5620,Low,0.3,0.36,3,0.81,0.73,0.36,4,0.339,P3,Team_B,Low,1
5621,Low,0.3,0.66,1,0.79,0.88,0.5,6,0.356,P3,Team_C,Low,1
5622,Medium,0.6,0.84,4,0.33,0.75,0.59,1,0.517,P2,Team_B,Medium,3
5623,Low,0.3,0.3,3,0.83,0.38,0.78,3,0.356,P3,Team_C,Low,1
5624,Low,0.3,0.86,3,0.87,0.65,0.37,3,0.398,P3,Team_B,Low,1
5625,Medium,0.6,0.45,3,0.93,0.7,0.95,2,0.482,P2,Team_C,Medium,2
5626,Medium,0.6,0.73,3,0.38,0.86,0.47,4,0.493,P2,Team_B,Medium,2
5627,Medium,0.6,0.58,3,0.8,0.51,0.86,2,0.499,P2,Team_A,Medium,3
5628,Medium,0.6,0.24,4,0.67,0.9,0.51,2,0.394,P3,Team_B,Low,1
5629,Low,0.3,0.55,1,0.76,0.86,0.62,7,0.417,P3,Team_B,Low,1
5630,High,0.9,0.21,3,0.89,0.73,0.81,2,0.58,P2,Team_A,Medium,3
5631,High,0.9,0.4,3,0.59,0.36,0.56,4,0.756,P1,Team_C,High,4
5632,High,0.9,0.28,4,0.87,0.74,0.9,3,0.604,P2,Team_A,Medium,3
5633,High,0.9,0.57,1,0.69,0.73,0.72,3,0.611,P2,Team_B,Medium,3
5634,Low,0.3,0.57,2,0.68,0.92,0.82,5,0.283,P3,Team_C,Low,1
5635,High,0.9,0.41,2,0.54,0.9,0.61,4,0.593,P2,Team_B,Medium,2
5636,Low,0.3,0.14,4,0.82,0.89,0.55,3,0.287,P3,Team_B,Low,1
5637,High,0.9,0.45,1,0.72,0.94,0.94,4,0.642,P2,Team_B,Medium,3
5638,Medium,0.6,0.57,1,0.84,0.41,0.5,2,0.493,P2,Team_A,Medium,2
5639,Medium,0.6,0.67,2,0.77,0.72,0.94,3,0.48,P2,Team_C,Medium,2
5640,Low,0.3,0.33,2,0.9,0.7,0.33,2,0.331,P3,Team_C,Low,1
5641,Medium,0.6,0.29,4,0.74,0.6,0.82,4,0.482,P2,Team_C,Medium,3
5642,Medium,0.6,0.34,3,0.74,0.86,0.5,4,0.575,P2,Team_B,Medium,3
5643,Medium,0.6,0.49,2,0.82,0.37,0.87,1,0.405,P3,Team_C,Low,1
5644,Low,0.3,0.21,4,0.82,0.6,0.47,4,0.398,P3,Team_C,Low,1
5645,Low,0.3,0.22,4,0.89,0.7,0.54,4,0.295,P3,Team_C,Low,1
5646,Low,0.3,0.53,3,0.48,0.71,0.63,5,0.307,P3,Team_B,Low,1
5647,High,0.9,0.39,4,0.86,0.89,0.57,5,0.686,P1,Team_A,High,5
5648,Medium,0.6,0.68,2,0.81,0.63,0.73,2,0.441,P2,Team_A,Medium,2
5649,Medium,0.6,0.14,4,0.76,0.87,0.92,2,0.464,P2,Team_B,Medium,2
5650,High,0.9,0.42,1,0.77,0.81,0.47,6,0.697,P1,Team_B,High,4
5651,Medium,0.6,0.85,4,0.87,0.69,0.33,3,0.665,P1,Team_A,High,5
5652,Low,0.3,0.49,1,0.89,0.35,0.92,3,0.376,P3,Team_C,Low,1
5653,Medium,0.6,0.7,2,0.4,0.42,0.32,1,0.544,P2,Team_A,Medium,2
5654,High,0.9,0.85,4,0.76,0.6,0.96,0,0.818,P1,Team_C,High,4
5655,Medium,0.6,0.4,4,0.92,0.42,0.63,6,0.469,P2,Team_A,Medium,2
5656,Medium,0.6,0.21,4,0.85,0.39,0.49,1,0.51,P2,Team_C,Medium,3
5657,Medium,0.6,0.59,4,0.55,0.51,0.69,0,0.53,P2,Team_C,Medium,2
5658,High,0.9,0.45,2,0.56,0.83,0.8,1,0.59,P2,Team_B,Medium,2
5659,Medium,0.6,0.16,3,0.81,0.96,0.93,4,0.365,P3,Team_B,Low,1
5660,High,0.9,0.13,2,0.8,0.85,0.79,2,0.491,P2,Team_A,Medium,3
5661,Medium,0.6,0.31,4,0.81,0.7,0.45,2,0.455,P2,Team_C,Medium,3
5662,High,0.9,0.79,2,0.87,0.51,0.4,3,0.822,P1,Team_A,High,4
5663,High,0.9,0.26,4,0.62,0.6,0.86,3,0.531,P2,Team_C,Medium,3
5664,Low,0.3,0.8,3,0.85,0.81,0.37,2,0.461,P2,Team_C,Medium,3
5665,Low,0.3,0.5,4,0.79,0.33,0.59,3,0.37,P3,Team_B,Low,1
5666,Medium,0.6,0.4,4,0.66,0.78,0.89,4,0.535,P2,Team_B,Medium,2
5667,Medium,0.6,0.72,4,0.62,0.91,0.7,3,0.507,P2,Team_B,Medium,2
5668,Low,0.3,0.55,1,0.83,0.33,0.39,5,0.475,P2,Team_B,Medium,3
5669,Low,0.3,0.75,3,0.45,0.53,0.4,2,0.43,P2,Team_C,Medium,2
5670,Medium,0.6,0.61,2,0.81,0.69,0.48,2,0.502,P2,Team_C,Medium,2
5671,Low,0.3,0.68,1,0.47,0.93,0.59,1,0.358,P3,Team_B,Low,1
5672,High,0.9,0.63,2,0.77,0.65,0.78,2,0.69,P1,Team_C,High,4
5673,Low,0.3,0.2,1,0.88,0.76,0.66,3,0.157,P3,Team_C,Low,1
5674,Low,0.3,0.45,1,0.77,0.89,0.63,6,0.274,P3,Team_B,Low,1
5675,High,0.9,0.82,3,0.92,0.8,0.88,3,0.686,P1,Team_A,High,5
5676,High,0.9,0.57,2,0.31,0.88,0.84,4,0.72,P1,Team_B,High,5
5677,Low,0.3,0.04,4,0.54,0.58,0.87,2,0.278,P3,Team_B,Low,1
5678,Low,0.3,0.71,2,0.71,0.74,0.64,2,0.304,P3,Team_C,Low,1
5679,Medium,0.6,0.44,1,0.5,0.89,0.56,3,0.499,P2,Team_B,Medium,2
5680,Low,0.3,0.85,3,0.75,0.6,0.87,5,0.529,P2,Team_B,Medium,3
5681,Low,0.3,0.82,1,0.61,0.83,0.32,1,0.416,P3,Team_C,Low,1
5682,Medium,0.6,0.45,1,0.65,0.5,0.97,5,0.449,P2,Team_C,Medium,2
5683,High,0.9,0.75,4,0.88,0.47,0.3,2,0.785,P1,Team_A,High,5
5684,High,0.9,0.81,4,0.73,0.83,0.33,2,0.732,P1,Team_B,High,6
5685,High,0.9,0.29,3,0.62,0.32,0.8,2,0.635,P2,Team_C,Medium,3
5686,Low,0.3,0.57,4,0.83,0.9,0.53,1,0.296,P3,Team_B,Low,1
5687,Medium,0.6,0.63,4,0.72,0.93,0.92,3,0.559,P2,Team_B,Medium,2
5688,Medium,0.6,0.53,2,0.75,0.62,0.91,5,0.418,P3,Team_A,Low,1
5689,High,0.9,0.32,4,0.78,0.61,0.83,3,0.668,P1,Team_C,High,6
5690,Medium,0.6,0.84,3,0.61,0.78,0.92,3,0.559,P2,Team_B,Medium,3
5691,High,0.9,0.43,1,0.85,0.98,0.64,0,0.596,P2,Team_A,Medium,3
5692,Medium,0.6,0.34,2,0.47,0.9,0.94,5,0.414,P3,Team_B,Low,1
5693,Low,0.3,0.82,3,0.78,0.74,0.32,2,0.387,P3,Team_C,Low,1
5694,Low,0.3,0.13,4,0.74,0.29,0.84,3,0.406,P3,Team_B,Low,1
5695,Low,0.3,0.37,3,0.52,0.88,0.62,3,0.287,P3,Team_B,Low,1
5696,Low,0.3,0.88,1,0.59,0.85,0.96,0,0.335,P3,Team_B,Low,1
5697,Medium,0.6,0.75,2,0.55,0.78,0.94,2,0.458,P2,Team_B,Medium,3
5698,Low,0.3,0.6,1,0.79,0.44,0.66,4,0.398,P3,Team_B,Low,1
5699,Medium,0.6,0.6,1,0.6,0.44,0.68,2,0.602,P2,Team_A,Medium,3
5700,Low,0.3,0.9,4,0.71,0.19,0.94,5,0.474,P2,Team_C,Medium,3
5701,Medium,0.6,0.4,3,0.38,0.73,0.85,6,0.516,P2,Team_C,Medium,2
5702,Medium,0.6,0.68,1,0.35,0.68,0.42,4,0.645,P2,Team_C,Medium,2
5703,High,0.9,0.51,3,0.55,0.76,0.87,2,0.658,P1,Team_B,High,4
5704,Medium,0.6,0.13,3,0.79,0.9,0.86,3,0.377,P3,Team_B,Low,1
5705,High,0.9,0.31,2,0.89,0.92,0.87,3,0.684,P1,Team_A,High,5
5706,Low,0.3,0.74,3,0.44,0.8,0.5,6,0.368,P3,Team_C,Low,1
5707,Medium,0.6,0.26,1,0.57,0.47,0.34,4,0.449,P2,Team_C,Medium,3
5708,Medium,0.6,0.75,3,0.79,0.64,0.77,3,0.544,P2,Team_C,Medium,3
5709,Low,0.3,0.25,4,0.73,0.7,0.39,0,0.379,P3,Team_C,Low,1
5710,High,0.9,0.62,1,0.91,0.4,0.75,4,0.821,P1,Team_A,High,5
5711,Medium,0.6,0.62,4,0.88,0.52,0.94,2,0.519,P2,Team_C,Medium,3
5712,Low,0.3,0.14,1,0.59,0.71,0.5,6,0.25,P3,Team_B,Low,1
5713,Medium,0.6,0.61,3,0.82,0.84,0.86,1,0.574,P2,Team_B,Medium,2
5714,High,0.9,0.48,4,0.58,0.76,0.45,5,0.652,P1,Team_B,High,6
5715,Medium,0.6,0.96,2,0.86,0.93,0.71,3,0.571,P2,Team_B,Medium,3
5716,Medium,0.6,0.77,4,0.74,0.7,0.95,6,0.573,P2,Team_C,Medium,2
5717,Medium,0.6,0.7,3,0.81,0.23,0.48,7,0.726,P1,Team_A,High,5
5718,High,0.9,0.48,2,0.85,0.26,0.66,3,0.737,P1,Team_A,High,4
5719,Low,0.3,0.15,2,0.73,0.92,0.43,2,0.389,P3,Team_C,Low,1
5720,Low,0.3,0.44,1,0.55,0.35,0.53,2,0.332,P3,Team_C,Low,1
5721,Low,0.3,0.27,4,0.81,0.49,0.96,1,0.256,P3,Team_B,Low,1
5722,High,0.9,0.23,1,0.82,0.78,0.33,2,0.588,P2,Team_A,Medium,3
5723,Medium,0.6,0.65,4,0.8,0.7,0.89,2,0.415,P3,Team_C,Low,1
5724,High,0.9,0.53,4,0.5,0.67,0.34,3,0.718,P1,Team_C,High,4
5725,Medium,0.6,0.54,1,0.53,0.89,0.95,2,0.368,P3,Team_B,Low,1
5726,Medium,0.6,0.15,1,0.81,0.59,0.35,1,0.475,P2,Team_A,Medium,2
5727,Medium,0.6,0.33,1,0.93,0.46,0.77,3,0.475,P2,Team_A,Medium,3
5728,High,0.9,0.47,2,0.83,0.79,0.32,1,0.668,P1,Team_A,High,6
5729,Medium,0.6,0.59,3,0.88,0.89,0.59,1,0.559,P2,Team_B,Medium,2
5730,High,0.9,0.78,1,0.64,0.78,0.83,0,0.711,P1,Team_B,High,6
5731,Low,0.3,0.54,4,0.83,0.68,0.61,4,0.403,P3,Team_C,Low,1
5732,Medium,0.6,0.35,1,0.74,0.35,0.8,2,0.508,P2,Team_C,Medium,3
5733,High,0.9,0.44,2,0.75,0.43,0.79,2,0.642,P2,Team_C,Medium,3
5734,Medium,0.6,0.66,2,0.47,0.81,0.67,1,0.511,P2,Team_B,Medium,2
5735,Medium,0.6,0.26,4,0.64,0.76,0.64,1,0.411,P3,Team_B,Low,1
5736,Medium,0.6,0.6,2,0.82,0.66,0.95,2,0.526,P2,Team_C,Medium,2
5737,Medium,0.6,0.26,2,0.95,0.69,0.74,3,0.412,P3,Team_A,Low,1
5738,High,0.9,0.23,2,0.85,0.35,0.93,4,0.584,P2,Team_A,Medium,2
5739,Low,0.3,0.62,4,0.62,0.76,0.4,2,0.325,P3,Team_B,Low,1
5740,Low,0.3,0.72,2,0.73,0.6,0.46,3,0.426,P2,Team_B,Medium,2
5741,Medium,0.6,0.66,2,0.97,0.37,0.85,6,0.592,P2,Team_C,Medium,2
5742,Medium,0.6,0.14,1,0.8,0.51,0.45,4,0.356,P3,Team_C,Low,1
5743,Medium,0.6,0.4,4,0.9,0.9,0.41,2,0.473,P2,Team_B,Medium,3
5744,High,0.9,0.77,3,0.96,0.77,0.32,3,0.778,P1,Team_A,High,5
5745,Low,0.3,0.06,3,0.93,0.77,0.6,5,0.259,P3,Team_B,Low,1
5746,Low,0.3,0.4,4,0.55,0.93,0.45,1,0.185,P3,Team_C,Low,1
5747,Low,0.3,0.62,4,0.65,0.45,0.99,3,0.347,P3,Team_C,Low,1
5748,Low,0.3,0.13,4,0.46,0.53,0.33,3,0.245,P3,Team_B,Low,1
5749,Medium,0.6,0.67,2,0.49,0.79,0.81,0,0.509,P2,Team_B,Medium,2
5750,Medium,0.6,0.25,1,0.57,0.42,0.77,2,0.446,P2,Team_C,Medium,2
5751,Low,0.3,0.48,4,0.55,0.37,0.7,3,0.294,P3,Team_B,Low,1
5752,High,0.9,0.51,3,0.71,0.82,0.94,0,0.535,P2,Team_B,Medium,3
5753,High,0.9,0.37,4,0.76,0.86,0.8,1,0.606,P2,Team_B,Medium,2
5754,Medium,0.6,0.53,1,0.61,0.77,0.73,2,0.438,P2,Team_B,Medium,3
5755,Medium,0.6,0.33,2,0.54,0.84,0.65,6,0.416,P3,Team_B,Low,1
5756,Medium,0.6,0.49,4,0.69,0.46,0.59,5,0.609,P2,Team_A,Medium,3
5757,Medium,0.6,0.63,2,0.7,0.75,0.62,3,0.644,P2,Team_B,Medium,3
5758,Low,0.3,0.63,3,0.71,0.65,0.41,6,0.42,P3,Team_B,Low,1
5759,Low,0.3,0.73,1,0.74,0.43,0.38,2,0.377,P3,Team_B,Low,1
5760,Low,0.3,0.09,3,0.7,0.8,0.38,1,0.255,P3,Team_C,Low,1
5761,Medium,0.6,0.72,3,0.84,0.57,0.34,5,0.653,P1,Team_C,High,4
5762,Low,0.3,0.53,2,0.91,0.68,0.44,3,0.417,P3,Team_B,Low,1
5763,Low,0.3,0.09,1,0.79,0.33,0.73,1,0.248,P3,Team_B,Low,1
5764,Medium,0.6,0.56,3,0.9,0.67,0.56,4,0.435,P2,Team_C,Medium,3
5765,Medium,0.6,0.11,3,0.95,0.61,0.9,3,0.411,P3,Team_C,Low,1
5766,High,0.9,0.77,4,0.76,0.68,0.73,2,0.713,P1,Team_C,High,6
5767,Low,0.3,0.68,2,0.63,0.93,0.51,4,0.521,P2,Team_C,Medium,2
5768,Medium,0.6,0.79,2,0.71,0.8,0.48,1,0.571,P2,Team_B,Medium,2
5769,Low,0.3,0.87,1,0.56,0.5,0.45,3,0.511,P2,Team_C,Medium,3
5770,Low,0.3,0.36,4,0.61,0.38,0.58,2,0.349,P3,Team_C,Low,1
5771,High,0.9,0.6,2,0.86,0.9,0.86,2,0.715,P1,Team_A,High,6
5772,Low,0.3,0.29,1,0.55,0.93,0.58,2,0.248,P3,Team_B,Low,1
5773,Low,0.3,0.23,4,0.94,0.73,0.42,2,0.273,P3,Team_C,Low,1
5774,Medium,0.6,0.37,2,0.8,0.83,0.35,2,0.525,P2,Team_B,Medium,3
5775,Low,0.3,0.59,4,0.91,0.63,0.45,3,0.512,P2,Team_C,Medium,2
5776,Medium,0.6,0.5,2,0.72,0.38,0.31,0,0.583,P2,Team_C,Medium,2
5777,Low,0.3,0.63,3,0.83,0.55,0.53,5,0.412,P3,Team_B,Low,1
5778,Medium,0.6,0.12,1,0.76,0.67,0.46,4,0.483,P2,Team_C,Medium,2
5779,High,0.9,0.45,3,0.46,0.54,0.66,7,0.764,P1,Team_C,High,4
5780,Low,0.3,0.63,3,0.78,0.87,0.69,3,0.373,P3,Team_C,Low,1
5781,High,0.9,0.43,2,0.8,0.64,0.89,5,0.681,P1,Team_A,High,6
5782,High,0.9,0.17,2,0.96,0.72,0.67,1,0.594,P2,Team_A,Medium,3
5783,Low,0.3,0.49,3,0.76,0.76,0.92,7,0.245,P3,Team_C,Low,1
5784,Low,0.3,0.87,4,0.66,0.32,0.49,2,0.394,P3,Team_C,Low,1
5785,Medium,0.6,0.53,3,0.46,0.62,0.87,4,0.495,P2,Team_A,Medium,3
5786,Medium,0.6,0.55,4,0.84,0.88,0.67,2,0.603,P2,Team_B,Medium,3
5787,Low,0.3,0.73,4,0.42,0.94,0.32,1,0.361,P3,Team_B,Low,1
5788,Medium,0.6,0.62,1,0.72,0.69,0.87,7,0.574,P2,Team_A,Medium,2
5789,Medium,0.6,0.76,3,0.68,0.54,0.3,1,0.529,P2,Team_A,Medium,2
5790,Low,0.3,0.11,4,0.7,0.94,0.53,4,0.184,P3,Team_B,Low,1
5791,High,0.9,0.42,1,0.55,0.84,0.37,2,0.709,P1,Team_B,High,4
5792,High,0.9,0.29,1,0.69,0.73,0.36,1,0.704,P1,Team_B,High,6
5793,Low,0.3,0.84,3,0.69,0.64,0.37,3,0.468,P2,Team_B,Medium,2
5794,Low,0.3,0.3,2,0.88,0.9,0.66,4,0.284,P3,Team_B,Low,1
5795,Medium,0.6,0.62,3,0.48,0.71,0.55,1,0.57,P2,Team_A,Medium,2
5796,Low,0.3,0.43,4,0.7,0.35,0.45,3,0.349,P3,Team_B,Low,1
5797,Medium,0.6,0.63,2,0.73,0.77,0.47,0,0.486,P2,Team_B,Medium,3
5798,Low,0.3,0.64,1,0.77,0.59,0.97,4,0.444,P2,Team_C,Medium,3
5799,Low,0.3,0.53,3,0.71,0.78,0.49,4,0.3,P3,Team_C,Low,1
5800,High,0.9,0.23,4,0.49,0.91,0.48,1,0.698,P1,Team_B,High,4
5801,Medium,0.6,0.43,3,0.68,0.73,0.48,4,0.437,P2,Team_A,Medium,3
5802,High,0.9,0.92,1,0.74,0.9,0.33,2,0.64,P2,Team_B,Medium,2
5803,Low,0.3,0.7,4,0.68,0.65,0.74,3,0.383,P3,Team_B,Low,1
5804,Medium,0.6,0.71,4,0.35,0.62,0.92,1,0.544,P2,Team_C,Medium,2
5805,High,0.9,0.27,3,0.79,0.66,0.87,3,0.656,P1,Team_C,High,4
5806,Low,0.3,0.96,2,0.69,0.82,0.98,1,0.399,P3,Team_C,Low,1
5807,Medium,0.6,0.29,4,0.94,0.41,0.55,2,0.501,P2,Team_A,Medium,3
5808,Medium,0.6,0.74,1,0.67,0.69,0.44,5,0.567,P2,Team_C,Medium,2
5809,High,0.9,0.57,4,0.84,0.52,0.82,3,0.667,P1,Team_A,High,5
5810,Medium,0.6,0.73,2,0.63,0.48,0.33,3,0.638,P2,Team_A,Medium,2
5811,Medium,0.6,0.16,3,0.69,0.89,0.74,1,0.382,P3,Team_B,Low,1
5812,Medium,0.6,0.12,1,0.71,0.91,0.75,1,0.303,P3,Team_B,Low,1
5813,Medium,0.6,0.14,2,0.66,0.87,0.72,3,0.436,P2,Team_B,Medium,2
5814,Medium,0.6,0.02,2,0.9,0.89,0.97,3,0.355,P3,Team_B,Low,1
5815,High,0.9,0.38,1,0.77,0.68,0.85,4,0.594,P2,Team_C,Medium,3
5816,High,0.9,0.25,1,0.85,0.93,0.82,3,0.557,P2,Team_A,Medium,3
5817,Medium,0.6,0.33,4,0.89,0.94,0.69,4,0.382,P3,Team_B,Low,1
5818,Medium,0.6,0.62,4,0.74,0.44,0.34,3,0.5,P2,Team_C,Medium,2
5819,Medium,0.6,0.7,3,0.58,0.74,0.7,1,0.565,P2,Team_C,Medium,3
5820,Low,0.3,0.24,2,0.61,0.85,0.39,3,0.239,P3,Team_B,Low,1
5821,High,0.9,0.76,2,0.78,0.86,0.62,4,0.731,P1,Team_B,High,4
5822,Low,0.3,0.57,2,0.46,0.51,0.54,4,0.349,P3,Team_C,Low,1
5823,Low,0.3,0.42,4,0.74,0.54,0.62,4,0.352,P3,Team_C,Low,1
5824,High,0.9,0.39,2,0.44,0.85,0.41,1,0.692,P1,Team_B,High,6
5825,Medium,0.6,0.46,3,0.59,0.81,0.4,2,0.466,P2,Team_B,Medium,2
5826,Low,0.3,0.31,3,0.73,0.5,0.93,6,0.235,P3,Team_B,Low,1
5827,High,0.9,0.47,4,0.95,0.99,0.66,2,0.625,P2,Team_A,Medium,3
5828,Low,0.3,0.18,3,0.9,0.93,0.37,6,0.23,P3,Team_C,Low,1
5829,High,0.9,0.46,2,0.97,0.86,0.84,2,0.734,P1,Team_A,High,5
5830,Low,0.3,0.28,4,0.93,0.78,0.56,5,0.284,P3,Team_B,Low,1
5831,High,0.9,0.45,3,0.79,0.75,0.84,6,0.66,P1,Team_B,High,6
5832,Low,0.3,0.38,4,0.68,0.8,0.59,1,0.272,P3,Team_B,Low,1
5833,Medium,0.6,0.45,2,0.76,0.49,0.42,0,0.578,P2,Team_A,Medium,3
5834,High,0.9,0.29,4,0.29,0.66,0.7,2,0.648,P2,Team_C,Medium,2
5835,Medium,0.6,0.12,1,0.87,0.53,0.86,4,0.432,P2,Team_C,Medium,3
5836,Medium,0.6,0.65,1,0.61,0.74,0.56,1,0.586,P2,Team_A,Medium,2
5837,High,0.9,0.62,4,0.45,0.82,0.4,2,0.734,P1,Team_B,High,5
5838,Low,0.3,0.43,4,0.96,0.47,0.8,3,0.247,P3,Team_B,Low,1
5839,Low,0.3,0.54,1,0.85,0.44,0.83,1,0.359,P3,Team_C,Low,1
5840,Medium,0.6,0.34,4,0.9,0.9,0.82,0,0.362,P3,Team_B,Low,1
5841,Medium,0.6,0.63,4,0.46,0.55,0.7,2,0.498,P2,Team_C,Medium,3
5842,Low,0.3,0.41,3,0.88,0.76,0.45,7,0.302,P3,Team_B,Low,1
5843,Medium,0.6,0.82,4,0.67,0.85,0.52,4,0.557,P2,Team_B,Medium,3
5844,Low,0.3,0.94,4,0.97,0.87,0.44,0,0.523,P2,Team_B,Medium,3
5845,Medium,0.6,0.6,4,0.71,0.54,0.3,3,0.599,P2,Team_A,Medium,3
5846,Medium,0.6,0.27,2,0.58,0.73,0.35,2,0.448,P2,Team_C,Medium,2
5847,Low,0.3,0.8,4,0.99,0.83,0.44,3,0.411,P3,Team_C,Low,1
5848,Medium,0.6,0.39,3,0.63,0.65,0.5,3,0.414,P3,Team_C,Low,1
5849,Low,0.3,0.93,4,0.36,0.78,0.99,4,0.303,P3,Team_C,Low,1
5850,Low,0.3,0.33,2,0.89,0.93,0.4,5,0.315,P3,Team_C,Low,1
5851,Low,0.3,0.63,3,0.78,0.5,0.36,5,0.46,P2,Team_B,Medium,2
5852,Medium,0.6,0.98,2,0.56,0.52,0.95,2,0.602,P2,Team_C,Medium,3
5853,Low,0.3,0.85,1,0.16,0.61,0.75,4,0.392,P3,Team_C,Low,1
5854,Low,0.3,0.51,3,0.81,0.69,0.62,1,0.343,P3,Team_B,Low,1
5855,High,0.9,0.14,1,0.85,0.96,0.87,6,0.593,P2,Team_A,Medium,3
5856,Medium,0.6,0.11,2,0.79,0.9,0.43,3,0.442,P2,Team_B,Medium,2
5857,High,0.9,0.5,1,0.39,0.52,0.74,4,0.702,P1,Team_C,High,5
5858,Medium,0.6,0.64,4,0.44,0.82,0.66,2,0.505,P2,Team_B,Medium,3
5859,Low,0.3,0.87,2,0.18,0.62,0.46,3,0.389,P3,Team_C,Low,1
5860,Medium,0.6,0.6,1,0.87,0.93,0.98,5,0.473,P2,Team_B,Medium,2
5861,High,0.9,0.29,2,0.66,0.48,0.53,5,0.625,P2,Team_C,Medium,3
5862,High,0.9,0.67,4,0.79,0.5,0.52,3,0.759,P1,Team_C,High,5
5863,Low,0.3,0.06,1,0.74,0.67,0.5,2,0.197,P3,Team_C,Low,1
5864,High,0.9,0.67,1,0.65,0.42,0.41,3,0.716,P1,Team_C,High,4
5865,Low,0.3,0.06,4,0.41,0.86,0.44,5,0.286,P3,Team_B,Low,1
5866,Medium,0.6,0.09,2,0.85,0.85,0.88,4,0.386,P3,Team_B,Low,1
5867,Low,0.3,0.05,2,0.47,0.73,0.7,7,0.215,P3,Team_C,Low,1
5868,Low,0.3,0.45,1,0.53,0.68,0.49,2,0.383,P3,Team_C,Low,1
5869,Low,0.3,0.76,1,0.74,0.36,0.77,3,0.454,P2,Team_B,Medium,3
5870,Medium,0.6,0.37,2,0.66,0.57,1.0,1,0.484,P2,Team_C,Medium,3
5871,Low,0.3,0.35,4,0.49,0.77,0.57,5,0.351,P3,Team_B,Low,1
5872,Low,0.3,0.76,1,0.71,0.56,0.83,3,0.366,P3,Team_B,Low,1
5873,High,0.9,0.3,4,0.61,0.62,1.0,0,0.528,P2,Team_C,Medium,3
5874,Low,0.3,0.41,4,0.74,0.91,0.37,3,0.254,P3,Team_C,Low,1
5875,Medium,0.6,0.87,1,0.54,0.62,0.62,2,0.59,P2,Team_C,Medium,3
5876,Low,0.3,0.46,4,0.64,0.78,0.43,7,0.396,P3,Team_B,Low,1
5877,Medium,0.6,0.42,2,0.85,0.52,0.31,0,0.588,P2,Team_A,Medium,3
5878,High,0.9,0.41,4,0.72,0.89,0.99,2,0.544,P2,Team_B,Medium,3
5879,Medium,0.6,0.23,1,0.46,0.61,0.67,3,0.466,P2,Team_C,Medium,3
5880,High,0.9,0.8,2,0.65,0.59,0.47,8,0.781,P1,Team_C,High,6
5881,Medium,0.6,0.48,2,0.73,0.72,0.84,2,0.467,P2,Team_C,Medium,2
5882,Low,0.3,0.4,1,0.57,0.69,0.48,2,0.361,P3,Team_C,Low,1
5883,Medium,0.6,0.6,2,0.51,0.74,0.86,2,0.512,P2,Team_C,Medium,2
5884,Low,0.3,0.46,4,0.87,0.67,0.92,5,0.287,P3,Team_B,Low,1
5885,Medium,0.6,0.06,2,0.64,0.51,0.8,2,0.533,P2,Team_C,Medium,2
5886,Medium,0.6,0.44,4,0.61,0.76,0.42,3,0.613,P2,Team_B,Medium,2
5887,Medium,0.6,0.8,1,0.67,0.7,0.71,3,0.62,P2,Team_A,Medium,3
5888,Medium,0.6,0.67,3,0.61,0.78,0.59,4,0.516,P2,Team_B,Medium,2
5889,Low,0.3,0.8,3,0.77,0.57,0.77,2,0.435,P2,Team_C,Medium,3
5890,Low,0.3,0.8,4,0.46,0.52,0.53,2,0.453,P2,Team_B,Medium,2
5891,Medium,0.6,0.77,3,0.82,0.56,0.48,3,0.669,P1,Team_C,High,5
5892,Low,0.3,0.74,3,0.82,0.5,0.79,3,0.338,P3,Team_C,Low,1
5893,High,0.9,0.8,1,0.74,0.72,0.36,6,0.822,P1,Team_B,High,4
5894,Low,0.3,0.44,3,0.88,0.74,0.75,1,0.265,P3,Team_B,Low,1
5895,High,0.9,0.59,3,0.9,0.85,0.31,4,0.694,P1,Team_A,High,4
5896,Low,0.3,0.59,1,0.58,0.89,0.96,2,0.327,P3,Team_B,Low,1
5897,Medium,0.6,0.62,2,0.8,0.64,0.52,1,0.488,P2,Team_C,Medium,3
5898,Low,0.3,0.55,2,0.56,0.93,0.32,3,0.39,P3,Team_C,Low,1
5899,Medium,0.6,0.47,3,0.61,0.45,0.67,2,0.515,P2,Team_C,Medium,2
5900,Medium,0.6,0.65,2,0.82,0.85,0.42,2,0.567,P2,Team_B,Medium,3
5901,Medium,0.6,0.61,4,0.75,0.88,0.46,2,0.503,P2,Team_B,Medium,3
5902,Medium,0.6,0.63,4,0.6,0.76,0.67,8,0.529,P2,Team_B,Medium,3
5903,Medium,0.6,0.16,3,0.89,0.46,0.67,5,0.526,P2,Team_C,Medium,2
5904,Medium,0.6,0.17,3,0.65,0.37,0.67,1,0.452,P2,Team_C,Medium,3
5905,High,0.9,0.84,3,0.95,0.71,0.9,2,0.763,P1,Team_A,High,5
5906,High,0.9,0.78,1,0.62,0.84,0.73,2,0.742,P1,Team_B,High,5
5907,Medium,0.6,0.26,2,0.76,0.85,0.35,3,0.469,P2,Team_B,Medium,3
5908,Low,0.3,0.32,4,0.77,0.64,0.92,3,0.254,P3,Team_C,Low,1
5909,Low,0.3,0.42,4,0.68,0.57,0.52,4,0.348,P3,Team_C,Low,1
5910,Medium,0.6,0.58,1,0.78,0.34,0.93,4,0.539,P2,Team_A,Medium,2
5911,Medium,0.6,0.15,4,0.84,0.87,0.69,4,0.416,P3,Team_B,Low,1
5912,Low,0.3,0.75,1,0.81,0.48,0.74,3,0.466,P2,Team_B,Medium,2
5913,High,0.9,0.3,4,0.58,0.71,0.32,2,0.61,P2,Team_B,Medium,3
5914,Low,0.3,0.12,3,0.51,0.57,0.39,3,0.402,P3,Team_C,Low,1
5915,High,0.9,0.92,3,0.73,0.29,0.4,0,0.825,P1,Team_C,High,5
5916,High,0.9,0.55,1,0.47,0.94,0.8,3,0.617,P2,Team_B,Medium,2
5917,Medium,0.6,0.12,3,0.34,0.73,0.5,4,0.479,P2,Team_C,Medium,3
5918,High,0.9,0.68,4,0.71,0.59,0.66,1,0.751,P1,Team_C,High,6
5919,Medium,0.6,0.41,3,0.76,0.81,0.9,3,0.549,P2,Team_B,Medium,3
5920,Medium,0.6,0.4,3,0.92,0.48,0.63,2,0.545,P2,Team_A,Medium,3
5921,Medium,0.6,0.3,1,0.93,0.92,0.68,3,0.461,P2,Team_B,Medium,3
5922,Low,0.3,0.48,2,0.81,0.48,0.96,2,0.28,P3,Team_C,Low,1
5923,Low,0.3,0.39,3,0.75,0.88,0.53,3,0.328,P3,Team_B,Low,1
5924,High,0.9,0.55,3,0.72,0.74,0.4,4,0.781,P1,Team_B,High,5
5925,High,0.9,0.42,4,0.71,0.48,0.42,3,0.77,P1,Team_C,High,5
5926,Low,0.3,0.44,2,0.72,0.59,0.91,3,0.329,P3,Team_B,Low,1
5927,Medium,0.6,0.34,4,0.7,0.49,0.82,4,0.408,P3,Team_A,Low,1
5928,Medium,0.6,0.56,1,0.8,0.21,0.59,2,0.587,P2,Team_A,Medium,3
5929,Low,0.3,0.37,4,0.94,0.74,0.51,2,0.213,P3,Team_B,Low,1
5930,Low,0.3,0.56,3,0.65,0.47,0.35,2,0.453,P2,Team_C,Medium,2
5931,Medium,0.6,0.54,3,0.79,0.64,0.61,5,0.601,P2,Team_C,Medium,3
5932,High,0.9,0.62,1,0.77,0.51,0.93,3,0.686,P1,Team_C,High,6
5933,High,0.9,0.67,1,0.91,0.77,0.76,2,0.796,P1,Team_A,High,5
5934,High,0.9,0.46,1,0.68,0.62,0.58,4,0.677,P1,Team_C,High,5
5935,High,0.9,0.65,1,0.86,0.49,0.4,5,0.811,P1,Team_A,High,5
5936,High,0.9,0.63,3,0.92,0.35,0.72,4,0.742,P1,Team_A,High,6
5937,Medium,0.6,0.6,2,0.71,0.38,0.55,1,0.571,P2,Team_C,Medium,3
5938,Low,0.3,0.7,2,0.82,0.36,0.36,5,0.456,P2,Team_C,Medium,3
5939,Medium,0.6,0.41,1,0.73,0.56,0.8,2,0.559,P2,Team_C,Medium,3
5940,High,0.9,0.32,1,0.85,0.58,0.75,2,0.554,P2,Team_A,Medium,2
5941,High,0.9,0.05,3,0.64,0.78,0.73,4,0.527,P2,Team_B,Medium,3
5942,High,0.9,0.3,2,0.72,0.74,0.34,2,0.636,P2,Team_B,Medium,3
5943,Low,0.3,0.78,2,0.62,0.7,0.9,1,0.417,P3,Team_C,Low,1
5944,Low,0.3,0.36,4,0.89,0.27,0.39,1,0.311,P3,Team_C,Low,1
5945,High,0.9,0.25,1,0.89,0.79,0.9,3,0.545,P2,Team_A,Medium,2
5946,Medium,0.6,0.79,3,0.86,0.73,0.6,1,0.525,P2,Team_A,Medium,2
5947,High,0.9,0.15,2,0.8,0.77,0.88,2,0.545,P2,Team_A,Medium,2
5948,Low,0.3,0.74,4,0.72,0.57,0.71,1,0.472,P2,Team_B,Medium,2
5949,Low,0.3,0.1,3,0.53,0.3,0.87,4,0.273,P3,Team_B,Low,1
5950,High,0.9,0.28,2,0.76,0.57,0.35,2,0.628,P2,Team_C,Medium,3
5951,Low,0.3,0.83,3,0.66,0.83,0.43,9,0.452,P2,Team_C,Medium,2
5952,Low,0.3,0.6,2,0.42,0.77,0.69,4,0.292,P3,Team_C,Low,1
5953,Medium,0.6,0.47,1,0.47,0.5,0.86,3,0.533,P2,Team_A,Medium,2
5954,Low,0.3,0.56,4,0.45,0.49,0.84,7,0.427,P2,Team_B,Medium,2
5955,High,0.9,0.5,2,0.91,0.87,0.75,1,0.644,P2,Team_A,Medium,2
5956,High,0.9,0.42,2,0.72,0.66,0.7,2,0.669,P1,Team_C,High,4
5957,Low,0.3,0.56,2,0.74,0.77,0.6,4,0.266,P3,Team_C,Low,1
5958,Low,0.3,0.08,2,0.54,0.47,0.91,4,0.344,P3,Team_B,Low,1
5959,Low,0.3,0.35,1,0.72,0.9,0.36,3,0.325,P3,Team_B,Low,1
5960,Low,0.3,0.45,3,0.51,0.6,0.94,1,0.322,P3,Team_B,Low,1
5961,Medium,0.6,0.61,3,0.84,0.73,0.48,3,0.531,P2,Team_A,Medium,3
5962,Medium,0.6,0.19,4,0.94,0.62,0.58,7,0.479,P2,Team_A,Medium,3
5963,Low,0.3,0.9,4,0.55,0.57,0.55,7,0.357,P3,Team_B,Low,1
5964,Low,0.3,0.44,1,0.58,0.6,0.35,5,0.398,P3,Team_B,Low,1
5965,High,0.9,0.7,1,0.97,0.78,0.43,2,0.828,P1,Team_A,High,4
5966,Low,0.3,0.22,2,0.77,0.54,0.38,5,0.338,P3,Team_C,Low,1
5967,Low,0.3,0.34,4,0.83,0.93,0.42,3,0.333,P3,Team_C,Low,1
5968,High,0.9,0.53,1,0.63,0.62,0.4,3,0.686,P1,Team_C,High,6
5969,Medium,0.6,0.76,4,0.53,0.59,0.39,2,0.596,P2,Team_A,Medium,3
5970,High,0.9,0.58,1,0.68,0.74,0.73,2,0.711,P1,Team_B,High,5
5971,High,0.9,0.72,2,0.47,0.78,0.83,5,0.673,P1,Team_B,High,5
5972,High,0.9,0.52,3,0.38,0.83,0.39,5,0.666,P1,Team_B,High,6
5973,High,0.9,0.55,2,0.3,0.67,0.53,3,0.639,P2,Team_C,Medium,3
5974,High,0.9,0.33,1,0.55,0.7,0.47,3,0.635,P2,Team_B,Medium,3
5975,Medium,0.6,0.72,2,0.72,0.73,0.77,2,0.56,P2,Team_C,Medium,2
5976,Low,0.3,0.22,3,0.84,0.75,0.61,1,0.244,P3,Team_C,Low,1
5977,Low,0.3,0.21,3,0.6,0.78,0.74,1,0.293,P3,Team_C,Low,1
5978,Low,0.3,0.43,4,0.51,0.34,0.84,4,0.391,P3,Team_B,Low,1
5979,High,0.9,0.82,3,0.49,0.54,0.45,6,0.752,P1,Team_C,High,4
5980,High,0.9,0.08,3,0.71,0.97,0.57,2,0.531,P2,Team_B,Medium,2
5981,Medium,0.6,0.27,3,0.15,0.78,0.45,2,0.506,P2,Team_B,Medium,2
5982,Low,0.3,0.15,3,0.81,0.45,0.99,2,0.322,P3,Team_B,Low,1
5983,Medium,0.6,0.59,3,0.77,0.62,0.79,1,0.528,P2,Team_C,Medium,2
5984,Medium,0.6,0.51,3,0.71,0.77,0.67,5,0.528,P2,Team_B,Medium,3
5985,Medium,0.6,0.16,4,0.89,0.94,0.84,4,0.434,P2,Team_B,Medium,2
5986,Low,0.3,0.24,1,0.7,0.57,0.94,2,0.289,P3,Team_B,Low,1
5987,High,0.9,0.37,1,0.57,0.95,0.73,1,0.728,P1,Team_B,High,5
5988,Low,0.3,0.26,4,0.75,0.64,0.57,1,0.393,P3,Team_C,Low,1
5989,Low,0.3,0.09,1,0.75,0.55,0.99,2,0.187,P3,Team_C,Low,1
5990,Medium,0.6,0.65,2,0.62,0.54,0.67,2,0.585,P2,Team_C,Medium,2
5991,High,0.9,0.12,2,0.76,0.96,0.47,5,0.633,P2,Team_B,Medium,3
5992,Low,0.3,0.73,1,0.46,0.9,0.88,5,0.381,P3,Team_B,Low,1
5993,Low,0.3,0.48,4,0.91,0.79,0.51,4,0.461,P2,Team_B,Medium,3
5994,Medium,0.6,0.65,2,0.61,0.6,0.41,3,0.61,P2,Team_A,Medium,2
5995,Medium,0.6,0.72,1,0.86,0.47,0.68,2,0.634,P2,Team_A,Medium,2
5996,Medium,0.6,0.08,2,0.8,0.78,0.74,2,0.417,P3,Team_B,Low,1
5997,High,0.9,0.69,1,0.75,0.7,0.79,0,0.628,P2,Team_B,Medium,3
5998,Low,0.3,0.19,2,0.62,0.67,0.39,2,0.422,P2,Team_B,Medium,3
5999,Low,0.3,0.34,1,0.49,0.36,0.98,4,0.353,P3,Team_B,Low,1
6000,Low,0.3,0.17,3,0.72,0.89,0.94,4,0.164,P3,Team_B,Low,1
6001,Medium,0.6,0.34,2,0.28,0.76,0.58,1,0.395,P3,Team_B,Low,1
6002,Low,0.3,0.72,4,0.91,0.43,0.46,3,0.325,P3,Team_B,Low,1
6003,Low,0.3,0.26,2,0.75,0.51,0.96,5,0.355,P3,Team_B,Low,1
6004,Low,0.3,0.48,1,0.83,0.62,0.49,5,0.391,P3,Team_C,Low,1
6005,Low,0.3,0.49,1,0.83,0.61,0.91,4,0.322,P3,Team_B,Low,1
6006,Medium,0.6,0.19,2,0.73,0.73,0.58,3,0.388,P3,Team_C,Low,1
6007,Low,0.3,0.41,2,0.53,0.83,0.66,4,0.341,P3,Team_C,Low,1
6008,High,0.9,0.5,4,0.45,0.68,0.71,1,0.652,P1,Team_C,High,4
6009,High,0.9,0.26,3,0.61,0.53,0.89,1,0.599,P2,Team_C,Medium,2
6010,High,0.9,0.71,2,0.92,0.93,0.34,4,0.706,P1,Team_A,High,5
6011,High,0.9,0.44,2,0.62,0.5,0.54,2,0.711,P1,Team_C,High,5
6012,High,0.9,0.33,3,0.88,0.63,0.51,3,0.607,P2,Team_A,Medium,2
6013,Low,0.3,0.14,2,0.81,0.84,0.79,0,0.305,P3,Team_B,Low,1
6014,Medium,0.6,0.26,1,0.84,0.7,0.9,3,0.466,P2,Team_C,Medium,2
6015,Low,0.3,0.58,4,0.85,0.75,0.57,3,0.366,P3,Team_C,Low,1
6016,Low,0.3,0.87,1,0.57,0.74,0.3,4,0.458,P2,Team_B,Medium,3
6017,Medium,0.6,0.23,3,0.85,0.62,0.42,2,0.448,P2,Team_A,Medium,2
6018,Low,0.3,0.62,3,0.82,0.86,0.88,4,0.354,P3,Team_B,Low,1
6019,Medium,0.6,0.37,1,0.86,0.7,0.93,3,0.563,P2,Team_A,Medium,2
6020,Medium,0.6,0.64,3,0.64,0.62,0.7,1,0.495,P2,Team_C,Medium,2
6021,Low,0.3,0.55,4,0.81,0.52,0.54,4,0.485,P2,Team_C,Medium,2
6022,Medium,0.6,0.74,1,0.83,0.65,0.68,2,0.546,P2,Team_C,Medium,3
6023,Low,0.3,0.52,1,0.77,1.0,0.86,3,0.336,P3,Team_B,Low,1
6024,Low,0.3,0.64,4,0.68,0.54,0.37,4,0.389,P3,Team_C,Low,1
6025,High,0.9,0.58,3,0.9,0.55,0.31,2,0.718,P1,Team_A,High,6
6026,Low,0.3,0.05,4,0.98,0.78,0.33,3,0.251,P3,Team_C,Low,1
6027,Low,0.3,0.34,1,0.72,0.61,0.62,6,0.382,P3,Team_B,Low,1
6028,Medium,0.6,0.87,1,0.84,0.82,0.74,0,0.52,P2,Team_B,Medium,3
6029,Medium,0.6,0.24,1,0.88,0.85,0.39,4,0.494,P2,Team_B,Medium,3
6030,Low,0.3,0.86,4,0.77,0.61,0.83,2,0.366,P3,Team_C,Low,1
6031,High,0.9,0.37,4,0.65,0.31,0.68,2,0.805,P1,Team_C,High,6
6032,Medium,0.6,0.78,4,0.8,0.54,0.49,3,0.562,P2,Team_A,Medium,3
6033,High,0.9,0.31,1,0.76,0.8,0.32,5,0.625,P2,Team_B,Medium,2
6034,Low,0.3,0.57,1,0.63,0.62,0.81,0,0.383,P3,Team_B,Low,1
6035,High,0.9,0.66,4,0.68,0.59,0.57,5,0.695,P1,Team_C,High,4
6036,High,0.9,0.21,3,0.58,0.66,0.41,4,0.654,P1,Team_C,High,6
6037,Medium,0.6,0.26,1,0.64,0.51,0.41,4,0.518,P2,Team_A,Medium,3
6038,Low,0.3,0.81,3,0.63,0.52,0.87,1,0.342,P3,Team_C,Low,1
6039,Low,0.3,0.66,1,0.87,0.76,0.68,4,0.457,P2,Team_C,Medium,3
6040,High,0.9,0.4,2,0.57,0.37,0.53,2,0.7,P1,Team_C,High,5
6041,Low,0.3,0.63,4,0.79,0.64,0.96,1,0.464,P2,Team_C,Medium,2
6042,Medium,0.6,0.47,4,0.93,0.5,0.59,5,0.478,P2,Team_A,Medium,3
6043,High,0.9,0.74,1,0.73,0.26,0.62,4,0.792,P1,Team_C,High,4
6044,Low,0.3,0.78,3,0.8,0.54,0.53,2,0.397,P3,Team_C,Low,1
6045,Medium,0.6,0.14,2,0.79,0.86,0.78,3,0.404,P3,Team_B,Low,1
6046,Low,0.3,0.47,4,0.68,0.67,0.78,5,0.291,P3,Team_B,Low,1
6047,Medium,0.6,0.86,4,0.86,0.4,0.58,3,0.694,P1,Team_C,High,6
6048,Medium,0.6,0.75,4,0.62,0.91,0.91,4,0.621,P2,Team_B,Medium,3
6049,High,0.9,0.89,1,0.64,0.39,0.9,2,0.812,P1,Team_C,High,4
6050,High,0.9,0.45,4,0.46,0.55,0.81,4,0.682,P1,Team_C,High,4
6051,High,0.9,0.59,2,0.73,0.82,0.55,2,0.649,P2,Team_B,Medium,3
6052,Low,0.3,0.73,3,0.78,0.87,0.55,2,0.33,P3,Team_C,Low,1
6053,Medium,0.6,0.12,2,0.9,0.73,0.37,3,0.538,P2,Team_A,Medium,3
6054,Medium,0.6,0.68,3,0.76,0.87,0.47,3,0.529,P2,Team_B,Medium,2
6055,Low,0.3,0.56,2,0.69,0.72,0.39,3,0.395,P3,Team_C,Low,1
6056,Low,0.3,0.82,1,0.84,0.7,0.91,5,0.466,P2,Team_B,Medium,2
6057,High,0.9,0.97,1,0.88,0.22,0.67,3,0.84,P1,Team_A,High,6
6058,Medium,0.6,0.82,3,0.72,0.91,0.91,4,0.523,P2,Team_B,Medium,3
6059,Low,0.3,0.85,3,0.47,0.55,0.53,3,0.402,P3,Team_B,Low,1
6060,Medium,0.6,0.8,1,0.68,0.66,0.42,0,0.625,P2,Team_C,Medium,3
6061,High,0.9,0.32,3,0.78,0.55,0.5,2,0.705,P1,Team_C,High,5
6062,Low,0.3,0.57,3,0.43,0.86,0.53,2,0.316,P3,Team_B,Low,1
6063,High,0.9,0.91,1,0.64,0.48,0.87,3,0.711,P1,Team_C,High,5
6064,Medium,0.6,0.39,4,0.75,0.75,0.68,4,0.465,P2,Team_B,Medium,2
6065,High,0.9,0.55,1,0.43,0.83,0.71,1,0.676,P1,Team_B,High,6
6066,High,0.9,0.18,4,0.9,0.72,0.83,3,0.578,P2,Team_A,Medium,3
6067,Medium,0.6,0.71,4,0.97,0.52,0.59,4,0.602,P2,Team_C,Medium,3
6068,Medium,0.6,0.76,2,0.67,0.58,0.94,2,0.531,P2,Team_A,Medium,3
6069,High,0.9,0.1,1,0.95,0.83,0.49,3,0.603,P2,Team_A,Medium,2
6070,Medium,0.6,0.15,1,0.52,0.71,0.39,5,0.495,P2,Team_C,Medium,3
6071,Low,0.3,0.29,2,0.86,0.65,0.62,4,0.282,P3,Team_C,Low,1
6072,Low,0.3,0.89,2,0.56,0.78,0.74,3,0.336,P3,Team_B,Low,1
6073,High,0.9,0.69,3,0.79,0.75,0.7,2,0.67,P1,Team_B,High,6
6074,Low,0.3,0.56,1,0.76,0.27,0.43,3,0.387,P3,Team_B,Low,1
6075,Medium,0.6,0.38,2,0.96,0.8,0.32,4,0.514,P2,Team_B,Medium,2
6076,High,0.9,0.29,3,0.7,0.68,0.62,6,0.642,P2,Team_C,Medium,2
6077,Low,0.3,0.56,4,0.54,0.8,0.9,4,0.231,P3,Team_B,Low,1
6078,Low,0.3,0.28,1,0.43,0.73,0.55,4,0.203,P3,Team_C,Low,1
6079,Low,0.3,0.29,2,0.77,0.85,1.0,5,0.279,P3,Team_B,Low,1
6080,Medium,0.6,0.47,3,0.62,0.72,0.82,2,0.563,P2,Team_A,Medium,3
6081,Low,0.3,0.56,1,0.65,0.73,0.66,4,0.284,P3,Team_B,Low,1
6082,Low,0.3,0.52,1,0.92,0.34,0.95,2,0.301,P3,Team_C,Low,1
6083,High,0.9,0.5,2,0.8,0.53,0.69,3,0.671,P1,Team_A,High,4
6084,Low,0.3,0.42,4,0.82,0.93,0.53,2,0.358,P3,Team_C,Low,1
6085,Low,0.3,0.75,3,0.59,0.6,0.95,0,0.378,P3,Team_C,Low,1
6086,Medium,0.6,0.27,2,0.91,0.84,0.42,3,0.471,P2,Team_B,Medium,2
6087,High,0.9,0.52,1,0.73,0.6,0.88,2,0.713,P1,Team_C,High,5
6088,Low,0.3,0.55,4,0.9,0.68,0.31,5,0.337,P3,Team_B,Low,1
6089,Low,0.3,0.21,2,0.66,0.72,0.69,2,0.32,P3,Team_B,Low,1
6090,Medium,0.6,0.29,3,0.68,0.68,0.72,5,0.454,P2,Team_C,Medium,3
6091,Medium,0.6,0.39,3,0.68,0.84,0.82,4,0.345,P3,Team_B,Low,1
6092,Medium,0.6,0.68,4,0.91,0.86,0.84,1,0.479,P2,Team_B,Medium,3
6093,High,0.9,0.61,4,0.9,0.51,0.43,1,0.71,P1,Team_A,High,4
6094,Medium,0.6,0.6,4,0.78,0.6,0.35,4,0.597,P2,Team_C,Medium,3
6095,Low,0.3,0.88,3,0.84,0.85,0.97,1,0.402,P3,Team_B,Low,1
6096,High,0.9,0.72,1,0.8,0.48,0.63,2,0.724,P1,Team_A,High,5
6097,High,0.9,0.07,3,0.81,0.6,0.66,1,0.546,P2,Team_A,Medium,2
6098,Low,0.3,0.83,2,0.65,0.69,0.41,5,0.41,P3,Team_B,Low,1
6099,High,0.9,0.38,2,0.76,0.66,0.59,7,0.69,P1,Team_C,High,4
6100,High,0.9,0.52,4,0.76,0.44,0.57,3,0.663,P1,Team_C,High,5
6101,Low,0.3,0.52,2,0.85,0.54,0.54,5,0.428,P2,Team_C,Medium,2
6102,Medium,0.6,0.85,3,0.48,0.69,0.89,6,0.57,P2,Team_C,Medium,3
6103,High,0.9,0.81,1,0.77,0.66,0.97,4,0.713,P1,Team_C,High,5
6104,Low,0.3,0.42,4,0.87,0.87,0.6,4,0.354,P3,Team_C,Low,1
6105,Medium,0.6,0.77,1,0.95,0.47,0.96,3,0.57,P2,Team_A,Medium,2
6106,Medium,0.6,0.51,3,0.7,0.42,0.81,2,0.584,P2,Team_C,Medium,3
6107,Medium,0.6,0.73,1,0.78,0.6,0.36,0,0.598,P2,Team_C,Medium,3
6108,Medium,0.6,0.46,3,0.61,0.44,0.78,3,0.512,P2,Team_A,Medium,2
6109,Low,0.3,0.36,4,0.96,0.82,0.86,4,0.276,P3,Team_C,Low,1
6110,Low,0.3,0.57,1,0.9,0.6,0.68,1,0.422,P2,Team_C,Medium,3
6111,Low,0.3,0.63,4,0.52,0.58,0.72,2,0.386,P3,Team_B,Low,1
6112,High,0.9,0.27,2,0.45,0.17,0.71,4,0.596,P2,Team_C,Medium,2
6113,Low,0.3,0.66,4,0.75,0.48,0.36,4,0.476,P2,Team_B,Medium,2
6114,Medium,0.6,0.6,1,0.61,0.56,0.82,1,0.482,P2,Team_C,Medium,3
6115,Low,0.3,0.41,2,0.57,0.9,0.77,4,0.35,P3,Team_B,Low,1
6116,Medium,0.6,0.49,3,0.85,0.81,0.52,7,0.65,P2,Team_B,Medium,3
6117,Low,0.3,0.72,2,0.67,0.53,0.72,3,0.375,P3,Team_C,Low,1
6118,Low,0.3,0.76,1,0.86,0.95,0.51,1,0.372,P3,Team_B,Low,1
6119,High,0.9,0.64,2,0.57,0.6,0.85,3,0.755,P1,Team_C,High,6
6120,Medium,0.6,0.55,3,0.97,0.51,0.91,3,0.501,P2,Team_A,Medium,3
6121,Low,0.3,0.85,3,0.92,0.6,0.89,4,0.38,P3,Team_B,Low,1
6122,Low,0.3,0.8,4,0.95,0.87,0.79,2,0.436,P2,Team_C,Medium,3
6123,Medium,0.6,0.26,2,0.97,0.63,0.76,3,0.553,P2,Team_C,Medium,3
6124,Low,0.3,0.26,2,0.55,0.36,0.75,3,0.369,P3,Team_B,Low,1
6125,Medium,0.6,0.19,4,0.64,0.86,1.0,3,0.464,P2,Team_B,Medium,2
6126,Low,0.3,0.35,1,0.93,0.88,0.56,3,0.285,P3,Team_B,Low,1
6127,Medium,0.6,0.64,2,0.8,0.79,0.73,4,0.51,P2,Team_B,Medium,3
6128,Medium,0.6,0.37,2,0.61,0.72,0.42,5,0.513,P2,Team_A,Medium,2
6129,High,0.9,0.69,1,0.85,0.64,0.71,3,0.686,P1,Team_A,High,5
6130,Low,0.3,0.52,1,0.87,0.61,0.53,1,0.269,P3,Team_C,Low,1
6131,Medium,0.6,0.69,4,0.76,0.91,0.56,5,0.541,P2,Team_B,Medium,2
6132,Medium,0.6,0.36,2,0.8,0.56,0.41,4,0.502,P2,Team_C,Medium,2
6133,High,0.9,0.59,2,0.66,0.14,0.63,1,0.816,P1,Team_C,High,6
6134,Low,0.3,0.61,4,0.83,0.51,0.65,2,0.454,P2,Team_C,Medium,2
6135,Medium,0.6,0.71,4,0.83,0.29,0.7,1,0.567,P2,Team_C,Medium,2
6136,Low,0.3,0.1,4,0.77,0.87,0.62,3,0.259,P3,Team_C,Low,1
6137,Low,0.3,0.34,2,0.84,0.25,0.69,2,0.376,P3,Team_B,Low,1
6138,Low,0.3,0.81,2,0.92,0.82,0.75,2,0.498,P2,Team_B,Medium,2
6139,High,0.9,0.8,1,0.86,0.61,0.91,4,0.814,P1,Team_A,High,6
6140,Medium,0.6,0.68,1,0.81,0.61,0.58,7,0.637,P2,Team_C,Medium,3
6141,Low,0.3,0.72,2,0.94,0.66,0.68,2,0.398,P3,Team_B,Low,1
6142,Low,0.3,0.61,4,0.44,0.64,0.75,2,0.365,P3,Team_B,Low,1
6143,Low,0.3,0.43,4,0.64,0.84,0.85,3,0.344,P3,Team_B,Low,1
6144,Low,0.3,0.53,4,0.69,0.58,0.78,2,0.305,P3,Team_C,Low,1
6145,Medium,0.6,0.19,3,0.81,0.7,0.36,4,0.533,P2,Team_A,Medium,2
6146,Low,0.3,0.76,2,0.5,0.76,0.39,2,0.357,P3,Team_C,Low,1
6147,Low,0.3,0.35,4,0.54,0.56,0.71,1,0.284,P3,Team_B,Low,1
6148,Low,0.3,0.43,1,0.81,0.93,0.39,4,0.347,P3,Team_B,Low,1
6149,Low,0.3,0.47,1,0.78,0.92,0.75,3,0.327,P3,Team_C,Low,1
6150,Medium,0.6,0.45,1,0.85,0.56,0.34,3,0.49,P2,Team_A,Medium,2
6151,Low,0.3,0.58,2,0.71,0.71,0.66,4,0.436,P2,Team_B,Medium,2
6152,Medium,0.6,0.21,3,0.88,0.45,0.75,0,0.539,P2,Team_A,Medium,2
6153,Low,0.3,0.29,2,0.77,0.65,0.59,1,0.363,P3,Team_C,Low,1
6154,Low,0.3,0.13,3,0.74,0.8,0.52,2,0.288,P3,Team_B,Low,1
6155,High,0.9,0.63,1,0.86,0.43,0.92,3,0.601,P2,Team_A,Medium,3
6156,Low,0.3,0.39,3,0.69,0.81,0.99,4,0.238,P3,Team_C,Low,1
6157,Low,0.3,0.16,2,0.47,0.69,0.47,2,0.318,P3,Team_C,Low,1
6158,Medium,0.6,0.29,1,0.82,0.67,0.83,3,0.598,P2,Team_A,Medium,3
6159,High,0.9,0.77,4,0.37,0.7,0.68,2,0.715,P1,Team_B,High,5
6160,Low,0.3,0.56,3,0.88,0.98,0.78,3,0.352,P3,Team_C,Low,1
6161,High,0.9,0.26,4,0.59,0.84,0.82,1,0.585,P2,Team_B,Medium,2
6162,Medium,0.6,0.53,3,0.87,0.77,0.99,2,0.476,P2,Team_B,Medium,3
6163,High,0.9,0.69,4,0.71,0.93,0.35,3,0.759,P1,Team_B,High,4
6164,Low,0.3,0.63,4,0.46,0.93,0.65,4,0.265,P3,Team_C,Low,1
6165,Low,0.3,0.57,4,0.84,0.5,0.53,2,0.432,P2,Team_B,Medium,2
6166,High,0.9,0.24,4,0.55,0.38,0.81,3,0.699,P1,Team_C,High,5
6167,High,0.9,0.41,3,0.58,0.67,0.89,1,0.676,P1,Team_C,High,4
6168,Medium,0.6,0.65,4,0.77,0.24,0.56,4,0.662,P1,Team_A,High,6
6169,High,0.9,0.76,2,0.79,0.8,0.56,0,0.72,P1,Team_B,High,4
6170,Medium,0.6,0.51,3,0.6,0.68,0.73,0,0.485,P2,Team_A,Medium,3
6171,Medium,0.6,0.17,2,0.96,0.76,0.79,1,0.342,P3,Team_B,Low,1
6172,Low,0.3,0.47,2,0.33,0.88,0.74,5,0.258,P3,Team_C,Low,1
6173,Low,0.3,0.33,1,0.71,0.79,0.61,1,0.373,P3,Team_C,Low,1
6174,Medium,0.6,0.8,3,0.91,0.77,0.77,2,0.618,P2,Team_B,Medium,2
6175,Low,0.3,0.56,3,0.63,0.32,0.6,5,0.381,P3,Team_B,Low,1
6176,Medium,0.6,0.72,4,0.94,0.91,0.51,2,0.586,P2,Team_B,Medium,3
6177,Low,0.3,0.48,4,0.78,0.92,0.43,6,0.399,P3,Team_C,Low,1
6178,Low,0.3,0.1,2,0.63,0.82,0.95,3,0.283,P3,Team_B,Low,1
6179,Low,0.3,0.82,1,0.62,0.78,0.53,6,0.414,P3,Team_B,Low,1
6180,High,0.9,0.68,3,0.73,0.39,0.76,0,0.813,P1,Team_C,High,5
6181,Medium,0.6,0.5,3,0.49,0.83,0.42,2,0.517,P2,Team_B,Medium,2
6182,Medium,0.6,0.42,2,0.85,0.45,0.52,4,0.63,P2,Team_C,Medium,3
6183,High,0.9,0.36,4,0.33,0.48,0.41,1,0.714,P1,Team_C,High,5
6184,Medium,0.6,0.19,1,0.85,0.89,0.59,5,0.43,P2,Team_B,Medium,2
6185,Medium,0.6,0.35,4,0.65,0.97,0.53,2,0.466,P2,Team_B,Medium,3
6186,Low,0.3,0.64,1,0.57,0.64,0.43,2,0.417,P3,Team_B,Low,1
6187,Low,0.3,0.25,2,0.56,0.67,0.37,2,0.352,P3,Team_C,Low,1
6188,Medium,0.6,0.53,2,0.64,0.44,0.53,0,0.67,P1,Team_A,High,6
6189,Low,0.3,0.69,2,0.92,0.46,0.32,4,0.437,P2,Team_B,Medium,2
6190,High,0.9,0.54,3,0.9,0.37,0.67,5,0.749,P1,Team_A,High,5
6191,High,0.9,0.26,3,0.75,0.43,0.77,7,0.634,P2,Team_C,Medium,2
6192,High,0.9,0.64,4,0.84,0.62,0.33,0,0.825,P1,Team_A,High,6
6193,Low,0.3,0.41,2,0.75,0.74,0.63,2,0.297,P3,Team_B,Low,1
6194,Medium,0.6,0.33,2,0.47,0.63,0.98,2,0.414,P3,Team_A,Low,1
6195,Low,0.3,0.64,1,0.89,0.43,0.88,3,0.314,P3,Team_C,Low,1
6196,Low,0.3,0.94,3,0.71,0.78,0.98,5,0.336,P3,Team_B,Low,1
6197,Medium,0.6,0.18,4,0.78,0.56,0.96,3,0.483,P2,Team_A,Medium,2
6198,Low,0.3,0.17,3,0.88,0.61,0.48,3,0.303,P3,Team_B,Low,1
6199,High,0.9,0.4,1,0.84,0.7,0.38,1,0.724,P1,Team_A,High,6
6200,Low,0.3,0.55,1,0.86,0.83,0.49,2,0.355,P3,Team_B,Low,1
6201,High,0.9,0.83,1,0.61,0.43,0.34,2,0.8,P1,Team_C,High,4
6202,Medium,0.6,0.52,4,0.78,0.37,0.45,1,0.661,P1,Team_A,High,5
6203,Low,0.3,0.14,3,0.59,0.68,0.55,6,0.353,P3,Team_B,Low,1
6204,Low,0.3,0.49,1,0.59,0.59,0.79,6,0.351,P3,Team_B,Low,1
6205,Low,0.3,0.64,4,0.61,0.76,0.65,2,0.415,P3,Team_B,Low,1
6206,Medium,0.6,0.65,1,0.61,0.91,0.49,7,0.581,P2,Team_B,Medium,2
6207,High,0.9,0.47,3,0.85,0.79,0.77,6,0.568,P2,Team_A,Medium,2
6208,Medium,0.6,0.14,1,0.8,0.76,0.83,2,0.427,P2,Team_B,Medium,3
6209,Medium,0.6,0.3,1,0.68,0.76,0.66,4,0.455,P2,Team_B,Medium,2
6210,Low,0.3,0.4,2,0.44,0.82,0.32,1,0.354,P3,Team_B,Low,1
6211,High,0.9,0.48,3,0.55,0.55,0.43,4,0.746,P1,Team_C,High,5
6212,High,0.9,0.58,4,0.5,0.28,0.95,3,0.683,P1,Team_C,High,6
6213,High,0.9,0.85,2,0.85,0.71,0.42,2,0.705,P1,Team_A,High,5
6214,High,0.9,0.58,4,0.68,0.92,0.87,7,0.686,P1,Team_B,High,4
6215,High,0.9,0.74,1,0.87,0.53,0.52,2,0.738,P1,Team_A,High,4
6216,High,0.9,0.31,2,0.53,0.72,0.37,6,0.64,P2,Team_B,Medium,3
6217,High,0.9,0.57,1,0.43,0.62,0.95,3,0.631,P2,Team_C,Medium,3
6218,Low,0.3,0.87,2,0.95,0.65,0.9,2,0.344,P3,Team_B,Low,1
6219,Medium,0.6,0.73,3,0.92,0.81,0.74,2,0.597,P2,Team_B,Medium,2
6220,Medium,0.6,0.91,4,0.61,0.46,0.41,4,0.7,P1,Team_C,High,5
6221,Medium,0.6,0.45,3,0.77,0.82,0.64,2,0.492,P2,Team_B,Medium,3
6222,Medium,0.6,0.67,1,0.8,0.55,0.65,3,0.605,P2,Team_A,Medium,3
6223,Low,0.3,0.33,1,0.67,0.86,0.81,4,0.25,P3,Team_B,Low,1
6224,High,0.9,0.18,2,0.76,0.83,0.45,5,0.561,P2,Team_B,Medium,2
6225,High,0.9,0.38,1,0.48,0.61,0.62,3,0.688,P1,Team_C,High,5
6226,Medium,0.6,0.81,1,0.93,0.67,0.84,3,0.57,P2,Team_A,Medium,2
6227,Medium,0.6,0.36,3,0.73,0.78,0.49,3,0.528,P2,Team_B,Medium,2
6228,High,0.9,0.27,3,0.84,0.45,0.55,3,0.615,P2,Team_A,Medium,2
6229,Medium,0.6,0.22,2,0.49,0.08,0.53,2,0.547,P2,Team_C,Medium,2
6230,High,0.9,0.69,4,0.8,0.37,0.49,2,0.753,P1,Team_A,High,4
6231,Low,0.3,0.59,3,0.46,0.67,0.4,2,0.367,P3,Team_B,Low,1
6232,High,0.9,0.91,4,0.76,0.66,0.8,3,0.675,P1,Team_C,High,4
6233,High,0.9,0.24,2,0.47,0.52,0.64,5,0.646,P2,Team_C,Medium,2
6234,Low,0.3,0.4,3,0.71,0.76,0.83,1,0.23,P3,Team_C,Low,1
6235,Low,0.3,0.5,1,0.38,0.9,0.9,3,0.368,P3,Team_C,Low,1
6236,High,0.9,0.76,1,0.49,0.79,0.3,1,0.733,P1,Team_B,High,5
6237,Low,0.3,0.32,1,0.93,0.56,0.94,2,0.294,P3,Team_B,Low,1
6238,High,0.9,0.64,2,0.48,0.5,0.86,1,0.694,P1,Team_C,High,5
6239,High,0.9,0.3,1,0.78,0.74,0.66,3,0.66,P1,Team_B,High,4
6240,High,0.9,0.41,3,0.83,0.74,0.41,4,0.741,P1,Team_A,High,6
6241,High,0.9,0.24,3,0.81,0.73,0.66,4,0.63,P2,Team_A,Medium,3
6242,Low,0.3,0.75,4,0.74,0.61,0.68,0,0.319,P3,Team_C,Low,1
6243,Low,0.3,0.86,2,0.68,0.53,0.47,4,0.419,P3,Team_C,Low,1
6244,Medium,0.6,0.93,3,0.87,0.9,0.43,3,0.7,P1,Team_B,High,6
6245,High,0.9,0.39,3,0.85,0.95,0.77,1,0.628,P2,Team_A,Medium,2
6246,High,0.9,0.59,2,0.71,0.45,0.6,1,0.762,P1,Team_C,High,5
6247,Low,0.3,0.12,2,0.22,0.79,0.81,3,0.201,P3,Team_C,Low,1
6248,High,0.9,0.74,4,0.93,0.32,0.55,5,0.798,P1,Team_A,High,4
6249,Medium,0.6,0.24,3,0.64,0.93,0.38,3,0.436,P2,Team_B,Medium,2
6250,High,0.9,0.16,4,0.78,0.69,0.4,0,0.581,P2,Team_C,Medium,3
6251,Medium,0.6,0.24,3,0.62,0.59,0.66,2,0.541,P2,Team_C,Medium,3
6252,Low,0.3,0.51,4,0.69,0.75,0.88,4,0.206,P3,Team_C,Low,1
6253,High,0.9,0.59,3,0.72,0.31,0.67,2,0.686,P1,Team_C,High,4
6254,Medium,0.6,0.74,3,0.81,0.42,0.78,2,0.495,P2,Team_C,Medium,2
6255,Low,0.3,0.6,4,0.79,0.63,0.82,3,0.449,P2,Team_B,Medium,2
6256,Medium,0.6,0.56,2,0.59,0.76,0.89,3,0.539,P2,Team_B,Medium,3
6257,Low,0.3,0.32,3,0.85,0.79,0.9,4,0.299,P3,Team_B,Low,1
6258,Medium,0.6,0.52,2,0.68,0.68,0.45,6,0.493,P2,Team_C,Medium,2
6259,High,0.9,0.49,4,0.35,0.28,0.82,5,0.713,P1,Team_C,High,4
6260,Low,0.3,0.26,2,0.85,0.77,0.79,2,0.362,P3,Team_C,Low,1
6261,Low,0.3,0.74,2,0.66,0.76,0.51,2,0.331,P3,Team_B,Low,1
6262,High,0.9,0.29,3,0.78,0.84,0.62,4,0.577,P2,Team_B,Medium,3
6263,Medium,0.6,0.86,1,0.67,0.54,0.92,2,0.554,P2,Team_A,Medium,3
6264,Medium,0.6,0.4,2,0.7,0.43,0.56,4,0.549,P2,Team_C,Medium,2
6265,Low,0.3,0.89,4,0.63,0.31,0.31,4,0.41,P3,Team_B,Low,1
6266,Low,0.3,0.61,3,0.76,0.62,0.35,4,0.427,P2,Team_B,Medium,2
6267,High,0.9,0.43,1,0.82,0.91,0.91,4,0.595,P2,Team_A,Medium,2
6268,Low,0.3,0.55,4,0.59,0.6,0.5,2,0.383,P3,Team_C,Low,1
6269,High,0.9,0.22,2,0.81,0.86,0.72,5,0.721,P1,Team_A,High,4
6270,High,0.9,0.49,1,0.51,0.4,0.89,2,0.686,P1,Team_C,High,4
6271,Medium,0.6,0.57,3,0.83,0.79,0.84,3,0.538,P2,Team_B,Medium,2
6272,Medium,0.6,0.41,3,0.25,0.69,0.9,2,0.408,P3,Team_A,Low,1
6273,Low,0.3,0.17,2,0.51,0.85,0.73,2,0.192,P3,Team_B,Low,1
6274,Medium,0.6,0.47,3,0.55,0.84,0.82,1,0.452,P2,Team_B,Medium,2
6275,High,0.9,0.41,3,0.52,0.64,0.61,2,0.656,P1,Team_C,High,5
6276,High,0.9,0.74,4,0.66,0.65,0.79,3,0.635,P2,Team_C,Medium,2
6277,Medium,0.6,0.75,4,0.85,0.84,0.96,4,0.53,P2,Team_B,Medium,2
6278,Medium,0.6,0.2,3,0.65,0.74,0.72,3,0.406,P3,Team_A,Low,1
6279,Low,0.3,0.56,2,0.71,0.7,0.86,7,0.406,P3,Team_B,Low,1
6280,High,0.9,0.2,1,0.3,0.97,0.4,1,0.662,P1,Team_B,High,4
6281,Medium,0.6,0.33,2,0.62,0.34,0.89,1,0.545,P2,Team_A,Medium,2
6282,Low,0.3,0.23,2,0.86,0.59,0.77,1,0.343,P3,Team_B,Low,1
6283,High,0.9,0.59,4,0.85,0.89,0.34,2,0.732,P1,Team_A,High,5
6284,High,0.9,0.6,2,0.79,0.82,0.96,4,0.609,P2,Team_B,Medium,3
6285,Low,0.3,0.54,3,0.7,0.92,0.51,5,0.277,P3,Team_B,Low,1
6286,High,0.9,0.15,2,0.62,0.59,0.57,2,0.622,P2,Team_C,Medium,3
6287,High,0.9,0.7,1,0.53,0.15,0.61,4,0.787,P1,Team_C,High,5
6288,Low,0.3,0.31,2,0.82,0.71,0.81,4,0.233,P3,Team_C,Low,1
6289,High,0.9,0.63,4,0.84,0.82,0.35,4,0.725,P1,Team_A,High,4
6290,High,0.9,0.26,4,0.86,0.83,0.55,1,0.605,P2,Team_A,Medium,3
6291,Medium,0.6,0.46,4,0.5,0.85,0.66,1,0.498,P2,Team_B,Medium,3
6292,Low,0.3,0.09,4,0.83,0.75,0.53,4,0.306,P3,Team_C,Low,1
6293,Medium,0.6,0.61,3,0.92,0.67,0.4,5,0.554,P2,Team_A,Medium,2
6294,Low,0.3,0.87,1,0.88,0.75,0.35,4,0.407,P3,Team_C,Low,1
6295,Low,0.3,0.72,1,0.85,0.95,0.67,3,0.276,P3,Team_C,Low,1
6296,High,0.9,0.63,2,0.95,0.68,0.86,4,0.658,P1,Team_A,High,6
6297,Medium,0.6,0.47,4,0.58,0.38,0.42,5,0.553,P2,Team_C,Medium,3
6298,Medium,0.6,0.41,1,0.63,0.88,0.54,1,0.468,P2,Team_B,Medium,2
6299,High,0.9,0.73,3,0.49,0.96,0.95,2,0.67,P1,Team_B,High,5
6300,High,0.9,0.52,3,0.96,0.77,0.77,4,0.663,P1,Team_A,High,5
6301,Medium,0.6,0.28,4,0.87,0.6,0.48,2,0.434,P2,Team_C,Medium,3
6302,Medium,0.6,0.44,1,0.86,0.91,0.45,3,0.484,P2,Team_B,Medium,3
6303,High,0.9,0.73,1,0.67,0.48,0.7,6,0.738,P1,Team_C,High,5
6304,High,0.9,0.25,2,0.75,0.9,0.82,3,0.531,P2,Team_B,Medium,2
6305,Low,0.3,0.69,2,0.88,0.47,0.91,3,0.363,P3,Team_B,Low,1
6306,High,0.9,0.31,4,0.84,0.69,0.62,3,0.697,P1,Team_A,High,5
6307,Medium,0.6,0.35,4,0.88,0.77,0.79,3,0.419,P3,Team_B,Low,1
6308,Low,0.3,0.8,4,0.63,0.84,0.77,4,0.313,P3,Team_C,Low,1
6309,Low,0.3,0.67,1,0.73,0.98,0.64,0,0.359,P3,Team_B,Low,1
6310,High,0.9,0.11,3,0.82,0.77,0.91,3,0.532,P2,Team_A,Medium,2
6311,Medium,0.6,0.71,2,0.8,0.61,0.76,4,0.612,P2,Team_A,Medium,3
6312,High,0.9,0.54,1,0.89,0.69,0.74,3,0.678,P1,Team_A,High,6
6313,Low,0.3,0.29,3,0.58,0.65,0.82,2,0.209,P3,Team_B,Low,1
6314,High,0.9,0.24,4,0.94,0.9,0.69,4,0.621,P2,Team_A,Medium,2
6315,Low,0.3,0.17,4,0.58,0.63,0.46,6,0.394,P3,Team_B,Low,1
6316,Medium,0.6,0.45,1,0.68,0.86,0.37,2,0.516,P2,Team_B,Medium,2
6317,Low,0.3,0.16,2,0.76,0.81,0.96,4,0.341,P3,Team_C,Low,1
6318,Low,0.3,0.52,1,0.56,0.82,0.92,3,0.253,P3,Team_B,Low,1
6319,Medium,0.6,0.44,2,0.66,0.89,0.81,3,0.436,P2,Team_B,Medium,2
6320,High,0.9,0.16,4,0.67,0.78,0.54,4,0.6,P2,Team_B,Medium,3
6321,High,0.9,0.39,4,0.81,0.81,0.71,6,0.558,P2,Team_A,Medium,3
6322,Low,0.3,0.73,4,0.89,0.44,0.43,4,0.393,P3,Team_B,Low,1
6323,High,0.9,0.84,1,0.85,0.61,0.83,3,0.737,P1,Team_A,High,5
6324,High,0.9,0.23,3,0.64,0.78,0.54,3,0.594,P2,Team_B,Medium,3
6325,Medium,0.6,0.21,3,0.76,0.68,0.83,5,0.35,P3,Team_A,Low,1
6326,Medium,0.6,0.86,4,0.61,0.8,0.78,2,0.534,P2,Team_B,Medium,3
6327,Medium,0.6,0.79,4,0.74,0.78,0.41,5,0.482,P2,Team_B,Medium,2
6328,Medium,0.6,0.9,2,0.36,0.79,0.96,7,0.534,P2,Team_B,Medium,3
6329,High,0.9,0.35,2,0.88,0.59,0.85,4,0.584,P2,Team_A,Medium,2
6330,Low,0.3,0.39,1,0.43,0.49,0.57,2,0.299,P3,Team_C,Low,1
6331,High,0.9,0.32,3,0.34,0.6,0.98,4,0.603,P2,Team_C,Medium,2
6332,Low,0.3,0.27,2,0.97,0.86,0.46,3,0.351,P3,Team_C,Low,1
6333,Medium,0.6,0.31,2,0.88,0.96,0.82,0,0.406,P3,Team_B,Low,1
6334,Medium,0.6,0.32,1,0.64,0.53,0.58,0,0.478,P2,Team_A,Medium,2
6335,Low,0.3,0.43,2,0.84,0.39,0.33,1,0.421,P2,Team_B,Medium,3
6336,Medium,0.6,0.7,1,0.29,0.54,0.42,2,0.584,P2,Team_A,Medium,3
6337,Low,0.3,0.72,1,0.84,0.46,0.56,3,0.34,P3,Team_C,Low,1
6338,High,0.9,0.25,2,0.95,0.65,0.99,3,0.519,P2,Team_A,Medium,3
6339,Medium,0.6,0.6,2,0.75,0.95,0.32,2,0.515,P2,Team_B,Medium,2
6340,High,0.9,0.56,4,0.83,0.82,0.57,3,0.612,P2,Team_A,Medium,2
6341,High,0.9,0.38,1,0.79,0.72,0.52,2,0.626,P2,Team_B,Medium,3
6342,Low,0.3,0.44,4,0.51,0.83,0.6,2,0.269,P3,Team_B,Low,1
6343,Medium,0.6,0.58,1,0.51,0.92,0.44,3,0.444,P2,Team_B,Medium,3
6344,Low,0.3,0.25,4,0.9,0.96,0.82,4,0.263,P3,Team_B,Low,1
6345,High,0.9,0.31,1,0.77,0.33,0.82,3,0.583,P2,Team_C,Medium,2
6346,Medium,0.6,0.41,1,0.91,0.46,0.61,2,0.441,P2,Team_C,Medium,3
6347,Medium,0.6,0.6,1,0.77,0.84,0.38,6,0.554,P2,Team_B,Medium,3
6348,Low,0.3,0.29,1,0.96,0.75,0.34,0,0.309,P3,Team_B,Low,1
6349,Medium,0.6,0.39,4,0.68,0.54,0.61,2,0.464,P2,Team_C,Medium,2
6350,High,0.9,0.22,4,0.62,0.33,0.46,4,0.67,P1,Team_C,High,4
6351,Low,0.3,0.65,3,0.84,0.59,0.31,3,0.445,P2,Team_B,Medium,3
6352,Low,0.3,0.59,2,0.76,0.54,0.3,1,0.377,P3,Team_B,Low,1
6353,Medium,0.6,0.94,3,0.67,0.62,0.45,2,0.577,P2,Team_A,Medium,3
6354,Medium,0.6,0.43,4,0.82,0.68,0.99,2,0.496,P2,Team_C,Medium,2
6355,Medium,0.6,0.39,3,0.81,0.45,0.81,3,0.489,P2,Team_A,Medium,2
6356,High,0.9,0.03,1,0.84,0.79,0.55,2,0.626,P2,Team_A,Medium,2
6357,Medium,0.6,0.17,1,0.75,0.5,0.58,5,0.492,P2,Team_A,Medium,3
6358,Medium,0.6,0.59,4,0.49,0.91,0.93,2,0.508,P2,Team_B,Medium,2
6359,Low,0.3,0.63,4,0.77,0.81,0.49,0,0.329,P3,Team_B,Low,1
6360,Low,0.3,0.68,1,0.79,0.66,0.39,3,0.364,P3,Team_C,Low,1
6361,Low,0.3,0.48,3,0.47,0.61,0.95,2,0.285,P3,Team_B,Low,1
6362,Medium,0.6,0.39,1,0.64,0.73,0.6,3,0.552,P2,Team_A,Medium,2
6363,Medium,0.6,0.2,4,0.41,0.72,0.96,5,0.333,P3,Team_A,Low,1
6364,Low,0.3,0.39,4,0.62,0.52,1.0,3,0.26,P3,Team_C,Low,1
6365,Medium,0.6,0.71,1,0.9,0.73,0.61,3,0.45,P2,Team_A,Medium,2
6366,High,0.9,0.21,2,0.89,0.91,0.34,0,0.558,P2,Team_A,Medium,2
6367,Low,0.3,0.49,3,0.86,0.92,0.91,1,0.312,P3,Team_B,Low,1
6368,High,0.9,0.88,2,0.95,0.5,0.33,0,0.73,P1,Team_A,High,6
6369,High,0.9,0.3,1,0.53,0.49,0.95,1,0.606,P2,Team_C,Medium,3
6370,Medium,0.6,0.8,3,0.74,0.31,0.72,3,0.559,P2,Team_A,Medium,2
6371,High,0.9,0.21,3,0.86,0.87,0.66,8,0.65,P2,Team_A,Medium,2
6372,High,0.9,0.76,1,0.54,0.5,0.96,4,0.733,P1,Team_C,High,4
6373,High,0.9,0.19,1,0.52,0.17,0.34,2,0.649,P2,Team_C,Medium,3
6374,High,0.9,0.15,4,0.48,0.85,0.67,4,0.599,P2,Team_B,Medium,2
6375,Medium,0.6,0.79,2,0.76,0.78,0.68,4,0.545,P2,Team_B,Medium,3
6376,Medium,0.6,0.21,4,0.78,0.52,0.81,4,0.487,P2,Team_C,Medium,2
6377,Low,0.3,0.48,3,0.39,0.72,0.51,3,0.355,P3,Team_B,Low,1
6378,High,0.9,0.12,4,0.72,0.95,0.58,2,0.584,P2,Team_B,Medium,2
6379,Low,0.3,0.88,4,0.5,0.69,0.65,2,0.475,P2,Team_B,Medium,3
6380,Medium,0.6,0.52,4,0.73,0.96,0.99,2,0.474,P2,Team_B,Medium,2
6381,Medium,0.6,0.21,2,0.82,0.65,0.91,6,0.494,P2,Team_A,Medium,3
6382,Medium,0.6,0.73,4,0.65,0.91,0.99,3,0.528,P2,Team_B,Medium,3
6383,High,0.9,0.88,2,0.71,0.34,0.76,8,0.735,P1,Team_C,High,4
6384,Low,0.3,0.58,3,0.61,0.74,0.58,3,0.398,P3,Team_C,Low,1
6385,High,0.9,0.14,4,0.48,0.73,0.74,1,0.639,P2,Team_B,Medium,2
6386,High,0.9,0.45,2,0.75,0.63,0.94,3,0.643,P2,Team_C,Medium,3
6387,Low,0.3,0.92,1,0.67,0.94,0.84,1,0.355,P3,Team_B,Low,1
6388,High,0.9,0.57,2,0.72,0.89,0.46,4,0.651,P1,Team_B,High,4
6389,Low,0.3,0.94,1,0.62,0.76,0.63,4,0.294,P3,Team_C,Low,1
6390,Medium,0.6,0.66,3,0.64,0.24,0.79,1,0.603,P2,Team_C,Medium,2
6391,High,0.9,0.95,1,0.12,0.46,0.58,3,0.795,P1,Team_C,High,5
6392,Low,0.3,0.54,3,0.47,0.75,0.34,7,0.357,P3,Team_C,Low,1
6393,High,0.9,0.33,2,0.56,0.47,0.35,0,0.731,P1,Team_C,High,5
6394,Low,0.3,0.61,4,0.61,0.51,0.37,3,0.497,P2,Team_B,Medium,3
6395,High,0.9,0.15,4,0.82,0.7,0.42,3,0.48,P2,Team_A,Medium,2
6396,Medium,0.6,0.18,3,0.96,0.49,0.74,4,0.439,P2,Team_A,Medium,3
6397,Low,0.3,0.42,4,0.56,0.58,0.71,3,0.348,P3,Team_C,Low,1
6398,Low,0.3,0.38,1,0.71,0.81,0.4,0,0.244,P3,Team_C,Low,1
6399,Low,0.3,0.3,3,0.6,0.66,0.85,2,0.3,P3,Team_B,Low,1
6400,Low,0.3,0.84,4,0.63,0.78,0.98,2,0.321,P3,Team_B,Low,1
6401,High,0.9,0.85,3,0.9,0.74,0.68,3,0.693,P1,Team_A,High,6
6402,Low,0.3,0.5,3,0.62,0.85,0.82,3,0.302,P3,Team_C,Low,1
6403,Low,0.3,0.23,2,0.47,0.75,0.53,2,0.239,P3,Team_C,Low,1
6404,Medium,0.6,0.64,2,0.88,0.77,0.94,3,0.505,P2,Team_B,Medium,3
6405,Low,0.3,0.69,2,0.89,0.37,0.49,5,0.396,P3,Team_B,Low,1
6406,Low,0.3,0.54,4,0.88,0.72,0.42,6,0.357,P3,Team_B,Low,1
6407,Low,0.3,0.4,3,0.92,0.82,0.71,2,0.324,P3,Team_B,Low,1
6408,Low,0.3,0.73,3,0.87,0.75,0.39,3,0.405,P3,Team_C,Low,1
6409,Medium,0.6,0.81,2,0.82,0.57,0.66,2,0.534,P2,Team_C,Medium,3
6410,High,0.9,0.37,3,0.76,0.56,0.75,5,0.675,P1,Team_C,High,5
6411,High,0.9,0.82,1,0.77,0.59,0.61,4,0.67,P1,Team_C,High,6
6412,Low,0.3,0.52,3,0.51,0.54,0.9,6,0.389,P3,Team_B,Low,1
6413,Medium,0.6,0.79,1,0.64,0.97,0.82,1,0.481,P2,Team_B,Medium,2
6414,Low,0.3,0.62,1,0.89,0.47,0.62,2,0.418,P3,Team_B,Low,1
6415,Low,0.3,0.46,2,0.43,0.87,0.96,3,0.283,P3,Team_B,Low,1
6416,Low,0.3,0.55,1,0.83,0.7,0.32,5,0.497,P2,Team_B,Medium,3
6417,Medium,0.6,0.52,4,0.8,0.86,0.57,1,0.577,P2,Team_B,Medium,2
6418,Medium,0.6,0.34,2,0.77,0.9,0.93,0,0.429,P2,Team_B,Medium,2
6419,Low,0.3,0.68,4,0.4,0.55,0.62,1,0.408,P3,Team_C,Low,1
6420,Medium,0.6,0.42,3,0.72,0.6,0.4,1,0.396,P3,Team_C,Low,1
6421,Medium,0.6,0.49,3,0.75,0.56,0.43,2,0.524,P2,Team_A,Medium,3
6422,Medium,0.6,0.77,3,0.68,0.8,0.48,1,0.537,P2,Team_B,Medium,3
6423,Low,0.3,0.44,2,0.89,0.63,0.39,2,0.337,P3,Team_B,Low,1
6424,Low,0.3,0.5,4,0.61,0.76,0.63,4,0.316,P3,Team_C,Low,1
6425,High,0.9,0.27,4,0.71,0.97,0.48,5,0.582,P2,Team_B,Medium,2
6426,Medium,0.6,0.43,4,0.84,0.69,0.83,8,0.448,P2,Team_A,Medium,3
6427,Low,0.3,0.28,4,0.62,0.68,0.6,5,0.401,P3,Team_B,Low,1
6428,Medium,0.6,0.8,2,0.81,0.4,0.69,4,0.622,P2,Team_A,Medium,3
6429,High,0.9,0.64,2,0.69,0.73,0.43,4,0.824,P1,Team_B,High,4
6430,Medium,0.6,0.02,1,0.77,0.72,0.97,0,0.429,P2,Team_C,Medium,3
6431,High,0.9,0.36,3,0.77,0.49,0.34,4,0.664,P1,Team_C,High,4
6432,Low,0.3,0.19,4,0.66,0.89,0.58,2,0.236,P3,Team_C,Low,1
6433,Low,0.3,0.31,4,0.84,0.51,0.75,5,0.293,P3,Team_B,Low,1
6434,Low,0.3,0.81,1,0.73,0.6,0.34,1,0.41,P3,Team_B,Low,1
6435,Medium,0.6,0.17,4,0.7,0.48,0.41,2,0.484,P2,Team_C,Medium,2
6436,High,0.9,0.8,4,0.56,0.79,0.53,1,0.654,P1,Team_B,High,4
6437,Low,0.3,0.56,3,0.84,0.6,0.38,3,0.429,P2,Team_C,Medium,2
6438,Low,0.3,0.37,2,0.48,0.77,0.48,2,0.274,P3,Team_B,Low,1
6439,High,0.9,0.45,3,0.51,0.86,0.97,2,0.674,P1,Team_B,High,6
6440,Low,0.3,0.02,3,0.71,0.61,0.84,6,0.347,P3,Team_C,Low,1
6441,High,0.9,0.46,4,0.68,0.7,0.32,1,0.733,P1,Team_B,High,4
6442,Low,0.3,0.23,4,0.86,0.84,0.45,4,0.388,P3,Team_C,Low,1
6443,High,0.9,0.81,4,0.47,0.77,0.7,6,0.834,P1,Team_B,High,4
6444,Medium,0.6,0.13,2,0.57,0.67,0.53,5,0.523,P2,Team_A,Medium,3
6445,Medium,0.6,0.6,2,0.82,0.74,0.89,2,0.521,P2,Team_C,Medium,2
6446,Low,0.3,0.5,1,0.48,0.79,0.85,3,0.337,P3,Team_B,Low,1
6447,Low,0.3,0.2,1,0.73,0.46,0.62,3,0.315,P3,Team_C,Low,1
6448,Low,0.3,0.81,4,0.42,0.53,0.49,1,0.461,P2,Team_B,Medium,2
6449,Medium,0.6,0.14,3,0.73,0.84,0.44,5,0.504,P2,Team_B,Medium,3
6450,High,0.9,0.46,1,0.52,0.74,0.9,7,0.608,P2,Team_B,Medium,3
6451,Low,0.3,0.1,1,0.82,0.48,0.88,4,0.289,P3,Team_B,Low,1
6452,High,0.9,0.04,3,0.95,0.51,0.52,1,0.586,P2,Team_A,Medium,3
6453,Low,0.3,0.95,4,0.63,0.87,0.52,3,0.401,P3,Team_C,Low,1
6454,High,0.9,0.18,1,0.58,0.37,0.54,5,0.721,P1,Team_C,High,5
6455,High,0.9,0.73,1,0.6,0.53,0.54,4,0.764,P1,Team_C,High,5
6456,High,0.9,0.19,3,0.78,0.62,0.97,2,0.602,P2,Team_C,Medium,3
6457,High,0.9,0.72,3,0.76,0.59,0.95,4,0.694,P1,Team_C,High,5
6458,High,0.9,0.75,3,0.93,0.8,0.96,1,0.718,P1,Team_A,High,5
6459,Low,0.3,0.45,4,0.78,0.7,0.98,4,0.293,P3,Team_C,Low,1
6460,Medium,0.6,0.56,1,0.61,0.66,0.4,2,0.579,P2,Team_C,Medium,3
6461,Low,0.3,0.77,2,0.61,0.62,0.82,3,0.419,P3,Team_C,Low,1
6462,Low,0.3,0.88,3,0.73,0.48,0.41,6,0.406,P3,Team_C,Low,1
6463,Medium,0.6,0.39,4,0.92,0.38,0.63,5,0.568,P2,Team_A,Medium,2
6464,Low,0.3,0.45,4,0.46,0.69,0.59,3,0.345,P3,Team_B,Low,1
6465,Medium,0.6,0.51,2,0.66,0.43,0.8,1,0.592,P2,Team_A,Medium,2
6466,High,0.9,0.71,4,0.76,0.72,0.86,2,0.649,P2,Team_B,Medium,3
6467,Medium,0.6,0.73,2,0.76,0.78,0.92,3,0.487,P2,Team_B,Medium,3
6468,Low,0.3,0.16,4,0.77,0.3,0.33,3,0.32,P3,Team_C,Low,1
6469,Low,0.3,0.79,3,0.88,0.92,0.97,3,0.3,P3,Team_B,Low,1
6470,Medium,0.6,0.36,3,0.76,0.26,0.77,1,0.536,P2,Team_A,Medium,2
6471,High,0.9,0.78,4,0.71,0.86,0.87,0,0.684,P1,Team_B,High,6
6472,Low,0.3,0.46,1,0.65,0.93,0.74,4,0.305,P3,Team_C,Low,1
6473,Low,0.3,0.58,3,0.77,0.53,0.85,0,0.433,P2,Team_B,Medium,3
6474,Low,0.3,0.25,4,0.71,0.74,0.92,3,0.296,P3,Team_B,Low,1
6475,Medium,0.6,0.14,2,0.8,0.66,0.53,3,0.473,P2,Team_A,Medium,2
6476,Low,0.3,0.62,1,0.68,0.91,0.3,6,0.421,P2,Team_B,Medium,3
6477,High,0.9,0.44,1,0.69,0.96,0.72,5,0.725,P1,Team_B,High,6
6478,Low,0.3,0.54,4,0.58,0.56,0.38,0,0.465,P2,Team_C,Medium,3
6479,High,0.9,0.93,2,0.61,0.89,0.48,3,0.865,P1,Team_B,High,5
6480,Medium,0.6,0.49,2,0.81,0.73,0.95,5,0.514,P2,Team_C,Medium,3
6481,High,0.9,0.19,4,0.78,0.69,0.88,9,0.556,P2,Team_C,Medium,3
6482,Low,0.3,0.41,3,0.52,0.47,0.75,2,0.294,P3,Team_C,Low,1
6483,High,0.9,0.53,4,0.83,0.49,0.71,2,0.714,P1,Team_A,High,5
6484,High,0.9,0.62,1,0.94,0.39,0.9,2,0.702,P1,Team_A,High,4
6485,Low,0.3,0.83,2,0.43,0.82,0.99,0,0.316,P3,Team_C,Low,1
6486,High,0.9,0.35,4,0.81,0.76,0.61,8,0.633,P2,Team_A,Medium,3
6487,High,0.9,0.43,3,0.7,0.48,0.32,1,0.733,P1,Team_C,High,5
6488,Low,0.3,0.62,3,0.99,0.48,0.36,9,0.466,P2,Team_B,Medium,2
6489,Medium,0.6,0.33,3,0.54,0.35,0.85,3,0.425,P2,Team_A,Medium,2
6490,Low,0.3,0.65,3,0.65,0.77,0.57,1,0.374,P3,Team_C,Low,1
6491,High,0.9,0.15,3,0.52,0.79,0.66,5,0.607,P2,Team_B,Medium,2
6492,Medium,0.6,0.52,1,0.95,0.65,0.44,1,0.451,P2,Team_A,Medium,2
6493,High,0.9,0.59,4,0.59,0.76,0.6,1,0.776,P1,Team_B,High,4
6494,Low,0.3,0.52,2,0.69,0.41,0.41,5,0.474,P2,Team_B,Medium,3
6495,High,0.9,0.28,1,0.39,0.9,0.53,2,0.632,P2,Team_B,Medium,2
6496,Low,0.3,0.38,1,0.54,0.39,0.87,4,0.37,P3,Team_B,Low,1
6497,Medium,0.6,0.21,3,0.6,0.75,0.84,2,0.478,P2,Team_B,Medium,3
6498,Medium,0.6,0.55,1,0.67,0.65,0.77,3,0.535,P2,Team_C,Medium,2
6499,Medium,0.6,0.7,2,0.85,0.36,0.91,1,0.557,P2,Team_C,Medium,2
6500,Low,0.3,0.29,2,0.59,0.61,0.41,4,0.366,P3,Team_C,Low,1
6501,Low,0.3,0.41,1,0.49,0.82,0.81,3,0.239,P3,Team_C,Low,1
6502,Medium,0.6,0.33,2,0.83,0.72,0.7,2,0.357,P3,Team_A,Low,1
6503,Low,0.3,0.7,2,0.53,0.51,0.99,2,0.399,P3,Team_C,Low,1
6504,High,0.9,0.33,3,0.89,0.67,0.35,4,0.649,P2,Team_A,Medium,3
6505,Low,0.3,0.31,1,0.9,0.8,0.67,0,0.338,P3,Team_C,Low,1
6506,Medium,0.6,0.38,4,0.55,0.54,0.51,2,0.504,P2,Team_C,Medium,3
6507,Low,0.3,0.39,1,0.51,0.47,0.64,5,0.328,P3,Team_C,Low,1
6508,Low,0.3,0.42,2,0.54,0.72,0.38,0,0.331,P3,Team_C,Low,1
6509,Low,0.3,0.42,2,0.73,0.77,0.5,3,0.28,P3,Team_B,Low,1
6510,Low,0.3,0.31,1,0.22,0.52,0.7,3,0.285,P3,Team_B,Low,1
6511,High,0.9,0.45,2,0.46,0.75,0.65,5,0.683,P1,Team_B,High,6
6512,Medium,0.6,0.64,2,0.63,0.54,0.61,2,0.62,P2,Team_A,Medium,2
6513,Low,0.3,0.61,1,0.75,0.8,0.59,9,0.265,P3,Team_B,Low,1
6514,Medium,0.6,0.46,3,0.82,0.77,0.72,5,0.459,P2,Team_B,Medium,2
6515,Low,0.3,0.39,3,0.77,0.73,0.59,1,0.284,P3,Team_C,Low,1
6516,Medium,0.6,0.82,3,0.8,0.87,0.46,6,0.518,P2,Team_B,Medium,3
6517,Low,0.3,0.76,2,0.74,0.66,0.71,4,0.376,P3,Team_B,Low,1
6518,Low,0.3,0.71,4,0.72,0.41,0.35,2,0.425,P2,Team_B,Medium,3
6519,Medium,0.6,0.65,1,0.7,0.61,0.91,4,0.513,P2,Team_A,Medium,3
6520,Low,0.3,0.73,2,0.56,0.71,0.5,6,0.447,P2,Team_C,Medium,3
6521,High,0.9,0.29,2,0.92,0.86,0.32,4,0.616,P2,Team_A,Medium,3
6522,Low,0.3,0.17,3,0.68,0.43,0.5,7,0.351,P3,Team_C,Low,1
6523,Medium,0.6,0.41,3,0.71,0.58,0.69,5,0.52,P2,Team_A,Medium,2
6524,High,0.9,0.66,2,0.93,0.5,0.63,2,0.816,P1,Team_A,High,4
6525,High,0.9,0.69,1,0.72,0.93,0.85,6,0.667,P1,Team_B,High,5
6526,High,0.9,0.86,3,0.55,0.64,0.83,2,0.732,P1,Team_C,High,5
6527,Low,0.3,0.15,2,0.51,0.42,0.66,2,0.282,P3,Team_B,Low,1
6528,Low,0.3,0.68,4,0.93,0.27,0.84,3,0.368,P3,Team_B,Low,1
6529,Medium,0.6,0.54,1,0.44,0.58,0.8,2,0.481,P2,Team_A,Medium,3
6530,Low,0.3,0.73,4,0.81,0.58,0.53,3,0.398,P3,Team_C,Low,1
6531,Low,0.3,0.22,4,0.47,0.98,0.94,3,0.227,P3,Team_C,Low,1
6532,High,0.9,0.56,2,0.9,0.49,0.8,5,0.709,P1,Team_A,High,6
6533,Medium,0.6,0.41,2,0.96,0.77,0.52,1,0.519,P2,Team_B,Medium,2
6534,Low,0.3,0.51,2,0.96,0.49,0.83,6,0.278,P3,Team_C,Low,1
6535,High,0.9,0.48,4,0.77,0.3,0.39,5,0.669,P1,Team_C,High,4
6536,Low,0.3,0.64,1,0.44,0.47,0.56,5,0.503,P2,Team_B,Medium,3
6537,High,0.9,0.34,4,0.88,0.52,0.97,1,0.628,P2,Team_A,Medium,2
6538,Low,0.3,0.07,3,0.9,0.88,0.87,4,0.311,P3,Team_B,Low,1
6539,High,0.9,0.79,1,0.69,0.36,0.4,1,0.737,P1,Team_C,High,4
6540,Low,0.3,0.65,4,0.85,0.45,0.73,2,0.35,P3,Team_B,Low,1
6541,Medium,0.6,0.78,1,0.91,0.49,0.33,4,0.589,P2,Team_C,Medium,3
6542,Low,0.3,0.66,3,0.68,0.84,0.5,2,0.275,P3,Team_C,Low,1
6543,High,0.9,0.57,1,0.79,0.84,0.83,4,0.629,P2,Team_B,Medium,2
6544,High,0.9,0.6,3,0.58,0.82,0.33,2,0.773,P1,Team_B,High,5
6545,Medium,0.6,0.65,1,0.95,0.88,0.93,3,0.515,P2,Team_B,Medium,2
6546,Low,0.3,0.66,3,0.87,0.64,0.84,3,0.367,P3,Team_B,Low,1
6547,Low,0.3,0.94,4,0.87,0.76,0.62,6,0.46,P2,Team_C,Medium,3
6548,Medium,0.6,0.14,2,0.88,0.37,0.93,6,0.462,P2,Team_C,Medium,3
6549,Low,0.3,0.23,3,0.83,0.63,0.38,3,0.31,P3,Team_C,Low,1
6550,Low,0.3,0.43,3,0.83,0.36,0.7,6,0.461,P2,Team_B,Medium,3
6551,Low,0.3,0.55,3,0.87,0.74,0.78,2,0.359,P3,Team_B,Low,1
6552,Medium,0.6,0.34,2,0.59,0.61,0.31,4,0.502,P2,Team_C,Medium,3
6553,Medium,0.6,0.02,1,0.79,0.66,0.43,5,0.455,P2,Team_A,Medium,3
6554,High,0.9,0.53,3,0.72,0.48,0.47,3,0.798,P1,Team_C,High,6
6555,Medium,0.6,0.32,3,0.99,0.78,0.39,1,0.491,P2,Team_B,Medium,2
6556,Medium,0.6,0.26,4,0.84,0.44,0.39,1,0.5,P2,Team_C,Medium,2
6557,Medium,0.6,0.71,3,0.5,0.92,0.36,1,0.566,P2,Team_B,Medium,2
6558,High,0.9,0.61,3,0.97,0.82,0.41,2,0.694,P1,Team_A,High,4
6559,High,0.9,0.44,1,0.76,0.77,0.32,7,0.669,P1,Team_B,High,6
6560,Medium,0.6,0.12,4,0.49,0.41,0.36,4,0.498,P2,Team_A,Medium,2
6561,Low,0.3,0.78,4,0.73,0.77,0.34,2,0.418,P3,Team_B,Low,1
6562,Medium,0.6,0.63,1,0.89,0.99,0.59,4,0.522,P2,Team_B,Medium,3
6563,Medium,0.6,0.8,4,0.77,0.78,0.82,4,0.487,P2,Team_B,Medium,2
6564,Medium,0.6,0.69,1,0.79,0.69,0.71,5,0.627,P2,Team_C,Medium,2
6565,Medium,0.6,0.46,3,0.79,0.3,0.48,5,0.59,P2,Team_C,Medium,3
6566,High,0.9,0.84,1,0.54,0.84,0.32,3,0.785,P1,Team_B,High,5
6567,High,0.9,0.84,4,0.71,0.56,0.63,5,0.783,P1,Team_C,High,6
6568,Low,0.3,0.61,2,0.79,0.7,0.72,7,0.456,P2,Team_B,Medium,2
6569,Medium,0.6,0.62,1,0.69,0.76,0.97,1,0.472,P2,Team_B,Medium,3
6570,High,0.9,0.34,1,0.61,0.79,0.79,2,0.633,P2,Team_B,Medium,3
6571,High,0.9,0.11,1,0.81,0.66,0.69,4,0.62,P2,Team_A,Medium,3
6572,Low,0.3,0.53,4,0.65,0.26,0.31,4,0.435,P2,Team_C,Medium,2
6573,Medium,0.6,0.21,3,0.79,0.78,0.81,2,0.405,P3,Team_B,Low,1
6574,Medium,0.6,0.81,1,0.78,0.5,0.64,3,0.592,P2,Team_A,Medium,2
6575,Medium,0.6,0.67,1,0.72,0.72,0.62,2,0.563,P2,Team_A,Medium,3
6576,Medium,0.6,0.72,2,0.45,0.75,0.39,4,0.689,P1,Team_B,High,6
6577,High,0.9,0.94,2,0.77,0.33,0.31,7,0.864,P1,Team_C,High,5
6578,Medium,0.6,0.94,3,0.45,0.39,0.64,2,0.63,P2,Team_A,Medium,2
6579,High,0.9,0.66,2,0.47,0.66,0.79,1,0.768,P1,Team_C,High,5
6580,Low,0.3,0.38,3,0.73,0.64,0.89,2,0.306,P3,Team_B,Low,1
6581,Medium,0.6,0.56,4,0.7,0.82,0.63,3,0.538,P2,Team_B,Medium,2
6582,High,0.9,0.83,4,0.68,0.59,0.77,4,0.686,P1,Team_C,High,6
6583,High,0.9,0.41,4,0.77,0.7,0.82,1,0.643,P2,Team_B,Medium,3
6584,Low,0.3,0.64,3,0.92,0.59,0.55,0,0.397,P3,Team_C,Low,1
6585,Low,0.3,0.53,1,0.6,0.68,0.76,6,0.384,P3,Team_C,Low,1
6586,Low,0.3,0.18,1,0.42,0.85,0.84,0,0.301,P3,Team_B,Low,1
6587,High,0.9,0.09,3,0.74,0.69,0.32,3,0.576,P2,Team_C,Medium,3
6588,High,0.9,0.1,1,0.8,0.64,0.75,2,0.533,P2,Team_A,Medium,3
6589,High,0.9,0.19,3,0.86,0.56,0.43,0,0.568,P2,Team_A,Medium,3
6590,Medium,0.6,0.44,4,0.83,0.83,0.66,2,0.498,P2,Team_B,Medium,2
6591,Medium,0.6,0.36,3,0.49,0.83,0.74,6,0.504,P2,Team_B,Medium,3
6592,Medium,0.6,0.78,3,0.98,0.63,0.48,4,0.615,P2,Team_A,Medium,3
6593,Medium,0.6,0.34,1,0.71,0.68,0.48,1,0.605,P2,Team_A,Medium,2
6594,Low,0.3,0.33,2,0.38,0.73,0.63,3,0.368,P3,Team_B,Low,1
6595,High,0.9,0.52,1,0.6,0.58,0.43,4,0.734,P1,Team_C,High,4
6596,Medium,0.6,0.83,2,0.73,0.92,0.67,3,0.562,P2,Team_B,Medium,3
6597,Medium,0.6,0.53,2,0.69,0.36,0.66,2,0.55,P2,Team_C,Medium,3
6598,Low,0.3,0.66,1,0.75,0.68,0.69,2,0.357,P3,Team_C,Low,1
6599,High,0.9,0.54,3,0.92,0.75,0.99,4,0.688,P1,Team_A,High,6
6600,High,0.9,0.66,2,0.82,0.76,0.62,2,0.69,P1,Team_A,High,4
6601,Low,0.3,0.44,3,0.51,0.55,0.9,3,0.35,P3,Team_C,Low,1
6602,Medium,0.6,0.32,2,0.95,0.69,0.51,2,0.511,P2,Team_C,Medium,2
6603,High,0.9,0.89,3,0.77,0.68,0.59,2,0.746,P1,Team_C,High,5
6604,Medium,0.6,0.62,3,0.92,0.68,0.39,2,0.618,P2,Team_A,Medium,3
6605,Low,0.3,0.81,3,0.74,0.49,0.64,2,0.438,P2,Team_C,Medium,2
6606,Low,0.3,0.68,2,0.64,0.44,0.3,1,0.434,P2,Team_C,Medium,2
6607,Medium,0.6,0.46,2,0.93,0.68,0.39,2,0.541,P2,Team_C,Medium,3
6608,Medium,0.6,0.31,4,0.93,0.77,0.98,4,0.437,P2,Team_B,Medium,2
6609,Low,0.3,0.08,4,0.57,0.63,0.87,3,0.242,P3,Team_B,Low,1
6610,Low,0.3,0.55,3,0.63,0.99,0.67,3,0.221,P3,Team_C,Low,1
6611,Low,0.3,0.34,4,0.57,0.95,0.91,1,0.242,P3,Team_B,Low,1
6612,Low,0.3,0.21,3,0.6,0.8,0.84,5,0.328,P3,Team_C,Low,1
6613,High,0.9,0.25,3,0.66,0.47,0.31,4,0.684,P1,Team_C,High,6
6614,Low,0.3,0.92,2,0.59,0.53,0.89,1,0.391,P3,Team_C,Low,1
6615,Low,0.3,0.64,4,0.79,0.9,0.88,2,0.256,P3,Team_C,Low,1
6616,Medium,0.6,0.51,2,0.35,0.57,0.34,6,0.538,P2,Team_C,Medium,2
6617,Low,0.3,0.7,4,0.55,0.7,0.35,2,0.408,P3,Team_C,Low,1
6618,Low,0.3,0.92,1,0.78,0.68,0.48,2,0.345,P3,Team_C,Low,1
6619,Medium,0.6,0.42,2,0.81,0.6,0.99,1,0.42,P2,Team_A,Medium,3
6620,Low,0.3,0.83,4,0.93,0.49,0.84,4,0.355,P3,Team_C,Low,1
6621,Low,0.3,0.88,1,0.93,0.7,0.38,2,0.441,P2,Team_B,Medium,2
6622,Medium,0.6,0.59,2,0.74,0.41,0.5,3,0.559,P2,Team_A,Medium,2
6623,Low,0.3,0.72,4,0.68,0.59,0.67,2,0.39,P3,Team_C,Low,1
6624,Low,0.3,0.46,4,0.71,0.75,0.83,6,0.322,P3,Team_B,Low,1
6625,Low,0.3,0.45,2,0.82,0.76,0.92,5,0.272,P3,Team_B,Low,1
6626,High,0.9,0.4,3,0.92,0.65,0.94,3,0.586,P2,Team_A,Medium,3
6627,Low,0.3,0.77,4,0.71,0.83,0.56,1,0.422,P2,Team_C,Medium,2
6628,Medium,0.6,0.19,2,0.62,0.63,0.48,1,0.431,P2,Team_C,Medium,2
6629,Low,0.3,0.66,3,0.71,0.65,0.75,5,0.409,P3,Team_C,Low,1
6630,Low,0.3,0.82,3,0.82,0.9,0.36,5,0.376,P3,Team_C,Low,1
6631,Low,0.3,0.35,1,0.98,0.72,0.49,2,0.368,P3,Team_C,Low,1
6632,High,0.9,0.64,1,0.48,0.24,0.74,1,0.8,P1,Team_C,High,6
6633,High,0.9,0.39,4,0.51,0.64,0.38,4,0.638,P2,Team_C,Medium,2
6634,High,0.9,0.49,4,0.59,0.86,0.43,0,0.698,P1,Team_B,High,5
6635,Medium,0.6,0.56,1,0.78,0.83,0.47,5,0.499,P2,Team_B,Medium,2
6636,Medium,0.6,0.59,1,0.83,0.72,0.9,2,0.484,P2,Team_A,Medium,2
6637,High,0.9,0.55,3,0.49,0.81,0.65,2,0.745,P1,Team_B,High,4
6638,High,0.9,0.27,3,0.78,0.89,0.3,4,0.586,P2,Team_B,Medium,3
6639,Medium,0.6,0.63,4,0.49,0.72,0.93,2,0.465,P2,Team_C,Medium,3
6640,Low,0.3,0.58,3,0.71,0.81,0.5,3,0.398,P3,Team_B,Low,1
6641,Low,0.3,0.39,3,0.82,0.55,0.84,3,0.273,P3,Team_B,Low,1
6642,Medium,0.6,0.31,4,0.89,0.54,0.72,3,0.447,P2,Team_C,Medium,3
6643,High,0.9,0.5,2,0.8,0.64,0.54,4,0.69,P1,Team_A,High,5
6644,Medium,0.6,0.25,2,0.7,0.68,0.78,4,0.52,P2,Team_A,Medium,2
6645,Low,0.3,0.69,3,0.55,0.74,0.58,1,0.354,P3,Team_B,Low,1
6646,High,0.9,0.7,3,0.72,0.73,0.56,1,0.766,P1,Team_B,High,4
6647,Medium,0.6,0.22,2,0.52,0.57,0.48,0,0.579,P2,Team_C,Medium,2
6648,High,0.9,0.43,2,0.84,0.93,0.45,4,0.611,P2,Team_A,Medium,2
6649,Low,0.3,0.8,2,0.26,0.51,0.47,6,0.378,P3,Team_B,Low,1
6650,High,0.9,0.85,1,0.73,0.47,0.38,2,0.807,P1,Team_C,High,4
6651,Medium,0.6,0.35,3,0.67,0.41,0.79,2,0.498,P2,Team_A,Medium,2
6652,Low,0.3,0.91,1,0.25,0.91,0.41,5,0.488,P2,Team_C,Medium,3
6653,High,0.9,0.53,4,0.57,0.57,0.78,4,0.693,P1,Team_C,High,4
6654,High,0.9,0.54,2,0.58,0.91,0.53,2,0.707,P1,Team_B,High,5
6655,Low,0.3,0.7,2,0.56,0.51,0.48,6,0.439,P2,Team_C,Medium,3
6656,High,0.9,0.23,4,0.74,0.59,0.85,2,0.628,P2,Team_C,Medium,3
6657,Medium,0.6,0.48,2,0.77,0.78,0.75,2,0.449,P2,Team_B,Medium,2
6658,Medium,0.6,0.56,4,0.77,0.55,0.58,2,0.629,P2,Team_A,Medium,2
6659,High,0.9,0.51,4,0.78,0.76,0.31,5,0.608,P2,Team_B,Medium,2
6660,Medium,0.6,0.58,3,0.72,0.57,0.97,4,0.531,P2,Team_C,Medium,2
6661,Medium,0.6,0.14,1,0.61,0.63,0.7,1,0.524,P2,Team_C,Medium,3
6662,High,0.9,0.39,2,0.82,0.92,0.94,3,0.654,P1,Team_A,High,4
6663,Medium,0.6,0.83,1,0.67,0.5,0.48,5,0.664,P1,Team_A,High,6
6664,Medium,0.6,0.74,2,0.84,0.63,0.3,4,0.599,P2,Team_C,Medium,2
6665,Low,0.3,0.68,2,0.55,0.73,0.42,4,0.413,P3,Team_B,Low,1
6666,Medium,0.6,0.34,3,0.72,0.77,0.69,3,0.427,P2,Team_B,Medium,3
6667,Low,0.3,0.45,4,0.56,0.91,0.31,7,0.355,P3,Team_B,Low,1
6668,Medium,0.6,0.48,3,0.49,0.83,0.83,7,0.438,P2,Team_B,Medium,3
6669,High,0.9,0.09,1,0.82,0.91,0.65,2,0.505,P2,Team_A,Medium,2
6670,Medium,0.6,0.79,2,0.86,0.7,0.32,7,0.637,P2,Team_C,Medium,3
6671,Low,0.3,0.53,2,0.86,0.7,0.34,5,0.329,P3,Team_C,Low,1
6672,Low,0.3,0.78,4,0.6,0.44,0.49,8,0.445,P2,Team_C,Medium,2
6673,High,0.9,0.42,4,0.75,0.46,0.49,1,0.682,P1,Team_C,High,5
6674,High,0.9,0.63,3,0.86,0.79,0.78,3,0.725,P1,Team_A,High,6
6675,High,0.9,0.75,1,0.9,0.59,0.61,2,0.715,P1,Team_A,High,4
6676,Medium,0.6,0.7,3,0.82,0.71,0.86,0,0.476,P2,Team_A,Medium,3
6677,High,0.9,0.96,4,0.71,0.85,0.85,5,0.684,P1,Team_B,High,4
6678,Low,0.3,0.46,2,0.83,0.7,0.57,3,0.295,P3,Team_C,Low,1
6679,High,0.9,0.04,1,0.88,0.55,0.49,4,0.53,P2,Team_A,Medium,2
6680,Medium,0.6,0.29,3,0.7,0.84,0.93,3,0.485,P2,Team_B,Medium,2
6681,Low,0.3,0.63,1,0.79,0.47,0.49,6,0.468,P2,Team_B,Medium,3
6682,Low,0.3,0.68,4,0.71,0.34,0.77,4,0.415,P3,Team_C,Low,1
6683,Low,0.3,0.47,1,0.71,0.53,0.88,2,0.241,P3,Team_B,Low,1
6684,High,0.9,0.55,1,0.76,0.79,0.54,4,0.683,P1,Team_B,High,4
6685,Medium,0.6,0.81,1,0.85,0.91,0.66,4,0.531,P2,Team_B,Medium,3
6686,Low,0.3,0.74,1,0.65,0.37,0.39,1,0.486,P2,Team_C,Medium,2
6687,Low,0.3,0.15,3,0.61,0.69,0.86,0,0.206,P3,Team_C,Low,1
6688,High,0.9,0.48,1,0.51,0.36,0.57,3,0.718,P1,Team_C,High,6
6689,High,0.9,0.24,1,0.8,0.62,0.4,1,0.614,P2,Team_A,Medium,3
6690,High,0.9,0.89,4,0.94,0.69,0.55,5,0.775,P1,Team_A,High,4
6691,Low,0.3,0.81,2,0.76,0.61,0.58,3,0.472,P2,Team_C,Medium,2
6692,Low,0.3,0.28,2,0.77,0.72,0.38,5,0.279,P3,Team_C,Low,1
6693,Medium,0.6,0.38,3,0.96,0.37,0.72,4,0.507,P2,Team_A,Medium,2
6694,High,0.9,0.66,1,0.76,0.69,0.59,1,0.712,P1,Team_C,High,5
6695,High,0.9,0.8,3,0.89,0.68,0.86,2,0.76,P1,Team_A,High,4
6696,High,0.9,0.66,2,0.71,0.95,0.9,5,0.777,P1,Team_B,High,6
6697,Low,0.3,0.62,4,0.88,0.84,0.71,6,0.355,P3,Team_C,Low,1
6698,Low,0.3,0.53,1,0.35,0.59,0.81,4,0.367,P3,Team_C,Low,1
6699,High,0.9,0.52,3,0.83,0.77,0.76,4,0.617,P2,Team_A,Medium,2
6700,High,0.9,0.75,2,0.8,0.27,0.97,5,0.678,P1,Team_A,High,5
6701,Medium,0.6,0.9,1,0.79,0.41,0.78,3,0.657,P1,Team_A,High,4
6702,Medium,0.6,0.63,4,0.7,0.4,0.63,4,0.531,P2,Team_C,Medium,2
6703,Low,0.3,0.09,3,0.79,0.34,0.81,2,0.322,P3,Team_B,Low,1
6704,Low,0.3,0.7,2,0.96,0.49,0.41,2,0.462,P2,Team_C,Medium,3
6705,Low,0.3,0.19,2,0.72,0.74,0.4,4,0.249,P3,Team_C,Low,1
6706,Medium,0.6,0.53,3,0.87,0.64,0.95,3,0.509,P2,Team_A,Medium,3
6707,Medium,0.6,0.13,1,0.78,0.54,0.95,6,0.265,P3,Team_A,Low,1
6708,Medium,0.6,0.46,2,0.69,0.8,0.73,5,0.545,P2,Team_B,Medium,2
6709,Low,0.3,0.52,4,0.57,0.86,0.88,2,0.383,P3,Team_C,Low,1
6710,Low,0.3,0.44,1,0.83,0.8,0.99,4,0.285,P3,Team_C,Low,1
6711,Medium,0.6,0.19,4,0.59,0.59,0.45,6,0.462,P2,Team_C,Medium,2
6712,Medium,0.6,0.43,1,0.83,0.64,0.57,2,0.594,P2,Team_C,Medium,2
6713,Medium,0.6,0.9,3,0.52,0.72,0.44,4,0.585,P2,Team_A,Medium,2
6714,Low,0.3,0.34,3,0.61,0.68,0.42,3,0.327,P3,Team_C,Low,1
6715,High,0.9,0.84,3,0.91,0.79,0.89,7,0.747,P1,Team_A,High,6
6716,Low,0.3,0.51,4,0.87,0.93,0.44,1,0.308,P3,Team_B,Low,1
6717,Medium,0.6,0.5,4,0.59,0.44,0.88,5,0.46,P2,Team_A,Medium,3
6718,Low,0.3,0.7,4,0.45,0.67,0.5,6,0.432,P2,Team_C,Medium,3
6719,Medium,0.6,0.14,4,0.84,0.82,0.51,5,0.47,P2,Team_B,Medium,2
6720,Low,0.3,0.93,1,0.49,0.51,0.53,4,0.507,P2,Team_C,Medium,2
6721,High,0.9,0.77,1,0.47,0.62,0.58,2,0.685,P1,Team_C,High,6
6722,Medium,0.6,0.62,4,0.73,0.53,0.84,6,0.653,P1,Team_C,High,5
6723,High,0.9,0.14,2,0.89,0.6,0.9,6,0.632,P2,Team_A,Medium,2
6724,Low,0.3,0.66,2,0.94,0.18,0.87,4,0.414,P3,Team_C,Low,1
6725,Medium,0.6,0.7,1,0.72,0.77,0.76,3,0.487,P2,Team_B,Medium,3
6726,High,0.9,0.32,2,0.94,0.43,0.54,4,0.667,P1,Team_A,High,5
6727,High,0.9,0.68,3,0.77,0.83,0.3,3,0.726,P1,Team_B,High,4
6728,Low,0.3,0.33,4,0.59,0.71,0.61,1,0.351,P3,Team_C,Low,1
6729,High,0.9,0.21,1,0.31,0.88,0.77,2,0.585,P2,Team_B,Medium,3
6730,High,0.9,0.58,3,0.85,0.59,0.77,4,0.713,P1,Team_A,High,6
6731,High,0.9,0.47,3,0.53,0.78,0.72,3,0.672,P1,Team_B,High,4
6732,High,0.9,0.17,4,0.85,0.45,0.96,3,0.651,P1,Team_A,High,5
6733,Low,0.3,0.68,4,0.74,0.76,0.59,1,0.394,P3,Team_B,Low,1
6734,Low,0.3,0.72,4,0.9,0.71,0.8,2,0.411,P3,Team_C,Low,1
6735,High,0.9,0.1,1,0.59,0.55,0.75,3,0.647,P2,Team_C,Medium,2
6736,High,0.9,0.37,2,0.81,0.91,0.52,2,0.656,P1,Team_A,High,6
6737,High,0.9,0.65,3,0.58,0.73,0.91,3,0.629,P2,Team_B,Medium,3
6738,Medium,0.6,0.92,4,0.87,0.86,0.87,3,0.561,P2,Team_B,Medium,3
6739,High,0.9,0.54,3,0.57,0.7,0.42,2,0.736,P1,Team_B,High,4
6740,Low,0.3,0.69,2,0.36,0.6,0.46,3,0.408,P3,Team_C,Low,1
6741,High,0.9,0.78,3,0.45,0.81,0.36,3,0.701,P1,Team_B,High,6
6742,Low,0.3,0.37,2,0.8,0.53,0.52,3,0.362,P3,Team_B,Low,1
6743,Low,0.3,0.22,3,0.68,0.45,0.45,5,0.425,P2,Team_C,Medium,3
6744,Medium,0.6,0.91,4,0.73,0.79,0.41,2,0.55,P2,Team_B,Medium,2
6745,Low,0.3,0.54,1,0.58,0.54,0.47,3,0.353,P3,Team_C,Low,1
6746,High,0.9,0.24,3,0.91,0.29,0.48,2,0.73,P1,Team_A,High,5
6747,High,0.9,0.71,3,0.67,0.37,0.66,2,0.706,P1,Team_C,High,6
6748,High,0.9,0.58,1,0.76,0.68,0.83,8,0.654,P1,Team_C,High,5
6749,Medium,0.6,0.22,1,0.82,0.69,0.67,3,0.537,P2,Team_A,Medium,3
6750,High,0.9,0.69,1,0.88,0.86,0.98,5,0.752,P1,Team_A,High,6
6751,Low,0.3,0.7,3,0.83,0.52,0.7,0,0.393,P3,Team_B,Low,1
6752,Low,0.3,0.21,4,0.66,0.86,0.94,2,0.249,P3,Team_C,Low,1
6753,Low,0.3,0.73,2,0.83,0.86,0.63,1,0.356,P3,Team_B,Low,1
6754,High,0.9,0.01,2,0.77,0.61,0.47,3,0.615,P2,Team_C,Medium,2
6755,Low,0.3,0.75,3,0.81,0.71,0.74,3,0.44,P2,Team_C,Medium,3
6756,Low,0.3,0.53,3,0.89,0.44,0.78,2,0.44,P2,Team_C,Medium,3
6757,Medium,0.6,0.81,4,0.55,0.45,0.56,4,0.593,P2,Team_A,Medium,2
6758,Low,0.3,0.68,1,0.78,0.61,0.31,3,0.359,P3,Team_B,Low,1
6759,High,0.9,0.94,4,0.68,0.54,0.47,4,0.842,P1,Team_C,High,5
6760,Medium,0.6,0.37,4,0.72,0.61,0.92,2,0.46,P2,Team_C,Medium,3
6761,High,0.9,0.36,4,0.94,0.6,0.67,3,0.75,P1,Team_A,High,5
6762,Low,0.3,0.26,4,0.98,0.74,0.77,7,0.352,P3,Team_B,Low,1
6763,Low,0.3,0.84,3,0.8,0.66,0.42,4,0.521,P2,Team_B,Medium,3
6764,High,0.9,0.46,2,0.51,0.78,0.79,5,0.498,P2,Team_B,Medium,2
6765,Medium,0.6,0.68,1,0.59,0.58,0.76,0,0.472,P2,Team_C,Medium,2
6766,Medium,0.6,0.28,4,0.79,0.54,0.99,4,0.445,P2,Team_A,Medium,2
6767,Medium,0.6,0.48,3,0.8,0.39,0.4,2,0.583,P2,Team_A,Medium,3
6768,High,0.9,0.54,2,0.72,0.54,0.47,4,0.641,P2,Team_C,Medium,2
6769,Medium,0.6,0.65,3,0.51,0.64,0.41,2,0.621,P2,Team_C,Medium,3
6770,Low,0.3,0.54,4,0.65,0.57,0.76,6,0.399,P3,Team_C,Low,1
6771,Low,0.3,0.44,2,0.83,0.93,0.53,4,0.313,P3,Team_B,Low,1
6772,Medium,0.6,0.44,1,0.87,0.72,0.77,2,0.511,P2,Team_C,Medium,2
6773,Medium,0.6,0.9,2,0.84,0.46,0.57,3,0.604,P2,Team_C,Medium,2
6774,Medium,0.6,0.44,2,0.85,0.61,0.33,4,0.497,P2,Team_C,Medium,2
6775,Low,0.3,0.35,2,0.6,0.64,0.34,3,0.183,P3,Team_B,Low,1
6776,Low,0.3,0.25,3,0.59,0.58,0.56,5,0.363,P3,Team_C,Low,1
6777,Low,0.3,0.6,2,0.68,0.28,0.58,6,0.431,P2,Team_C,Medium,2
6778,Low,0.3,0.39,4,0.77,0.73,0.46,2,0.336,P3,Team_B,Low,1
6779,High,0.9,0.79,2,0.86,0.67,0.56,1,0.74,P1,Team_A,High,6
6780,Medium,0.6,0.3,1,0.69,0.79,0.71,4,0.483,P2,Team_B,Medium,3
6781,High,0.9,0.68,1,0.58,0.53,0.53,3,0.72,P1,Team_C,High,6
6782,Low,0.3,0.65,3,0.73,0.23,0.74,2,0.459,P2,Team_C,Medium,3
6783,Low,0.3,0.19,4,0.52,0.73,0.9,3,0.292,P3,Team_B,Low,1
6784,Low,0.3,0.6,3,0.73,0.91,0.5,4,0.267,P3,Team_C,Low,1
6785,High,0.9,0.46,4,0.88,0.78,0.77,3,0.641,P2,Team_A,Medium,3
6786,Low,0.3,0.63,1,0.82,0.18,0.99,1,0.447,P2,Team_C,Medium,3
6787,Medium,0.6,0.15,4,0.43,0.9,0.61,3,0.421,P2,Team_B,Medium,3
6788,High,0.9,0.53,2,0.74,0.77,0.75,0,0.65,P1,Team_B,High,6
6789,Medium,0.6,0.43,1,0.55,0.71,0.87,7,0.515,P2,Team_A,Medium,2
6790,Medium,0.6,0.29,3,0.82,0.38,0.75,3,0.448,P2,Team_A,Medium,2
6791,Medium,0.6,0.54,3,0.63,0.58,0.35,2,0.54,P2,Team_A,Medium,3
6792,Medium,0.6,0.4,4,0.96,0.77,0.76,4,0.417,P3,Team_B,Low,1
6793,Low,0.3,0.07,4,0.6,0.75,0.76,1,0.245,P3,Team_C,Low,1
6794,Medium,0.6,0.35,3,0.54,0.45,0.82,0,0.468,P2,Team_C,Medium,3
6795,High,0.9,0.91,1,0.95,0.41,0.86,1,0.778,P1,Team_A,High,6
6796,Medium,0.6,0.03,3,0.83,0.82,0.56,4,0.391,P3,Team_B,Low,1
6797,Low,0.3,0.88,3,0.72,0.54,0.64,2,0.451,P2,Team_B,Medium,3
6798,Low,0.3,0.83,3,0.86,0.77,0.88,2,0.387,P3,Team_B,Low,1
6799,Low,0.3,0.8,2,0.76,0.65,0.58,2,0.471,P2,Team_B,Medium,2
6800,Medium,0.6,0.34,3,0.56,0.38,0.91,1,0.372,P3,Team_C,Low,1
6801,Low,0.3,0.6,4,0.37,0.69,0.54,8,0.333,P3,Team_B,Low,1
6802,High,0.9,0.18,1,0.83,0.84,0.94,2,0.547,P2,Team_A,Medium,2
6803,Medium,0.6,0.39,3,0.79,0.79,0.37,3,0.568,P2,Team_B,Medium,3
6804,Low,0.3,0.87,4,0.46,0.3,0.33,3,0.492,P2,Team_B,Medium,3
6805,Medium,0.6,0.69,1,0.61,0.71,0.66,1,0.488,P2,Team_A,Medium,3
6806,Medium,0.6,0.68,1,0.93,0.61,1.0,2,0.466,P2,Team_A,Medium,3
6807,Medium,0.6,0.62,3,0.49,0.84,0.72,5,0.567,P2,Team_B,Medium,3
6808,High,0.9,0.43,1,0.55,0.69,0.47,0,0.691,P1,Team_C,High,5
6809,Low,0.3,0.68,1,0.37,0.65,0.71,3,0.399,P3,Team_B,Low,1
6810,Low,0.3,0.54,2,0.53,0.94,0.85,3,0.26,P3,Team_B,Low,1
6811,Medium,0.6,0.56,4,0.72,0.44,0.59,4,0.649,P2,Team_A,Medium,2
6812,High,0.9,0.67,1,0.79,0.79,0.92,2,0.72,P1,Team_B,High,6
6813,Low,0.3,0.53,2,0.86,0.91,0.94,4,0.306,P3,Team_B,Low,1
6814,Medium,0.6,0.11,2,0.78,0.41,0.62,5,0.489,P2,Team_C,Medium,2
6815,High,0.9,0.45,3,0.64,0.82,0.91,0,0.597,P2,Team_B,Medium,3
6816,Low,0.3,0.21,2,0.55,0.99,0.49,4,0.245,P3,Team_B,Low,1
6817,Medium,0.6,0.8,2,0.65,0.55,0.78,2,0.608,P2,Team_A,Medium,2
6818,Medium,0.6,0.19,4,0.66,0.67,0.36,4,0.469,P2,Team_C,Medium,2
6819,High,0.9,0.8,2,0.79,0.84,0.47,5,0.705,P1,Team_B,High,6
6820,Low,0.3,0.2,2,0.55,0.54,0.42,1,0.35,P3,Team_B,Low,1
6821,High,0.9,0.66,4,0.61,0.84,0.98,2,0.621,P2,Team_B,Medium,2
6822,High,0.9,0.47,3,0.7,0.32,0.74,2,0.68,P1,Team_C,High,4
6823,High,0.9,0.38,3,0.95,0.84,0.8,3,0.597,P2,Team_A,Medium,2
6824,Medium,0.6,0.06,1,0.79,0.89,0.71,1,0.375,P3,Team_B,Low,1
6825,Low,0.3,0.64,2,0.74,0.46,0.67,3,0.473,P2,Team_B,Medium,2
6826,Low,0.3,0.75,4,0.33,0.76,0.39,1,0.344,P3,Team_C,Low,1
6827,Low,0.3,0.83,2,0.7,0.5,0.57,3,0.448,P2,Team_C,Medium,3
6828,Medium,0.6,0.08,2,0.44,0.93,1.0,2,0.3,P3,Team_B,Low,1
6829,Low,0.3,0.68,1,0.79,0.97,0.84,4,0.309,P3,Team_C,Low,1
6830,Medium,0.6,0.83,2,0.86,0.83,0.96,4,0.511,P2,Team_B,Medium,3
6831,High,0.9,0.37,2,0.49,0.72,0.75,3,0.707,P1,Team_B,High,5
6832,High,0.9,0.5,1,0.89,0.78,0.96,3,0.579,P2,Team_A,Medium,2
6833,Low,0.3,0.26,1,0.59,0.81,0.94,1,0.292,P3,Team_B,Low,1
6834,Medium,0.6,0.66,4,0.89,0.72,0.74,3,0.476,P2,Team_C,Medium,3
6835,Medium,0.6,0.26,4,0.91,0.77,0.47,5,0.489,P2,Team_B,Medium,2
6836,Low,0.3,0.21,4,0.85,0.55,0.61,3,0.306,P3,Team_B,Low,1
6837,High,0.9,0.81,2,0.91,0.53,0.77,4,0.756,P1,Team_A,High,6
6838,High,0.9,0.76,4,0.73,0.78,0.32,2,0.743,P1,Team_B,High,6
6839,Medium,0.6,0.45,2,0.39,0.73,0.87,2,0.483,P2,Team_A,Medium,2
6840,Medium,0.6,0.59,2,0.93,0.47,0.35,4,0.72,P1,Team_C,High,5
6841,Low,0.3,0.62,3,0.65,0.61,0.82,4,0.443,P2,Team_C,Medium,3
6842,Medium,0.6,0.87,2,0.76,0.71,0.87,2,0.59,P2,Team_C,Medium,2
6843,High,0.9,0.55,3,0.8,0.92,0.44,2,0.75,P1,Team_A,High,4
6844,High,0.9,0.9,3,0.82,0.43,0.47,3,0.843,P1,Team_A,High,6
6845,Medium,0.6,0.61,2,0.67,0.79,0.32,1,0.588,P2,Team_B,Medium,2
6846,Medium,0.6,0.44,2,0.86,0.84,0.95,4,0.471,P2,Team_B,Medium,3
6847,Low,0.3,0.4,1,0.75,0.5,0.96,2,0.345,P3,Team_B,Low,1
6848,High,0.9,0.91,1,0.91,0.96,0.37,3,0.692,P1,Team_A,High,4
6849,Medium,0.6,0.36,1,0.89,0.7,0.94,1,0.446,P2,Team_C,Medium,2
6850,High,0.9,0.63,2,0.97,0.37,0.4,5,0.743,P1,Team_A,High,4
6851,Low,0.3,0.58,4,0.94,0.62,0.72,4,0.385,P3,Team_B,Low,1
6852,Medium,0.6,0.33,2,0.86,0.75,0.83,8,0.523,P2,Team_B,Medium,2
6853,Medium,0.6,0.52,2,0.88,0.8,0.77,4,0.529,P2,Team_B,Medium,2
6854,Medium,0.6,0.6,4,0.82,0.87,0.39,4,0.458,P2,Team_B,Medium,3
6855,High,0.9,0.12,3,0.86,0.78,0.33,3,0.677,P1,Team_A,High,6
6856,Low,0.3,0.23,4,0.46,0.63,0.53,0,0.302,P3,Team_B,Low,1
6857,Low,0.3,0.2,1,0.76,0.81,0.85,1,0.224,P3,Team_B,Low,1
6858,Medium,0.6,0.66,4,0.34,1.0,0.73,2,0.468,P2,Team_B,Medium,2
6859,Medium,0.6,0.47,4,0.84,0.79,0.87,6,0.55,P2,Team_B,Medium,3
6860,Medium,0.6,0.23,1,0.84,0.56,0.71,1,0.461,P2,Team_C,Medium,2
6861,Medium,0.6,0.68,3,0.77,0.72,0.82,3,0.483,P2,Team_C,Medium,3
6862,Low,0.3,0.66,4,0.56,0.52,0.61,5,0.365,P3,Team_C,Low,1
6863,Low,0.3,0.33,4,0.86,0.66,0.39,5,0.331,P3,Team_B,Low,1
6864,Medium,0.6,0.35,3,0.77,0.58,0.57,1,0.518,P2,Team_C,Medium,3
6865,Low,0.3,0.43,2,0.64,0.77,0.43,1,0.178,P3,Team_B,Low,1
6866,High,0.9,0.92,2,0.57,0.6,0.57,1,0.803,P1,Team_C,High,4
6867,High,0.9,0.24,2,0.78,0.61,0.82,3,0.643,P2,Team_C,Medium,3
6868,Medium,0.6,0.64,2,0.83,0.41,0.35,5,0.529,P2,Team_A,Medium,3
6869,Medium,0.6,0.38,3,0.67,0.76,0.57,4,0.536,P2,Team_B,Medium,3
6870,Low,0.3,0.51,4,0.73,0.84,0.97,1,0.198,P3,Team_C,Low,1
6871,Low,0.3,0.25,4,0.73,0.34,0.85,9,0.395,P3,Team_C,Low,1
6872,Low,0.3,0.61,1,0.91,0.52,0.58,4,0.434,P2,Team_B,Medium,3
6873,Medium,0.6,0.22,4,0.74,0.74,0.65,2,0.454,P2,Team_C,Medium,2
6874,Low,0.3,0.32,1,0.77,0.73,0.98,3,0.201,P3,Team_B,Low,1
6875,Low,0.3,0.23,2,0.94,0.56,0.52,0,0.375,P3,Team_B,Low,1
6876,Medium,0.6,0.45,2,0.88,0.89,0.33,1,0.437,P2,Team_B,Medium,2
6877,Low,0.3,0.28,1,0.84,0.63,0.4,2,0.364,P3,Team_B,Low,1
6878,Medium,0.6,0.8,1,0.91,0.95,0.69,1,0.566,P2,Team_B,Medium,2
6879,High,0.9,0.45,4,0.72,0.84,0.41,2,0.651,P1,Team_B,High,5
6880,High,0.9,0.44,1,0.99,0.9,0.75,6,0.55,P2,Team_A,Medium,2
6881,Low,0.3,0.89,2,0.84,0.85,0.69,1,0.417,P3,Team_B,Low,1
6882,High,0.9,0.66,4,0.53,0.86,0.71,1,0.632,P2,Team_B,Medium,2
6883,High,0.9,0.06,4,0.88,0.89,1.0,4,0.547,P2,Team_A,Medium,2
6884,Medium,0.6,0.37,3,0.59,0.62,0.42,1,0.487,P2,Team_A,Medium,3
6885,Medium,0.6,0.71,3,0.85,0.35,0.96,0,0.421,P2,Team_A,Medium,2
6886,High,0.9,0.39,2,0.85,0.37,1.0,2,0.642,P2,Team_A,Medium,3
6887,Low,0.3,0.96,1,0.83,0.84,0.55,3,0.422,P2,Team_C,Medium,2
6888,Medium,0.6,0.48,3,0.55,0.81,0.8,0,0.483,P2,Team_B,Medium,2
6889,High,0.9,0.52,2,0.86,0.85,0.58,2,0.69,P1,Team_A,High,4
6890,High,0.9,0.61,3,0.71,0.79,0.83,1,0.64,P2,Team_B,Medium,2
6891,Low,0.3,0.73,4,0.31,0.62,0.76,2,0.413,P3,Team_C,Low,1
6892,Medium,0.6,0.24,4,0.61,0.72,0.43,2,0.435,P2,Team_C,Medium,3
6893,Medium,0.6,0.77,2,0.98,0.89,0.43,2,0.577,P2,Team_B,Medium,2
6894,High,0.9,0.39,1,0.86,0.73,0.89,6,0.676,P1,Team_A,High,5
6895,Low,0.3,0.3,1,0.84,0.84,0.94,6,0.262,P3,Team_B,Low,1
6896,Low,0.3,0.6,1,0.82,0.47,0.42,2,0.404,P3,Team_B,Low,1
6897,Medium,0.6,0.35,2,0.89,0.9,0.61,2,0.47,P2,Team_B,Medium,3
6898,Low,0.3,0.71,2,0.91,0.51,0.85,3,0.297,P3,Team_B,Low,1
6899,Low,0.3,0.79,3,0.84,0.33,0.55,2,0.518,P2,Team_B,Medium,2
6900,Low,0.3,0.47,4,0.8,0.49,0.54,5,0.393,P3,Team_B,Low,1
6901,Medium,0.6,0.44,2,0.41,0.27,0.53,2,0.577,P2,Team_C,Medium,3
6902,Medium,0.6,0.46,2,0.74,0.27,0.85,6,0.561,P2,Team_A,Medium,2
6903,Low,0.3,0.67,4,0.87,0.41,0.46,5,0.43,P2,Team_C,Medium,3
6904,Medium,0.6,0.08,4,0.7,0.68,0.89,5,0.382,P3,Team_C,Low,1
6905,Low,0.3,0.24,2,0.98,0.42,0.66,4,0.296,P3,Team_C,Low,1
6906,Medium,0.6,0.4,2,0.78,0.53,0.95,2,0.445,P2,Team_C,Medium,2
6907,Low,0.3,0.76,1,0.55,0.8,0.55,1,0.326,P3,Team_B,Low,1
6908,Low,0.3,0.39,4,0.64,0.58,0.49,1,0.332,P3,Team_C,Low,1
6909,High,0.9,0.15,4,0.66,0.92,0.43,3,0.612,P2,Team_B,Medium,2
6910,Medium,0.6,0.87,4,0.79,0.53,0.88,5,0.565,P2,Team_C,Medium,2
6911,Low,0.3,0.26,4,0.73,0.92,0.95,5,0.233,P3,Team_C,Low,1
6912,High,0.9,0.89,4,0.73,0.86,0.81,4,0.752,P1,Team_B,High,5
6913,Medium,0.6,0.49,1,0.87,0.62,0.4,3,0.649,P2,Team_C,Medium,2
6914,Low,0.3,0.47,2,0.8,0.7,0.45,5,0.375,P3,Team_B,Low,1
6915,Medium,0.6,0.56,2,0.68,0.78,0.86,1,0.506,P2,Team_B,Medium,3
6916,High,0.9,0.1,1,0.76,0.9,0.89,3,0.6,P2,Team_B,Medium,2
6917,Medium,0.6,0.37,1,0.77,0.88,0.35,3,0.517,P2,Team_B,Medium,2
6918,High,0.9,0.88,1,0.79,0.54,0.79,0,0.748,P1,Team_C,High,5
6919,Low,0.3,0.44,3,0.88,0.57,0.74,7,0.355,P3,Team_B,Low,1
6920,Medium,0.6,0.35,2,0.87,0.77,0.41,3,0.52,P2,Team_B,Medium,3
6921,Medium,0.6,0.74,4,0.7,0.62,0.31,2,0.588,P2,Team_C,Medium,2
6922,Low,0.3,0.24,2,0.58,0.61,0.79,4,0.274,P3,Team_B,Low,1
6923,High,0.9,0.38,4,0.58,0.74,0.45,5,0.716,P1,Team_B,High,5
6924,Low,0.3,0.64,3,0.87,0.51,0.59,3,0.311,P3,Team_C,Low,1
6925,Medium,0.6,0.36,1,0.98,0.71,0.8,1,0.492,P2,Team_C,Medium,3
6926,High,0.9,0.56,3,0.91,0.43,0.81,4,0.758,P1,Team_A,High,4
6927,High,0.9,0.74,2,0.88,0.57,0.53,3,0.781,P1,Team_A,High,6
6928,Low,0.3,0.79,4,0.8,0.81,0.85,0,0.373,P3,Team_B,Low,1
6929,Medium,0.6,0.54,2,0.55,0.71,0.82,2,0.5,P2,Team_A,Medium,3
6930,Medium,0.6,0.59,1,0.83,0.43,0.97,1,0.464,P2,Team_C,Medium,3
6931,Low,0.3,0.62,3,0.74,0.88,0.94,3,0.368,P3,Team_C,Low,1
6932,High,0.9,0.62,2,0.89,0.83,0.76,3,0.68,P1,Team_A,High,4
6933,Medium,0.6,0.85,3,0.59,0.97,0.64,4,0.57,P2,Team_B,Medium,3
6934,High,0.9,0.67,2,0.68,0.91,0.87,5,0.668,P1,Team_B,High,5
6935,Low,0.3,0.45,1,0.71,0.65,0.87,4,0.275,P3,Team_C,Low,1
6936,Medium,0.6,0.29,2,0.76,0.5,0.97,1,0.486,P2,Team_C,Medium,3
6937,Low,0.3,0.22,1,0.77,0.7,0.32,3,0.337,P3,Team_B,Low,1
6938,Medium,0.6,0.58,4,0.76,0.65,0.58,4,0.507,P2,Team_A,Medium,3
6939,Low,0.3,0.15,4,0.57,0.74,0.89,6,0.29,P3,Team_C,Low,1
6940,Medium,0.6,0.93,3,0.91,0.86,0.8,6,0.709,P1,Team_B,High,4
6941,Low,0.3,0.71,1,0.74,0.94,0.69,2,0.369,P3,Team_B,Low,1
6942,Medium,0.6,0.26,1,0.65,0.47,0.32,1,0.569,P2,Team_C,Medium,2
6943,Medium,0.6,0.25,3,0.84,0.54,0.61,3,0.455,P2,Team_A,Medium,3
6944,Medium,0.6,0.57,4,0.63,0.53,0.57,3,0.56,P2,Team_A,Medium,2
6945,High,0.9,0.51,2,0.8,0.75,0.42,1,0.682,P1,Team_A,High,6
6946,Low,0.3,0.68,2,0.59,0.73,0.97,3,0.395,P3,Team_B,Low,1
6947,High,0.9,0.25,3,0.87,0.51,0.43,3,0.67,P1,Team_A,High,4
6948,High,0.9,0.63,4,0.69,0.62,0.5,3,0.607,P2,Team_C,Medium,2
6949,Low,0.3,0.29,4,0.74,0.75,0.45,0,0.349,P3,Team_B,Low,1
6950,High,0.9,0.85,1,0.72,0.86,0.94,5,0.78,P1,Team_B,High,4
6951,High,0.9,0.66,1,0.75,0.55,0.69,6,0.749,P1,Team_C,High,5
6952,Medium,0.6,0.85,2,0.93,0.68,0.81,4,0.48,P2,Team_A,Medium,3
6953,Medium,0.6,0.31,1,0.86,0.75,0.93,0,0.462,P2,Team_B,Medium,3
6954,Medium,0.6,0.68,2,0.74,0.66,0.37,2,0.547,P2,Team_C,Medium,3
6955,Medium,0.6,0.16,2,0.75,0.7,0.49,2,0.459,P2,Team_C,Medium,2
6956,Medium,0.6,0.85,4,0.7,0.35,0.62,5,0.615,P2,Team_C,Medium,3
6957,Low,0.3,0.7,4,0.83,0.35,0.57,2,0.332,P3,Team_C,Low,1
6958,Medium,0.6,0.09,3,0.5,0.77,0.64,7,0.483,P2,Team_B,Medium,2
6959,Medium,0.6,0.78,1,0.73,0.94,0.36,3,0.584,P2,Team_B,Medium,3
6960,Medium,0.6,0.85,2,0.5,0.84,0.77,2,0.488,P2,Team_B,Medium,3
6961,High,0.9,0.54,3,0.7,0.92,0.79,3,0.67,P1,Team_B,High,4
6962,Low,0.3,0.26,2,0.86,0.84,0.36,3,0.264,P3,Team_B,Low,1
6963,Medium,0.6,0.68,4,0.93,0.88,0.96,2,0.546,P2,Team_B,Medium,2
6964,High,0.9,0.44,1,0.39,0.92,0.59,4,0.627,P2,Team_B,Medium,2
6965,Low,0.3,0.62,3,0.42,0.77,0.52,6,0.382,P3,Team_C,Low,1
6966,Low,0.3,0.26,1,0.45,0.79,0.81,2,0.335,P3,Team_C,Low,1
6967,Medium,0.6,0.75,2,0.48,0.75,0.74,1,0.454,P2,Team_B,Medium,3
6968,Medium,0.6,0.52,2,0.83,0.73,0.6,3,0.469,P2,Team_C,Medium,2
6969,Medium,0.6,0.42,1,0.62,0.5,0.36,5,0.575,P2,Team_A,Medium,2
6970,Medium,0.6,0.34,4,0.7,0.84,0.84,4,0.451,P2,Team_B,Medium,2
6971,Medium,0.6,0.05,2,0.9,0.44,0.63,4,0.415,P3,Team_A,Low,1
6972,High,0.9,0.2,2,0.87,0.77,0.79,4,0.535,P2,Team_A,Medium,3
6973,Low,0.3,0.27,4,0.39,0.53,0.56,3,0.364,P3,Team_B,Low,1
6974,Low,0.3,0.43,1,0.42,0.8,0.63,3,0.347,P3,Team_B,Low,1
6975,High,0.9,0.51,1,0.64,0.61,0.86,3,0.678,P1,Team_C,High,4
6976,High,0.9,0.1,1,0.85,0.41,0.83,2,0.651,P1,Team_A,High,6
6977,Medium,0.6,0.93,1,0.65,0.9,0.51,3,0.624,P2,Team_B,Medium,2
6978,Medium,0.6,0.29,3,0.73,0.66,0.84,3,0.41,P3,Team_C,Low,1
6979,Medium,0.6,0.14,1,0.65,0.72,0.46,2,0.404,P3,Team_C,Low,1
6980,Low,0.3,0.15,4,0.84,0.58,0.83,1,0.276,P3,Team_C,Low,1
6981,Low,0.3,0.77,2,0.63,0.7,0.58,4,0.388,P3,Team_C,Low,1
6982,High,0.9,0.31,1,0.81,0.68,0.47,2,0.636,P2,Team_A,Medium,2
6983,Medium,0.6,0.17,2,0.63,0.32,0.34,2,0.579,P2,Team_A,Medium,3
6984,Low,0.3,0.7,4,0.66,0.85,0.99,2,0.258,P3,Team_C,Low,1
6985,Medium,0.6,0.61,3,0.72,0.66,0.7,2,0.432,P2,Team_A,Medium,2
6986,Low,0.3,0.6,2,0.73,0.88,0.73,5,0.396,P3,Team_C,Low,1
6987,Medium,0.6,0.25,1,0.88,0.85,0.37,3,0.485,P2,Team_B,Medium,3
6988,Medium,0.6,0.65,1,0.89,0.39,0.6,3,0.558,P2,Team_A,Medium,3
6989,High,0.9,0.59,1,0.4,0.71,0.43,2,0.733,P1,Team_B,High,4
6990,Medium,0.6,0.71,3,0.65,0.81,0.37,1,0.586,P2,Team_B,Medium,2
6991,Low,0.3,0.37,4,0.91,0.56,0.77,5,0.314,P3,Team_C,Low,1
6992,Low,0.3,0.67,2,0.83,0.48,0.47,2,0.347,P3,Team_B,Low,1
6993,High,0.9,0.7,3,0.8,0.7,0.88,1,0.704,P1,Team_A,High,4
6994,Medium,0.6,0.3,4,0.65,0.94,0.45,1,0.552,P2,Team_B,Medium,3
6995,Medium,0.6,0.56,2,0.56,0.73,0.72,2,0.578,P2,Team_C,Medium,3
6996,Medium,0.6,0.37,4,0.77,0.88,0.96,4,0.432,P2,Team_B,Medium,2
6997,High,0.9,0.49,2,0.81,0.64,0.67,2,0.754,P1,Team_A,High,6
6998,Low,0.3,0.25,3,0.43,0.5,0.83,0,0.271,P3,Team_B,Low,1
6999,Medium,0.6,0.56,3,0.77,0.56,0.8,3,0.624,P2,Team_C,Medium,3
7000,Medium,0.6,0.43,3,0.56,0.8,0.4,2,0.454,P2,Team_B,Medium,2
7001,Low,0.3,0.34,4,0.81,0.62,0.67,6,0.398,P3,Team_C,Low,1
7002,Medium,0.6,0.56,2,0.96,0.88,0.43,3,0.456,P2,Team_B,Medium,2
7003,High,0.9,0.49,3,0.88,0.63,0.47,4,0.71,P1,Team_A,High,4
7004,High,0.9,0.7,4,0.83,0.62,0.59,3,0.804,P1,Team_A,High,6
7005,High,0.9,0.3,1,0.83,0.54,0.97,2,0.645,P2,Team_A,Medium,3
7006,Medium,0.6,0.81,3,0.88,0.52,0.51,4,0.575,P2,Team_A,Medium,2
7007,High,0.9,0.16,4,0.77,0.48,0.33,3,0.632,P2,Team_C,Medium,2
7008,Low,0.3,0.62,3,0.69,0.9,0.96,2,0.264,P3,Team_B,Low,1
7009,High,0.9,0.2,2,0.74,0.55,0.62,0,0.588,P2,Team_C,Medium,3
7010,High,0.9,0.03,3,0.97,0.75,0.33,5,0.69,P1,Team_A,High,4
7011,High,0.9,0.53,3,0.62,0.82,0.4,5,0.696,P1,Team_B,High,4
7012,Low,0.3,0.51,4,0.73,0.41,0.92,0,0.294,P3,Team_C,Low,1
7013,Low,0.3,0.09,1,0.47,0.87,0.78,1,0.225,P3,Team_B,Low,1
7014,High,0.9,0.49,1,0.85,0.68,0.43,1,0.74,P1,Team_A,High,6
7015,Low,0.3,0.66,4,0.71,0.82,0.81,4,0.31,P3,Team_C,Low,1
7016,Low,0.3,0.94,4,0.77,0.72,0.78,2,0.376,P3,Team_C,Low,1
7017,Medium,0.6,0.8,3,0.9,0.81,0.58,4,0.703,P1,Team_B,High,5
7018,High,0.9,0.55,2,0.87,0.43,1.0,6,0.743,P1,Team_A,High,5
7019,Medium,0.6,0.36,2,0.91,0.66,0.71,3,0.5,P2,Team_A,Medium,3
7020,Low,0.3,0.66,1,0.6,0.53,0.72,3,0.395,P3,Team_B,Low,1
7021,Medium,0.6,0.59,4,0.67,0.62,0.82,0,0.618,P2,Team_C,Medium,2
7022,Medium,0.6,0.34,4,0.91,0.46,0.72,3,0.46,P2,Team_C,Medium,3
7023,Medium,0.6,0.66,4,0.83,0.82,0.97,3,0.449,P2,Team_B,Medium,2
7024,Low,0.3,0.55,1,0.69,0.62,0.35,1,0.466,P2,Team_B,Medium,2
7025,Low,0.3,0.71,2,0.75,0.54,0.73,1,0.362,P3,Team_B,Low,1
7026,Medium,0.6,0.42,1,0.59,0.72,0.57,1,0.474,P2,Team_C,Medium,2
7027,Medium,0.6,0.66,3,0.84,0.61,0.78,4,0.483,P2,Team_C,Medium,3
7028,Medium,0.6,0.9,3,0.68,0.43,0.57,2,0.594,P2,Team_C,Medium,2
7029,High,0.9,0.72,3,0.96,0.61,0.95,2,0.718,P1,Team_A,High,4
7030,Medium,0.6,0.73,1,0.75,0.85,0.85,3,0.531,P2,Team_B,Medium,2
7031,Medium,0.6,0.51,3,0.87,0.57,0.39,5,0.544,P2,Team_A,Medium,2
7032,High,0.9,0.71,1,0.63,0.49,0.8,6,0.742,P1,Team_C,High,6
7033,High,0.9,0.16,4,0.68,0.79,0.82,1,0.642,P2,Team_B,Medium,3
7034,Medium,0.6,0.17,2,0.74,0.7,0.36,3,0.464,P2,Team_C,Medium,2
7035,High,0.9,0.34,2,0.7,0.76,0.83,2,0.672,P1,Team_B,High,5
7036,Medium,0.6,0.76,4,0.81,0.75,0.94,2,0.525,P2,Team_B,Medium,2
7037,Low,0.3,0.61,4,0.73,0.61,0.52,2,0.445,P2,Team_B,Medium,3
7038,Low,0.3,0.8,2,0.81,0.82,0.32,5,0.433,P2,Team_B,Medium,3
7039,High,0.9,0.13,4,0.47,0.82,0.83,4,0.602,P2,Team_B,Medium,2
7040,Medium,0.6,0.46,1,0.78,0.21,0.51,1,0.51,P2,Team_C,Medium,2
7041,Medium,0.6,0.15,1,0.72,0.85,0.89,3,0.487,P2,Team_B,Medium,2
7042,Medium,0.6,0.75,3,0.78,0.4,0.97,2,0.539,P2,Team_C,Medium,3
7043,Medium,0.6,0.53,2,0.53,0.44,0.86,2,0.482,P2,Team_A,Medium,2
7044,Low,0.3,0.3,1,0.54,0.73,0.91,5,0.271,P3,Team_C,Low,1
7045,High,0.9,0.45,1,0.85,0.57,0.87,2,0.622,P2,Team_A,Medium,2
7046,High,0.9,0.57,3,0.5,0.8,0.89,3,0.676,P1,Team_B,High,6
7047,Medium,0.6,0.33,3,0.56,0.7,0.36,2,0.558,P2,Team_C,Medium,3
7048,Low,0.3,0.37,3,0.75,0.84,0.56,7,0.31,P3,Team_C,Low,1
7049,High,0.9,0.46,2,0.73,0.76,0.47,1,0.676,P1,Team_B,High,5
7050,High,0.9,0.15,3,0.69,0.9,1.0,5,0.557,P2,Team_B,Medium,2
7051,High,0.9,0.7,3,0.75,0.61,0.65,3,0.649,P2,Team_C,Medium,2
7052,Medium,0.6,0.55,2,0.94,0.7,0.86,7,0.52,P2,Team_A,Medium,3
7053,Low,0.3,0.54,2,0.94,0.91,0.87,3,0.308,P3,Team_B,Low,1
7054,Low,0.3,0.47,3,0.56,0.73,0.53,2,0.346,P3,Team_C,Low,1
7055,Medium,0.6,0.11,2,0.66,0.68,0.77,2,0.451,P2,Team_C,Medium,2
7056,High,0.9,0.6,1,0.91,0.38,0.67,4,0.703,P1,Team_A,High,6
7057,Medium,0.6,0.3,1,0.87,0.52,0.82,2,0.448,P2,Team_C,Medium,2
7058,Medium,0.6,0.01,2,0.95,0.86,0.57,4,0.443,P2,Team_B,Medium,2
7059,Low,0.3,0.71,4,0.7,0.61,0.99,2,0.392,P3,Team_B,Low,1
7060,High,0.9,0.62,1,0.58,0.56,0.85,4,0.798,P1,Team_C,High,6
7061,Low,0.3,0.96,2,0.83,0.5,0.53,3,0.533,P2,Team_B,Medium,3
7062,High,0.9,0.74,4,0.69,0.8,0.89,1,0.674,P1,Team_B,High,6
7063,Low,0.3,0.58,1,0.57,0.85,0.68,5,0.359,P3,Team_B,Low,1
7064,High,0.9,0.3,4,0.82,0.18,0.48,5,0.689,P1,Team_A,High,4
7065,Medium,0.6,0.36,2,0.77,0.79,0.85,3,0.395,P3,Team_B,Low,1
7066,High,0.9,0.55,2,0.82,0.63,0.45,1,0.69,P1,Team_A,High,6
7067,High,0.9,0.18,1,0.68,0.22,0.83,2,0.608,P2,Team_C,Medium,2
7068,High,0.9,0.38,4,0.68,0.47,0.67,4,0.696,P1,Team_C,High,5
7069,Medium,0.6,0.57,1,0.41,0.85,0.75,3,0.603,P2,Team_B,Medium,2
7070,High,0.9,0.36,3,0.68,0.56,0.7,1,0.62,P2,Team_C,Medium,2
7071,Low,0.3,0.74,3,0.78,0.76,0.38,2,0.481,P2,Team_B,Medium,3
7072,High,0.9,0.58,4,0.91,0.64,0.41,5,0.672,P1,Team_A,High,6
7073,Medium,0.6,0.21,4,0.64,0.69,0.84,2,0.436,P2,Team_A,Medium,2
7074,Low,0.3,0.14,1,0.95,0.98,0.73,2,0.273,P3,Team_B,Low,1
7075,High,0.9,0.59,3,0.92,0.67,0.68,6,0.721,P1,Team_A,High,5
7076,High,0.9,0.86,4,0.48,0.76,0.71,6,0.728,P1,Team_B,High,4
7077,Low,0.3,0.77,4,0.67,0.6,0.36,2,0.46,P2,Team_B,Medium,3
7078,Low,0.3,0.36,4,0.62,0.63,0.35,4,0.344,P3,Team_B,Low,1
7079,Medium,0.6,0.12,4,0.89,0.93,0.67,0,0.326,P3,Team_B,Low,1
7080,High,0.9,0.16,3,0.81,0.6,0.51,1,0.6,P2,Team_A,Medium,2
7081,Low,0.3,0.38,3,0.8,0.39,0.86,2,0.342,P3,Team_C,Low,1
7082,High,0.9,0.49,1,0.49,0.92,0.57,5,0.611,P2,Team_B,Medium,3
7083,Medium,0.6,0.82,4,0.55,0.49,0.74,7,0.55,P2,Team_C,Medium,2
7084,High,0.9,0.74,2,0.87,0.54,0.84,1,0.756,P1,Team_A,High,4
7085,Low,0.3,0.44,3,0.43,0.75,0.35,2,0.425,P2,Team_B,Medium,3
7086,Low,0.3,0.63,4,0.87,0.57,0.67,4,0.379,P3,Team_B,Low,1
7087,High,0.9,0.19,2,0.66,0.88,0.37,3,0.662,P1,Team_B,High,4
7088,High,0.9,0.1,3,0.65,0.53,0.6,4,0.633,P2,Team_C,Medium,2
7089,Low,0.3,0.85,4,0.72,0.56,0.7,3,0.523,P2,Team_C,Medium,3
7090,Medium,0.6,0.43,1,0.61,0.59,0.81,2,0.426,P2,Team_C,Medium,3
7091,Low,0.3,0.84,2,0.6,0.67,0.5,6,0.556,P2,Team_B,Medium,3
7092,Low,0.3,0.56,1,0.25,0.95,0.47,3,0.289,P3,Team_C,Low,1
7093,Low,0.3,0.76,1,0.88,0.91,0.63,4,0.381,P3,Team_B,Low,1
7094,Low,0.3,0.86,3,0.56,0.83,0.68,0,0.373,P3,Team_B,Low,1
7095,Medium,0.6,0.43,1,0.77,0.58,0.53,4,0.536,P2,Team_A,Medium,2
7096,Low,0.3,0.25,1,0.7,0.69,0.71,5,0.374,P3,Team_B,Low,1
7097,High,0.9,0.57,3,0.96,0.66,0.99,8,0.557,P2,Team_A,Medium,3
7098,Low,0.3,0.86,2,0.69,0.75,0.75,1,0.334,P3,Team_B,Low,1
7099,Low,0.3,0.85,3,0.82,0.66,0.44,4,0.563,P2,Team_B,Medium,3
7100,High,0.9,0.68,4,0.86,0.73,0.56,4,0.676,P1,Team_A,High,4
7101,High,0.9,0.92,4,0.91,0.55,0.75,2,0.737,P1,Team_A,High,4
7102,Medium,0.6,0.66,2,0.97,0.7,0.47,5,0.67,P1,Team_A,High,4
7103,High,0.9,0.33,1,0.54,0.83,0.91,0,0.533,P2,Team_B,Medium,2
7104,High,0.9,0.92,2,0.47,0.84,0.87,1,0.739,P1,Team_B,High,4
7105,High,0.9,0.43,4,0.79,0.84,0.89,2,0.623,P2,Team_B,Medium,2
7106,High,0.9,0.54,2,0.82,0.92,0.56,5,0.665,P1,Team_A,High,6
7107,High,0.9,0.43,1,0.65,0.92,0.99,2,0.585,P2,Team_B,Medium,3
7108,Medium,0.6,0.67,3,0.71,0.66,0.71,5,0.54,P2,Team_A,Medium,3
7109,Low,0.3,0.57,1,0.73,0.9,0.64,4,0.39,P3,Team_B,Low,1
7110,Low,0.3,0.64,4,0.9,0.47,0.54,3,0.41,P3,Team_B,Low,1
7111,Medium,0.6,0.63,2,0.94,0.56,0.61,0,0.543,P2,Team_C,Medium,3
7112,Medium,0.6,0.24,3,0.89,0.43,0.38,5,0.392,P3,Team_A,Low,1
7113,High,0.9,0.62,4,0.78,0.93,0.8,7,0.649,P2,Team_B,Medium,2
7114,Medium,0.6,0.64,1,0.91,0.88,0.93,3,0.581,P2,Team_B,Medium,3
7115,Medium,0.6,0.36,2,0.64,0.46,0.79,1,0.397,P3,Team_C,Low,1
7116,Medium,0.6,0.44,3,0.94,0.57,0.54,0,0.484,P2,Team_C,Medium,3
7117,Medium,0.6,0.81,3,0.61,0.36,0.36,0,0.501,P2,Team_A,Medium,2
7118,Low,0.3,0.63,1,0.69,0.79,0.43,0,0.385,P3,Team_B,Low,1
7119,Medium,0.6,0.49,4,0.7,0.89,0.85,3,0.525,P2,Team_B,Medium,3
7120,Low,0.3,0.58,3,0.7,0.61,0.74,2,0.353,P3,Team_C,Low,1
7121,Low,0.3,0.29,1,0.67,0.93,0.78,6,0.305,P3,Team_C,Low,1
7122,High,0.9,0.73,2,0.82,0.36,0.81,5,0.775,P1,Team_A,High,4
7123,High,0.9,0.44,3,0.98,0.78,0.54,3,0.731,P1,Team_A,High,4
7124,High,0.9,0.15,1,0.97,0.59,0.39,2,0.57,P2,Team_A,Medium,2
7125,Low,0.3,0.43,4,0.87,0.85,0.51,2,0.442,P2,Team_C,Medium,3
7126,High,0.9,0.16,1,0.91,0.72,0.51,5,0.63,P2,Team_A,Medium,3
7127,Low,0.3,0.8,4,0.79,0.69,0.59,4,0.423,P2,Team_B,Medium,3
7128,Medium,0.6,0.87,3,0.87,0.64,0.63,2,0.644,P2,Team_C,Medium,2
7129,Low,0.3,0.6,2,0.61,0.52,0.36,1,0.369,P3,Team_B,Low,1
7130,High,0.9,0.55,1,0.78,0.46,0.98,4,0.663,P1,Team_C,High,5
7131,Medium,0.6,0.86,2,0.46,0.77,0.62,4,0.526,P2,Team_B,Medium,2
7132,Medium,0.6,0.63,4,0.78,0.5,0.56,2,0.514,P2,Team_C,Medium,2
7133,High,0.9,0.48,2,0.76,0.76,0.93,6,0.71,P1,Team_B,High,5
7134,Medium,0.6,0.3,2,0.76,0.77,0.6,3,0.467,P2,Team_B,Medium,3
7135,High,0.9,0.37,3,0.86,0.86,0.97,2,0.659,P1,Team_A,High,4
7136,Medium,0.6,0.29,2,0.88,0.75,0.45,3,0.476,P2,Team_B,Medium,3
7137,Low,0.3,0.51,2,0.64,0.72,0.51,6,0.329,P3,Team_C,Low,1
7138,Low,0.3,0.73,4,0.88,0.66,0.71,8,0.339,P3,Team_B,Low,1
7139,High,0.9,0.37,1,0.82,0.63,0.37,2,0.728,P1,Team_A,High,4
7140,High,0.9,0.5,1,0.52,0.82,0.63,2,0.698,P1,Team_B,High,4
7141,High,0.9,0.45,1,0.46,0.58,0.69,1,0.707,P1,Team_C,High,5
7142,High,0.9,0.13,4,0.72,0.65,0.76,0,0.508,P2,Team_C,Medium,2
7143,High,0.9,0.1,1,0.72,0.48,0.64,5,0.628,P2,Team_C,Medium,2
7144,Low,0.3,0.83,1,0.9,0.83,0.39,2,0.408,P3,Team_C,Low,1
7145,Low,0.3,0.65,1,0.56,0.7,0.59,2,0.375,P3,Team_B,Low,1
7146,High,0.9,0.8,3,0.45,0.34,0.5,2,0.78,P1,Team_C,High,5
7147,Medium,0.6,0.78,1,0.95,0.63,0.49,3,0.611,P2,Team_C,Medium,2
7148,Low,0.3,0.89,3,0.71,0.91,0.83,7,0.394,P3,Team_B,Low,1
7149,Low,0.3,0.39,1,0.86,0.79,0.91,5,0.345,P3,Team_C,Low,1
7150,Medium,0.6,0.39,4,0.74,0.67,0.81,5,0.527,P2,Team_A,Medium,3
7151,High,0.9,0.6,1,0.91,0.85,0.49,2,0.591,P2,Team_A,Medium,3
7152,High,0.9,0.3,4,0.89,0.22,0.84,2,0.627,P2,Team_A,Medium,2
7153,Medium,0.6,0.56,1,0.81,0.75,0.91,3,0.471,P2,Team_B,Medium,2
7154,High,0.9,0.58,2,0.92,0.84,0.92,5,0.724,P1,Team_A,High,4
7155,High,0.9,0.75,2,0.48,0.63,0.57,3,0.656,P1,Team_C,High,4
7156,Low,0.3,0.5,3,0.56,0.66,0.43,4,0.371,P3,Team_C,Low,1
7157,Medium,0.6,0.56,2,0.68,0.95,0.65,4,0.451,P2,Team_B,Medium,3
7158,Low,0.3,0.61,2,0.77,0.88,0.47,7,0.38,P3,Team_C,Low,1
7159,Low,0.3,0.63,2,0.95,0.76,0.38,5,0.384,P3,Team_B,Low,1
7160,High,0.9,0.56,1,0.79,0.43,0.85,6,0.759,P1,Team_C,High,4
7161,High,0.9,0.21,2,0.81,0.7,0.7,2,0.704,P1,Team_A,High,4
7162,Low,0.3,0.65,2,0.55,0.63,0.5,1,0.459,P2,Team_B,Medium,3
7163,Low,0.3,0.55,2,0.74,0.74,0.55,4,0.415,P3,Team_C,Low,1
7164,Medium,0.6,0.62,4,0.63,0.78,0.33,6,0.506,P2,Team_B,Medium,3
7165,Low,0.3,0.19,2,0.62,0.33,0.94,5,0.356,P3,Team_B,Low,1
7166,High,0.9,0.9,1,0.78,0.68,0.58,4,0.754,P1,Team_C,High,6
7167,Low,0.3,0.45,4,0.7,0.86,0.98,2,0.325,P3,Team_B,Low,1
7168,Low,0.3,0.6,3,0.85,0.55,0.53,2,0.247,P3,Team_B,Low,1
7169,Medium,0.6,0.65,4,0.88,0.23,0.71,3,0.667,P1,Team_C,High,6
7170,High,0.9,0.3,4,0.59,0.89,0.4,4,0.586,P2,Team_B,Medium,3
7171,Medium,0.6,0.06,2,0.82,0.98,0.81,5,0.367,P3,Team_B,Low,1
7172,Low,0.3,0.27,4,0.94,0.85,0.67,3,0.311,P3,Team_B,Low,1
7173,Medium,0.6,0.53,3,0.66,0.71,0.34,1,0.482,P2,Team_A,Medium,2
7174,Medium,0.6,0.44,2,0.85,0.88,0.37,3,0.48,P2,Team_B,Medium,3
7175,Medium,0.6,0.34,1,0.67,0.95,0.75,5,0.421,P2,Team_B,Medium,2
7176,Medium,0.6,0.22,4,0.77,0.69,0.6,1,0.385,P3,Team_A,Low,1
7177,Medium,0.6,0.45,1,0.52,0.62,0.43,1,0.513,P2,Team_A,Medium,3
7178,Low,0.3,0.92,2,0.52,0.9,0.33,4,0.441,P2,Team_C,Medium,3
7179,Medium,0.6,0.9,3,0.58,0.17,0.88,5,0.549,P2,Team_C,Medium,3
7180,High,0.9,0.93,4,0.97,0.84,0.39,1,0.69,P1,Team_A,High,4
7181,Medium,0.6,0.42,4,0.88,0.3,0.77,1,0.483,P2,Team_C,Medium,3
7182,High,0.9,0.53,2,0.83,0.54,0.39,3,0.829,P1,Team_A,High,5
7183,High,0.9,0.42,1,0.75,0.73,0.93,4,0.572,P2,Team_B,Medium,3
7184,High,0.9,0.75,2,0.65,0.63,0.38,3,0.759,P1,Team_C,High,6
7185,Medium,0.6,0.38,4,0.68,0.64,0.79,4,0.446,P2,Team_C,Medium,2
7186,High,0.9,0.68,3,0.97,0.79,0.63,5,0.65,P1,Team_A,High,6
7187,Low,0.3,0.77,2,0.62,0.39,0.62,3,0.504,P2,Team_B,Medium,3
7188,Low,0.3,0.59,2,0.89,0.85,0.89,6,0.344,P3,Team_C,Low,1
7189,Low,0.3,0.94,3,0.54,0.74,1.0,2,0.364,P3,Team_C,Low,1
7190,Low,0.3,0.83,2,0.53,0.8,0.84,5,0.392,P3,Team_B,Low,1
7191,High,0.9,0.2,2,0.84,0.39,0.94,2,0.605,P2,Team_A,Medium,3
7192,Low,0.3,0.5,3,0.88,0.74,0.44,1,0.322,P3,Team_C,Low,1
7193,High,0.9,0.35,3,0.82,0.57,0.71,2,0.666,P1,Team_A,High,5
7194,Low,0.3,0.57,1,0.94,0.23,0.38,2,0.422,P2,Team_C,Medium,2
7195,High,0.9,0.64,3,0.82,0.81,0.37,0,0.707,P1,Team_A,High,4
7196,Low,0.3,0.4,4,0.88,0.66,0.52,4,0.285,P3,Team_B,Low,1
7197,Low,0.3,0.13,1,0.82,0.81,0.51,3,0.256,P3,Team_C,Low,1
7198,Medium,0.6,0.5,1,0.79,0.49,0.96,1,0.477,P2,Team_C,Medium,2
7199,Medium,0.6,0.48,2,0.71,0.63,0.33,0,0.472,P2,Team_C,Medium,2
7200,Medium,0.6,0.23,1,0.69,0.63,0.74,2,0.408,P3,Team_C,Low,1
7201,Low,0.3,0.32,4,0.77,0.45,0.93,4,0.442,P2,Team_C,Medium,3
7202,Medium,0.6,0.62,3,0.98,0.61,0.88,4,0.526,P2,Team_A,Medium,3
7203,Low,0.3,0.52,2,0.75,0.83,0.98,3,0.314,P3,Team_B,Low,1
7204,High,0.9,0.44,4,0.76,0.38,0.46,2,0.665,P1,Team_C,High,6
7205,Low,0.3,0.17,1,0.89,0.62,0.41,3,0.376,P3,Team_B,Low,1
7206,Medium,0.6,0.73,1,0.47,0.36,0.65,6,0.589,P2,Team_A,Medium,2
7207,Low,0.3,0.26,1,0.61,0.42,0.45,2,0.358,P3,Team_B,Low,1
7208,Low,0.3,0.27,4,0.84,0.71,0.5,4,0.396,P3,Team_C,Low,1
7209,High,0.9,0.62,1,0.48,0.63,0.81,6,0.683,P1,Team_C,High,5
7210,Medium,0.6,0.54,2,0.81,0.58,0.92,4,0.632,P2,Team_A,Medium,3
7211,Low,0.3,0.38,2,0.73,0.79,0.96,2,0.279,P3,Team_B,Low,1
7212,Low,0.3,0.44,2,0.59,0.71,0.68,2,0.237,P3,Team_C,Low,1
7213,Low,0.3,0.76,2,0.75,0.55,0.67,4,0.412,P3,Team_B,Low,1
7214,High,0.9,0.2,1,0.9,0.7,0.84,5,0.598,P2,Team_A,Medium,2
7215,Medium,0.6,0.85,1,0.98,0.91,0.57,2,0.51,P2,Team_B,Medium,2
7216,Low,0.3,0.65,2,0.84,0.6,0.96,3,0.345,P3,Team_B,Low,1
7217,Low,0.3,0.74,1,0.85,0.69,0.37,5,0.497,P2,Team_C,Medium,2
7218,Medium,0.6,0.61,3,0.66,0.92,0.53,6,0.438,P2,Team_B,Medium,2
7219,High,0.9,0.94,2,0.72,0.63,0.64,5,0.759,P1,Team_C,High,4
7220,Medium,0.6,0.12,4,0.98,0.38,0.76,3,0.513,P2,Team_C,Medium,2
7221,Low,0.3,0.53,4,0.48,0.77,0.37,4,0.381,P3,Team_B,Low,1
7222,Medium,0.6,0.28,2,0.84,0.53,0.77,3,0.443,P2,Team_C,Medium,2
7223,High,0.9,0.62,1,0.7,0.64,0.83,1,0.586,P2,Team_C,Medium,3
7224,High,0.9,0.8,4,0.64,0.8,0.74,3,0.744,P1,Team_B,High,6
7225,High,0.9,0.44,2,0.68,0.88,0.67,7,0.649,P2,Team_B,Medium,3
7226,Low,0.3,0.42,1,0.63,0.78,0.89,3,0.239,P3,Team_B,Low,1
7227,Medium,0.6,0.73,1,0.92,0.55,0.79,4,0.531,P2,Team_A,Medium,2
7228,Medium,0.6,0.24,4,0.89,0.92,0.59,1,0.445,P2,Team_B,Medium,3
7229,Medium,0.6,0.33,4,0.79,0.65,0.97,0,0.46,P2,Team_C,Medium,3
7230,High,0.9,0.41,4,0.86,0.55,0.61,2,0.668,P1,Team_A,High,4
7231,High,0.9,0.76,4,0.69,0.6,0.36,4,0.772,P1,Team_C,High,6
7232,Low,0.3,0.65,2,0.84,0.78,0.53,1,0.327,P3,Team_C,Low,1
7233,Low,0.3,0.59,2,0.77,0.8,0.34,3,0.404,P3,Team_B,Low,1
7234,High,0.9,0.86,4,0.63,0.9,0.32,2,0.723,P1,Team_B,High,5
7235,Low,0.3,0.51,1,0.63,0.5,0.56,4,0.42,P3,Team_B,Low,1
7236,High,0.9,0.5,3,0.79,0.58,0.66,4,0.719,P1,Team_C,High,4
7237,High,0.9,0.19,4,0.83,0.64,0.87,1,0.552,P2,Team_A,Medium,2
7238,High,0.9,0.29,4,0.54,0.6,0.54,2,0.678,P1,Team_C,High,4
7239,Low,0.3,0.8,1,0.78,0.87,0.82,1,0.395,P3,Team_B,Low,1
7240,Low,0.3,0.21,1,0.7,0.22,0.66,5,0.3,P3,Team_C,Low,1
7241,Low,0.3,0.79,3,0.87,0.47,0.6,1,0.462,P2,Team_B,Medium,3
7242,Low,0.3,0.38,2,0.76,0.78,0.43,2,0.384,P3,Team_C,Low,1
7243,Medium,0.6,0.65,4,0.96,0.71,0.52,2,0.6,P2,Team_A,Medium,2
7244,Low,0.3,0.53,2,0.43,0.61,0.76,5,0.348,P3,Team_C,Low,1
7245,Low,0.3,0.76,1,0.78,0.57,0.69,4,0.269,P3,Team_B,Low,1
7246,Medium,0.6,0.69,4,0.84,0.81,0.98,2,0.564,P2,Team_B,Medium,2
7247,Low,0.3,0.47,2,0.97,0.94,0.79,5,0.276,P3,Team_C,Low,1
7248,Low,0.3,0.17,3,0.96,0.85,0.66,4,0.135,P3,Team_B,Low,1
7249,High,0.9,0.69,3,0.86,0.55,0.84,1,0.831,P1,Team_A,High,5
7250,Low,0.3,0.63,1,0.86,0.96,0.37,6,0.402,P3,Team_B,Low,1
7251,Low,0.3,0.38,3,0.93,0.83,0.58,1,0.365,P3,Team_B,Low,1
7252,Low,0.3,0.38,2,0.51,0.62,0.32,5,0.293,P3,Team_B,Low,1
7253,Low,0.3,0.65,2,0.87,0.55,0.97,3,0.421,P2,Team_B,Medium,3
7254,High,0.9,0.28,4,0.38,0.44,0.95,3,0.613,P2,Team_C,Medium,3
7255,High,0.9,0.89,3,0.62,0.56,1.0,4,0.756,P1,Team_C,High,4
7256,Low,0.3,0.23,1,0.54,0.49,0.3,3,0.275,P3,Team_B,Low,1
7257,Medium,0.6,0.47,2,0.69,0.7,0.64,2,0.425,P2,Team_C,Medium,3
7258,High,0.9,0.53,4,0.78,0.93,0.41,4,0.716,P1,Team_B,High,5
7259,Low,0.3,0.81,4,0.6,0.68,0.63,2,0.377,P3,Team_B,Low,1
7260,High,0.9,0.43,4,0.35,0.82,0.49,1,0.659,P1,Team_B,High,6
7261,High,0.9,0.18,3,0.62,0.72,0.93,5,0.508,P2,Team_B,Medium,3
7262,Medium,0.6,0.51,4,0.87,0.54,0.98,4,0.586,P2,Team_C,Medium,3
7263,Low,0.3,0.54,1,0.59,0.91,0.93,3,0.394,P3,Team_B,Low,1
7264,Medium,0.6,0.25,4,0.71,0.75,0.5,6,0.534,P2,Team_B,Medium,2
7265,Medium,0.6,0.35,3,0.88,0.76,0.82,3,0.43,P2,Team_B,Medium,3
7266,Low,0.3,0.76,1,0.82,0.73,0.34,2,0.402,P3,Team_B,Low,1
7267,Medium,0.6,0.58,4,0.31,0.39,0.58,1,0.57,P2,Team_C,Medium,3
7268,Low,0.3,0.37,4,0.58,0.64,0.6,2,0.284,P3,Team_B,Low,1
7269,High,0.9,0.59,2,0.89,0.85,0.42,3,0.696,P1,Team_A,High,5
7270,Low,0.3,0.56,3,0.72,0.98,0.37,2,0.332,P3,Team_C,Low,1
7271,High,0.9,0.47,1,0.85,0.61,0.66,4,0.636,P2,Team_A,Medium,2
7272,High,0.9,0.55,4,0.64,0.47,0.97,4,0.587,P2,Team_C,Medium,2
7273,Low,0.3,0.5,2,0.59,0.84,0.35,1,0.368,P3,Team_C,Low,1
7274,Medium,0.6,0.95,3,0.55,0.49,0.75,3,0.584,P2,Team_C,Medium,3
7275,Low,0.3,0.15,3,0.43,0.48,0.92,4,0.274,P3,Team_C,Low,1
7276,High,0.9,0.5,4,0.86,0.69,0.38,3,0.777,P1,Team_A,High,5
7277,Low,0.3,0.85,3,0.6,0.78,0.96,2,0.424,P2,Team_C,Medium,2
7278,Medium,0.6,0.57,2,0.33,0.9,0.76,2,0.493,P2,Team_B,Medium,2
7279,Medium,0.6,0.58,2,0.72,0.46,0.34,1,0.551,P2,Team_C,Medium,3
7280,Low,0.3,0.8,1,0.78,0.91,0.4,3,0.353,P3,Team_C,Low,1
7281,Low,0.3,0.22,1,0.98,0.86,0.69,1,0.248,P3,Team_C,Low,1
7282,Medium,0.6,0.25,2,0.64,0.87,0.92,4,0.361,P3,Team_B,Low,1
7283,Low,0.3,0.27,4,0.66,0.6,0.98,3,0.203,P3,Team_C,Low,1
7284,High,0.9,0.77,2,0.93,0.53,0.39,2,0.841,P1,Team_A,High,4
7285,Low,0.3,0.37,2,0.77,0.5,0.91,5,0.246,P3,Team_B,Low,1
7286,Medium,0.6,0.31,2,0.51,0.69,0.35,1,0.409,P3,Team_A,Low,1
7287,High,0.9,0.9,4,0.6,0.88,0.61,2,0.684,P1,Team_B,High,5
7288,Low,0.3,0.94,2,0.51,0.83,0.89,3,0.368,P3,Team_C,Low,1
7289,High,0.9,0.68,1,0.96,0.26,0.8,3,0.647,P2,Team_A,Medium,2
7290,Medium,0.6,0.25,2,0.87,0.66,0.8,4,0.405,P3,Team_C,Low,1
7291,Low,0.3,0.62,2,0.46,0.5,0.34,2,0.438,P2,Team_B,Medium,2
7292,Medium,0.6,0.75,1,0.65,0.8,0.6,1,0.509,P2,Team_B,Medium,3
7293,Medium,0.6,0.37,1,0.79,0.82,0.46,5,0.493,P2,Team_B,Medium,3
7294,High,0.9,0.06,1,0.77,0.85,0.92,5,0.599,P2,Team_B,Medium,3
7295,Medium,0.6,0.67,4,0.77,0.56,0.4,3,0.593,P2,Team_C,Medium,2
7296,Low,0.3,0.68,3,0.87,0.75,0.97,5,0.382,P3,Team_B,Low,1
7297,Medium,0.6,0.79,4,0.85,0.86,0.42,3,0.597,P2,Team_B,Medium,2
7298,Medium,0.6,0.57,3,0.61,0.74,0.32,0,0.477,P2,Team_C,Medium,2
7299,Medium,0.6,0.07,1,0.65,0.52,0.77,3,0.413,P3,Team_A,Low,1
7300,High,0.9,0.23,1,0.91,0.79,0.41,2,0.596,P2,Team_A,Medium,2
7301,Low,0.3,0.55,1,0.78,0.76,0.99,3,0.313,P3,Team_B,Low,1
7302,Medium,0.6,0.88,4,0.89,0.65,0.49,2,0.611,P2,Team_C,Medium,3
7303,High,0.9,0.23,3,0.73,0.65,0.69,1,0.633,P2,Team_C,Medium,2
7304,High,0.9,0.59,2,0.82,0.77,0.56,3,0.704,P1,Team_A,High,6
7305,Medium,0.6,0.26,2,0.66,0.64,0.37,2,0.404,P3,Team_C,Low,1
7306,Medium,0.6,0.46,2,0.66,0.62,0.31,2,0.486,P2,Team_A,Medium,3
7307,Low,0.3,0.27,1,0.73,0.72,0.82,4,0.249,P3,Team_C,Low,1
7308,Medium,0.6,0.4,4,0.72,0.61,0.75,3,0.572,P2,Team_A,Medium,2
7309,Medium,0.6,0.3,1,0.73,0.83,0.38,3,0.453,P2,Team_B,Medium,2
7310,High,0.9,0.85,1,0.84,0.66,0.52,2,0.716,P1,Team_A,High,4
7311,Low,0.3,0.92,4,0.82,0.75,0.41,1,0.395,P3,Team_C,Low,1
7312,Medium,0.6,0.32,3,0.62,0.86,0.91,3,0.5,P2,Team_B,Medium,2
7313,Low,0.3,0.6,2,0.81,0.71,0.48,5,0.339,P3,Team_B,Low,1
7314,Low,0.3,0.33,2,0.18,0.79,0.89,3,0.261,P3,Team_C,Low,1
7315,Low,0.3,0.63,1,0.79,0.52,0.83,4,0.256,P3,Team_C,Low,1
7316,Medium,0.6,0.68,1,0.39,0.71,0.37,1,0.532,P2,Team_C,Medium,2
7317,High,0.9,0.48,3,0.55,0.55,0.65,2,0.574,P2,Team_C,Medium,2
7318,Medium,0.6,0.78,3,0.9,0.88,0.38,5,0.598,P2,Team_B,Medium,2
7319,Medium,0.6,0.64,2,0.88,0.96,0.43,2,0.519,P2,Team_B,Medium,2
7320,Medium,0.6,0.35,1,0.51,0.69,0.9,2,0.425,P2,Team_A,Medium,3
7321,Medium,0.6,0.78,3,0.8,0.51,0.3,7,0.658,P1,Team_A,High,5
7322,High,0.9,0.43,2,0.83,0.65,0.53,0,0.645,P2,Team_A,Medium,2
7323,Low,0.3,0.37,1,0.71,0.81,0.41,6,0.332,P3,Team_C,Low,1
7324,Low,0.3,0.54,3,0.66,0.54,0.44,4,0.406,P3,Team_B,Low,1
7325,High,0.9,0.3,4,0.89,0.35,0.45,1,0.6,P2,Team_A,Medium,2
7326,Low,0.3,0.41,3,0.76,0.9,0.93,4,0.314,P3,Team_B,Low,1
7327,Medium,0.6,0.35,3,0.58,0.68,0.51,3,0.599,P2,Team_A,Medium,2
7328,Medium,0.6,0.75,2,0.72,0.78,0.86,4,0.52,P2,Team_B,Medium,3
7329,Medium,0.6,0.54,2,0.51,0.22,0.42,6,0.613,P2,Team_A,Medium,3
7330,Medium,0.6,0.71,2,0.87,0.7,0.56,1,0.54,P2,Team_A,Medium,2
7331,Low,0.3,0.42,2,0.94,0.57,0.97,4,0.32,P3,Team_C,Low,1
7332,Low,0.3,0.02,1,0.78,0.7,0.69,8,0.285,P3,Team_C,Low,1
7333,Medium,0.6,0.9,4,0.61,0.34,0.79,4,0.597,P2,Team_C,Medium,2
7334,Medium,0.6,0.44,4,0.82,0.22,0.8,4,0.582,P2,Team_A,Medium,2
7335,Medium,0.6,0.3,3,0.73,0.66,0.92,2,0.39,P3,Team_C,Low,1
7336,Low,0.3,0.7,3,0.87,0.95,0.85,1,0.299,P3,Team_C,Low,1
7337,Low,0.3,0.17,4,0.72,0.84,0.88,3,0.238,P3,Team_B,Low,1
7338,High,0.9,0.18,3,0.75,0.95,0.82,3,0.512,P2,Team_B,Medium,2
7339,Low,0.3,0.67,4,0.62,0.7,0.57,3,0.456,P2,Team_B,Medium,2
7340,Low,0.3,0.91,2,0.78,0.74,0.33,4,0.445,P2,Team_C,Medium,3
7341,High,0.9,0.5,1,0.57,0.96,0.76,5,0.636,P2,Team_B,Medium,2
7342,High,0.9,0.36,4,0.48,0.71,0.31,3,0.644,P2,Team_B,Medium,2
7343,Medium,0.6,0.34,4,0.65,0.72,0.36,5,0.603,P2,Team_A,Medium,3
7344,Low,0.3,0.56,2,0.58,0.62,0.39,1,0.372,P3,Team_B,Low,1
7345,Medium,0.6,0.12,1,0.66,0.73,0.58,1,0.492,P2,Team_A,Medium,3
7346,Medium,0.6,0.63,1,0.81,0.54,0.34,3,0.567,P2,Team_C,Medium,2
7347,Medium,0.6,0.62,1,0.7,0.8,0.82,5,0.545,P2,Team_B,Medium,2
7348,Medium,0.6,0.87,2,0.55,0.44,0.82,2,0.582,P2,Team_C,Medium,2
7349,Low,0.3,0.67,4,0.85,0.61,0.45,4,0.419,P3,Team_C,Low,1
7350,High,0.9,0.46,3,0.87,0.69,0.51,1,0.621,P2,Team_A,Medium,2
7351,High,0.9,0.72,3,0.69,0.69,0.81,1,0.76,P1,Team_C,High,6
7352,Low,0.3,0.65,3,0.8,0.9,0.52,1,0.403,P3,Team_B,Low,1
7353,Medium,0.6,0.41,4,0.64,0.89,0.79,2,0.399,P3,Team_B,Low,1
7354,Medium,0.6,0.52,4,0.62,0.26,0.5,4,0.597,P2,Team_C,Medium,2
7355,High,0.9,0.76,3,0.76,0.59,0.79,2,0.724,P1,Team_C,High,6
7356,High,0.9,0.2,3,0.68,0.91,0.76,1,0.611,P2,Team_B,Medium,2
7357,Medium,0.6,0.66,2,0.71,0.74,0.46,1,0.609,P2,Team_C,Medium,3
7358,Medium,0.6,0.63,4,0.94,0.2,0.89,1,0.59,P2,Team_C,Medium,2
7359,High,0.9,0.36,2,0.66,0.78,0.4,1,0.722,P1,Team_B,High,5
7360,Low,0.3,0.06,2,0.63,0.81,0.8,3,0.264,P3,Team_C,Low,1
7361,Low,0.3,0.73,4,0.81,0.52,0.87,4,0.427,P2,Team_B,Medium,2
7362,Low,0.3,0.8,1,0.61,0.76,0.32,4,0.45,P2,Team_B,Medium,3
7363,Medium,0.6,0.92,3,0.65,0.79,0.77,1,0.659,P1,Team_B,High,5
7364,Low,0.3,0.17,4,0.4,0.59,1.0,2,0.314,P3,Team_C,Low,1
7365,Medium,0.6,0.24,2,0.61,0.67,0.69,4,0.504,P2,Team_A,Medium,2
7366,Medium,0.6,0.59,1,0.77,0.74,0.95,6,0.535,P2,Team_A,Medium,2
7367,Low,0.3,0.06,2,0.87,0.75,0.36,2,0.335,P3,Team_B,Low,1
7368,Medium,0.6,0.41,2,0.42,0.97,0.5,1,0.352,P3,Team_B,Low,1
7369,High,0.9,0.7,4,0.81,0.81,0.37,2,0.778,P1,Team_A,High,6
7370,Medium,0.6,0.26,2,0.77,0.61,0.81,1,0.517,P2,Team_C,Medium,3
7371,Low,0.3,0.36,3,0.76,0.78,0.43,3,0.278,P3,Team_B,Low,1
7372,Low,0.3,0.63,1,0.69,0.69,0.87,5,0.387,P3,Team_C,Low,1
7373,Medium,0.6,0.37,4,0.47,0.86,0.78,1,0.458,P2,Team_B,Medium,3
7374,Low,0.3,0.75,4,0.51,0.52,0.57,4,0.428,P2,Team_B,Medium,2
7375,Low,0.3,0.39,4,0.35,0.18,0.63,3,0.407,P3,Team_C,Low,1
7376,Medium,0.6,0.22,4,0.63,0.86,0.56,4,0.411,P3,Team_B,Low,1
7377,Low,0.3,0.43,4,0.8,0.62,0.31,3,0.463,P2,Team_B,Medium,2
7378,Medium,0.6,0.53,3,0.43,0.28,0.51,3,0.525,P2,Team_C,Medium,2
7379,Medium,0.6,0.92,1,0.56,0.74,0.57,0,0.597,P2,Team_A,Medium,2
7380,Low,0.3,0.48,1,0.74,0.96,0.76,2,0.346,P3,Team_B,Low,1
7381,Medium,0.6,0.86,2,0.62,0.89,0.83,2,0.551,P2,Team_B,Medium,3
7382,Medium,0.6,0.3,4,0.61,0.86,0.8,4,0.317,P3,Team_B,Low,1
7383,Medium,0.6,0.52,1,0.41,0.71,0.5,3,0.597,P2,Team_A,Medium,3
7384,Low,0.3,0.75,2,0.56,0.66,0.97,2,0.278,P3,Team_C,Low,1
7385,Low,0.3,0.53,1,0.73,0.37,0.61,5,0.435,P2,Team_B,Medium,2
7386,Low,0.3,0.41,3,0.69,0.81,0.31,1,0.34,P3,Team_C,Low,1
7387,High,0.9,0.27,2,0.6,0.55,0.98,1,0.608,P2,Team_C,Medium,2
7388,Medium,0.6,0.13,3,0.81,0.73,0.65,2,0.344,P3,Team_A,Low,1
7389,Medium,0.6,0.36,3,0.88,0.42,0.91,0,0.431,P2,Team_C,Medium,2
7390,Low,0.3,0.37,4,0.38,0.81,0.66,0,0.237,P3,Team_C,Low,1
7391,Low,0.3,0.97,4,0.64,0.62,0.96,2,0.395,P3,Team_C,Low,1
7392,High,0.9,0.75,4,0.61,0.86,0.43,5,0.723,P1,Team_B,High,4
7393,High,0.9,0.76,1,0.82,0.76,0.64,6,0.683,P1,Team_A,High,4
7394,Low,0.3,0.49,3,0.72,0.4,0.34,1,0.375,P3,Team_C,Low,1
7395,High,0.9,0.19,2,0.81,0.76,0.51,2,0.62,P2,Team_A,Medium,3
7396,Low,0.3,0.88,1,0.84,0.48,0.52,1,0.413,P3,Team_B,Low,1
7397,High,0.9,0.64,3,0.57,0.83,0.98,3,0.637,P2,Team_B,Medium,2
7398,Medium,0.6,0.31,1,0.7,0.55,0.89,5,0.49,P2,Team_C,Medium,2
7399,Medium,0.6,0.72,2,0.65,0.3,0.42,4,0.586,P2,Team_C,Medium,2
7400,High,0.9,0.58,1,0.4,0.92,0.81,4,0.707,P1,Team_B,High,4
7401,Medium,0.6,0.51,2,0.61,0.84,0.66,4,0.495,P2,Team_B,Medium,3
7402,Medium,0.6,0.6,2,0.79,0.5,0.74,3,0.64,P2,Team_A,Medium,3
7403,Low,0.3,0.65,2,0.55,0.65,0.74,2,0.359,P3,Team_C,Low,1
7404,Medium,0.6,0.44,2,0.85,0.68,0.82,5,0.455,P2,Team_A,Medium,3
7405,Low,0.3,0.36,2,0.61,0.38,0.69,2,0.382,P3,Team_B,Low,1
7406,Low,0.3,0.51,2,0.7,0.76,0.81,4,0.372,P3,Team_B,Low,1
7407,Medium,0.6,0.57,3,0.61,0.67,0.96,3,0.395,P3,Team_A,Low,1
7408,Medium,0.6,0.22,1,0.91,0.71,0.92,4,0.418,P3,Team_A,Low,1
7409,Medium,0.6,0.61,4,0.63,0.76,0.99,2,0.422,P2,Team_B,Medium,2
7410,Medium,0.6,0.2,3,0.38,0.78,0.75,1,0.464,P2,Team_B,Medium,2
7411,Low,0.3,0.75,3,0.77,0.56,0.5,5,0.426,P2,Team_C,Medium,3
7412,Low,0.3,0.21,4,0.51,0.39,0.32,3,0.393,P3,Team_C,Low,1
7413,Low,0.3,0.26,2,0.72,0.85,0.56,3,0.327,P3,Team_C,Low,1
7414,Low,0.3,0.67,3,0.93,0.54,0.33,6,0.462,P2,Team_C,Medium,3
7415,High,0.9,0.48,3,0.87,0.29,0.4,5,0.711,P1,Team_A,High,6
7416,Medium,0.6,0.42,1,0.58,0.26,0.71,3,0.507,P2,Team_A,Medium,2
7417,High,0.9,0.52,3,0.88,0.54,0.58,3,0.681,P1,Team_A,High,6
7418,High,0.9,0.52,2,0.64,0.85,0.8,2,0.719,P1,Team_B,High,6
7419,Medium,0.6,0.68,3,0.73,0.49,0.91,2,0.43,P2,Team_C,Medium,2
7420,High,0.9,0.8,1,0.75,0.7,0.79,5,0.723,P1,Team_B,High,6
7421,Medium,0.6,0.32,3,0.63,0.78,0.67,1,0.416,P3,Team_B,Low,1
7422,Low,0.3,0.47,4,0.73,0.65,0.8,3,0.348,P3,Team_B,Low,1
7423,Low,0.3,0.59,4,0.55,0.95,0.68,8,0.378,P3,Team_B,Low,1
7424,Low,0.3,0.8,1,0.77,0.84,0.54,2,0.407,P3,Team_C,Low,1
7425,High,0.9,0.53,4,0.82,0.9,0.97,3,0.65,P2,Team_A,Medium,2
7426,Low,0.3,0.79,4,0.74,0.44,0.98,3,0.449,P2,Team_B,Medium,2
7427,High,0.9,0.32,3,0.52,0.72,0.7,2,0.594,P2,Team_B,Medium,3
7428,Medium,0.6,0.63,1,0.57,0.93,0.75,3,0.475,P2,Team_B,Medium,3
7429,Medium,0.6,0.79,2,0.55,0.71,0.66,2,0.518,P2,Team_A,Medium,2
7430,Medium,0.6,0.83,3,0.78,0.9,0.64,5,0.558,P2,Team_B,Medium,3
7431,High,0.9,0.63,4,0.35,0.54,0.72,3,0.71,P1,Team_C,High,4
7432,Medium,0.6,0.22,1,0.73,0.67,0.48,4,0.47,P2,Team_C,Medium,2
7433,Low,0.3,0.07,4,0.45,0.89,0.63,2,0.189,P3,Team_B,Low,1
7434,Low,0.3,0.63,4,0.49,0.67,0.44,2,0.43,P2,Team_B,Medium,3
7435,Low,0.3,0.07,2,0.75,0.7,0.66,3,0.13,P3,Team_B,Low,1
7436,Medium,0.6,0.4,1,0.76,0.66,0.51,3,0.528,P2,Team_A,Medium,3
7437,High,0.9,0.24,1,0.88,0.9,0.99,5,0.598,P2,Team_A,Medium,3
7438,Medium,0.6,0.5,2,0.29,0.94,0.34,3,0.548,P2,Team_B,Medium,3
7439,Low,0.3,0.36,2,0.36,0.64,0.64,2,0.306,P3,Team_B,Low,1
7440,Low,0.3,0.51,3,0.85,0.51,0.82,1,0.343,P3,Team_C,Low,1
7441,Low,0.3,0.58,2,0.86,0.77,0.7,3,0.303,P3,Team_B,Low,1
7442,High,0.9,0.61,2,0.6,0.65,1.0,4,0.6,P2,Team_C,Medium,2
7443,Low,0.3,0.79,4,0.87,0.89,0.64,4,0.397,P3,Team_C,Low,1
7444,Medium,0.6,0.44,3,0.68,0.71,0.83,2,0.467,P2,Team_A,Medium,3
7445,High,0.9,0.4,3,0.76,0.66,0.56,3,0.661,P1,Team_C,High,5
7446,Low,0.3,0.66,3,0.88,0.58,0.71,5,0.471,P2,Team_C,Medium,3
7447,Low,0.3,0.18,3,0.53,0.8,0.59,4,0.34,P3,Team_B,Low,1
7448,Low,0.3,0.28,3,0.62,0.3,0.41,5,0.275,P3,Team_C,Low,1
7449,Low,0.3,0.71,3,0.68,0.56,0.45,3,0.413,P3,Team_C,Low,1
7450,High,0.9,0.75,4,0.75,0.53,0.58,2,0.757,P1,Team_C,High,6
7451,Medium,0.6,0.54,1,0.59,0.79,0.32,3,0.609,P2,Team_B,Medium,2
7452,Medium,0.6,0.7,2,0.71,0.27,0.71,8,0.667,P1,Team_A,High,6
7453,High,0.9,0.68,2,0.94,0.97,0.45,1,0.615,P2,Team_A,Medium,3
7454,Medium,0.6,0.24,2,0.74,0.93,0.95,2,0.455,P2,Team_B,Medium,3
7455,High,0.9,0.65,1,0.71,0.88,0.94,6,0.697,P1,Team_B,High,6
7456,Medium,0.6,0.42,1,0.92,0.97,0.57,1,0.476,P2,Team_B,Medium,3
7457,Low,0.3,0.51,2,0.67,0.72,0.92,3,0.34,P3,Team_C,Low,1
7458,Low,0.3,0.88,4,0.47,0.7,0.8,5,0.43,P2,Team_B,Medium,2
7459,Low,0.3,0.08,3,0.73,0.77,0.61,6,0.325,P3,Team_C,Low,1
7460,High,0.9,0.58,1,0.84,0.43,0.48,2,0.7,P1,Team_A,High,6
7461,High,0.9,0.81,1,0.8,0.69,0.56,3,0.7,P1,Team_A,High,4
7462,Medium,0.6,0.7,3,0.51,0.54,0.44,3,0.668,P1,Team_A,High,4
7463,Medium,0.6,0.49,1,0.74,0.78,0.91,5,0.464,P2,Team_B,Medium,3
7464,Low,0.3,0.66,1,0.89,0.87,0.45,4,0.383,P3,Team_C,Low,1
7465,Low,0.3,0.14,2,0.62,0.81,0.74,1,0.326,P3,Team_C,Low,1
7466,Medium,0.6,0.91,1,0.74,0.48,0.74,5,0.643,P2,Team_A,Medium,2
7467,Low,0.3,0.53,2,0.62,0.84,0.95,3,0.256,P3,Team_B,Low,1
7468,Medium,0.6,0.92,1,0.62,0.93,0.95,2,0.555,P2,Team_B,Medium,2
7469,High,0.9,0.86,1,0.62,0.22,0.93,4,0.767,P1,Team_C,High,5
7470,Low,0.3,0.53,4,0.59,0.55,0.98,3,0.389,P3,Team_C,Low,1
7471,Low,0.3,0.14,3,0.66,0.62,0.7,1,0.262,P3,Team_B,Low,1
7472,High,0.9,0.85,3,0.81,0.88,0.94,2,0.734,P1,Team_A,High,5
7473,Medium,0.6,0.83,2,0.55,0.51,0.42,0,0.637,P2,Team_C,Medium,3
7474,Medium,0.6,0.31,1,0.49,0.68,0.48,2,0.547,P2,Team_A,Medium,2
7475,Medium,0.6,0.67,4,0.59,0.61,0.8,6,0.547,P2,Team_C,Medium,2
7476,Medium,0.6,0.54,2,0.74,0.53,0.51,2,0.614,P2,Team_C,Medium,3
7477,High,0.9,0.69,1,0.31,0.75,0.54,2,0.681,P1,Team_B,High,6
7478,Medium,0.6,0.48,4,0.65,0.71,0.6,4,0.576,P2,Team_C,Medium,3
7479,High,0.9,0.42,4,0.58,0.78,0.35,4,0.641,P2,Team_B,Medium,2
7480,Medium,0.6,0.7,2,0.87,0.96,0.78,3,0.542,P2,Team_B,Medium,2
7481,Low,0.3,0.2,2,0.85,0.44,0.71,3,0.325,P3,Team_B,Low,1
7482,High,0.9,0.16,1,0.63,0.4,0.93,4,0.653,P1,Team_C,High,4
7483,Medium,0.6,0.49,1,0.71,0.72,0.99,3,0.519,P2,Team_A,Medium,2
7484,Low,0.3,0.58,2,0.81,0.6,0.46,4,0.384,P3,Team_C,Low,1
7485,High,0.9,0.73,2,0.85,0.69,0.61,1,0.795,P1,Team_A,High,5
7486,High,0.9,0.58,4,0.57,0.23,0.93,0,0.674,P1,Team_C,High,4
7487,Low,0.3,0.23,2,0.36,0.43,0.69,1,0.276,P3,Team_B,Low,1
7488,Low,0.3,0.38,1,0.92,0.6,0.6,2,0.288,P3,Team_B,Low,1
7489,High,0.9,0.67,1,0.84,0.61,0.91,4,0.652,P1,Team_A,High,4
7490,Low,0.3,0.5,3,0.47,0.95,0.83,3,0.272,P3,Team_B,Low,1
7491,Medium,0.6,0.43,4,0.71,0.79,0.91,4,0.485,P2,Team_B,Medium,2
7492,Low,0.3,0.23,2,0.97,0.58,0.69,5,0.268,P3,Team_C,Low,1
7493,Low,0.3,0.56,2,0.9,0.54,0.66,3,0.409,P3,Team_B,Low,1
7494,Medium,0.6,0.51,2,0.84,0.43,0.59,6,0.58,P2,Team_A,Medium,2
7495,Medium,0.6,0.71,2,0.76,0.67,0.64,3,0.647,P2,Team_C,Medium,3
7496,High,0.9,0.22,2,0.49,0.73,0.92,3,0.587,P2,Team_B,Medium,2
7497,Low,0.3,0.12,3,0.69,0.53,0.36,3,0.298,P3,Team_C,Low,1
7498,Low,0.3,0.47,2,0.9,0.48,0.79,4,0.342,P3,Team_B,Low,1
7499,High,0.9,0.72,2,0.75,0.74,0.61,4,0.745,P1,Team_B,High,5
7500,Low,0.3,0.59,1,0.64,0.51,0.78,2,0.367,P3,Team_B,Low,1
7501,Medium,0.6,0.32,4,0.72,0.73,0.52,1,0.451,P2,Team_C,Medium,3
7502,Low,0.3,0.96,4,0.78,0.22,0.96,1,0.416,P3,Team_C,Low,1
7503,Medium,0.6,0.77,2,0.89,0.65,0.49,2,0.528,P2,Team_A,Medium,2
7504,Low,0.3,0.3,2,0.62,0.69,0.9,7,0.293,P3,Team_C,Low,1
7505,Low,0.3,0.7,1,0.72,0.59,0.59,2,0.395,P3,Team_B,Low,1
7506,Medium,0.6,0.76,4,0.88,0.61,0.47,5,0.538,P2,Team_C,Medium,3
7507,Medium,0.6,0.59,1,0.6,0.71,0.42,1,0.616,P2,Team_C,Medium,3
7508,Low,0.3,0.04,4,0.88,0.82,0.68,3,0.23,P3,Team_C,Low,1
7509,Medium,0.6,0.41,4,0.53,0.83,0.68,6,0.516,P2,Team_B,Medium,2
7510,Medium,0.6,0.48,2,0.81,0.69,0.78,1,0.473,P2,Team_C,Medium,3
7511,Low,0.3,0.84,2,0.88,0.73,0.31,3,0.487,P2,Team_B,Medium,3
7512,Medium,0.6,0.27,3,0.65,0.8,0.31,4,0.405,P3,Team_B,Low,1
7513,Low,0.3,0.76,2,0.73,0.47,0.61,6,0.521,P2,Team_C,Medium,2
7514,Low,0.3,0.6,1,0.99,0.4,0.31,4,0.468,P2,Team_B,Medium,2
7515,Low,0.3,0.18,3,0.94,0.81,0.85,3,0.274,P3,Team_B,Low,1
7516,Low,0.3,0.73,2,0.63,0.86,0.5,2,0.345,P3,Team_B,Low,1
7517,Low,0.3,0.78,3,0.63,0.66,0.43,3,0.372,P3,Team_C,Low,1
7518,High,0.9,0.12,2,0.26,0.64,0.62,4,0.598,P2,Team_C,Medium,2
7519,Low,0.3,0.37,3,0.37,0.86,0.76,4,0.289,P3,Team_B,Low,1
7520,High,0.9,0.45,4,0.75,0.97,0.85,3,0.539,P2,Team_B,Medium,2
7521,High,0.9,0.48,3,0.77,0.82,0.58,4,0.652,P1,Team_B,High,6
7522,Low,0.3,0.2,4,0.89,0.94,0.55,3,0.217,P3,Team_B,Low,1
7523,Medium,0.6,0.78,1,0.91,0.77,0.61,2,0.583,P2,Team_B,Medium,3
7524,Medium,0.6,0.44,1,0.87,0.76,0.31,3,0.55,P2,Team_B,Medium,3
7525,Low,0.3,0.56,2,0.85,0.79,0.81,4,0.265,P3,Team_B,Low,1
7526,Medium,0.6,0.49,1,0.66,0.92,0.8,2,0.459,P2,Team_B,Medium,2
7527,Low,0.3,0.1,4,0.42,0.72,0.3,2,0.278,P3,Team_C,Low,1
7528,High,0.9,0.53,1,0.91,0.8,0.99,2,0.7,P1,Team_A,High,5
7529,Medium,0.6,0.78,2,0.36,0.92,0.47,4,0.626,P2,Team_B,Medium,2
7530,High,0.9,0.42,3,0.94,0.35,0.63,5,0.715,P1,Team_A,High,6
7531,Low,0.3,0.7,4,0.82,0.63,0.9,3,0.406,P3,Team_B,Low,1
7532,Medium,0.6,0.14,2,0.82,0.76,0.58,2,0.403,P3,Team_B,Low,1
7533,Low,0.3,0.76,3,0.75,0.72,0.55,7,0.488,P2,Team_B,Medium,3
7534,Medium,0.6,0.35,2,0.89,0.75,0.83,5,0.497,P2,Team_B,Medium,3
7535,High,0.9,0.27,2,0.86,0.67,0.81,6,0.598,P2,Team_A,Medium,2
7536,Low,0.3,0.71,4,0.5,0.53,0.7,3,0.403,P3,Team_B,Low,1
7537,Low,0.3,0.1,3,0.12,0.53,0.56,3,0.254,P3,Team_B,Low,1
7538,Medium,0.6,0.73,2,0.82,0.81,0.56,1,0.558,P2,Team_B,Medium,3
7539,Low,0.3,0.12,3,0.82,0.79,0.91,2,0.24,P3,Team_B,Low,1
7540,High,0.9,0.53,4,0.95,0.66,0.61,5,0.721,P1,Team_A,High,6
7541,Low,0.3,0.02,4,0.96,0.61,0.7,6,0.241,P3,Team_C,Low,1
7542,Low,0.3,0.39,1,0.74,0.71,0.33,6,0.32,P3,Team_B,Low,1
7543,Low,0.3,0.75,3,0.8,0.88,0.31,1,0.376,P3,Team_C,Low,1
7544,Medium,0.6,0.46,2,0.63,0.81,0.73,5,0.49,P2,Team_B,Medium,2
7545,High,0.9,0.43,3,0.65,0.78,0.81,3,0.614,P2,Team_B,Medium,2
7546,Medium,0.6,0.32,4,0.55,0.43,0.3,3,0.6,P2,Team_A,Medium,2
7547,Medium,0.6,0.03,2,0.99,0.82,0.91,2,0.432,P2,Team_B,Medium,3
7548,Medium,0.6,0.56,3,0.67,0.89,0.35,3,0.47,P2,Team_B,Medium,3
7549,Low,0.3,0.41,4,0.63,0.39,0.66,5,0.363,P3,Team_C,Low,1
7550,Medium,0.6,0.64,3,0.7,0.76,0.93,3,0.522,P2,Team_B,Medium,3
7551,High,0.9,0.55,4,0.78,0.58,0.59,3,0.796,P1,Team_C,High,5
7552,Low,0.3,0.42,4,0.83,0.76,0.94,5,0.177,P3,Team_B,Low,1
7553,Low,0.3,0.43,3,0.74,0.61,0.56,6,0.317,P3,Team_B,Low,1
7554,Low,0.3,0.27,4,0.36,0.67,0.43,3,0.318,P3,Team_B,Low,1
7555,Medium,0.6,0.3,2,0.73,0.84,0.48,4,0.461,P2,Team_B,Medium,2
7556,Low,0.3,0.17,1,0.95,0.2,0.81,1,0.258,P3,Team_B,Low,1
7557,Low,0.3,0.54,4,0.86,0.49,0.4,1,0.44,P2,Team_B,Medium,3
7558,High,0.9,0.22,2,0.73,0.47,0.61,4,0.599,P2,Team_C,Medium,2
7559,Low,0.3,0.53,2,0.92,0.4,0.4,1,0.238,P3,Team_B,Low,1
7560,High,0.9,0.46,1,0.46,0.92,0.67,1,0.627,P2,Team_B,Medium,3
7561,High,0.9,0.74,1,0.58,0.85,0.71,4,0.662,P1,Team_B,High,6
7562,Low,0.3,0.12,4,0.54,0.65,0.3,4,0.357,P3,Team_C,Low,1
7563,Low,0.3,0.72,4,0.71,0.75,0.8,2,0.36,P3,Team_C,Low,1
7564,High,0.9,0.66,4,0.45,0.83,0.56,5,0.672,P1,Team_B,High,6
7565,High,0.9,0.28,1,0.78,0.69,0.5,3,0.686,P1,Team_C,High,5
7566,Low,0.3,0.65,3,0.7,0.42,0.44,2,0.452,P2,Team_C,Medium,3
7567,Low,0.3,0.36,4,0.63,0.72,0.86,7,0.37,P3,Team_B,Low,1
7568,Low,0.3,0.86,4,0.89,0.78,0.53,2,0.387,P3,Team_C,Low,1
7569,Low,0.3,0.43,2,0.87,0.92,0.71,1,0.368,P3,Team_B,Low,1
7570,Medium,0.6,0.79,3,0.7,0.3,0.75,2,0.541,P2,Team_A,Medium,2
7571,High,0.9,0.7,4,0.86,0.61,0.65,5,0.729,P1,Team_A,High,6
7572,Medium,0.6,0.2,3,0.45,0.97,0.72,4,0.459,P2,Team_B,Medium,2
7573,High,0.9,0.14,1,0.28,0.82,0.75,0,0.599,P2,Team_B,Medium,2
7574,Medium,0.6,0.09,1,0.82,0.29,0.78,3,0.55,P2,Team_A,Medium,2
7575,Medium,0.6,0.62,4,0.4,0.96,0.62,4,0.522,P2,Team_B,Medium,3
7576,Low,0.3,0.42,1,0.72,0.59,0.64,4,0.266,P3,Team_B,Low,1
7577,Low,0.3,0.5,1,0.73,0.72,0.94,6,0.378,P3,Team_B,Low,1
7578,High,0.9,0.62,3,0.78,0.86,0.49,4,0.683,P1,Team_B,High,4
7579,Medium,0.6,0.38,1,0.86,0.86,0.69,1,0.43,P2,Team_B,Medium,2
7580,High,0.9,0.41,1,0.76,0.82,0.5,3,0.608,P2,Team_B,Medium,2
7581,Low,0.3,0.15,3,0.78,0.27,0.52,3,0.316,P3,Team_C,Low,1
7582,Low,0.3,0.39,4,0.45,0.83,0.46,0,0.25,P3,Team_C,Low,1
7583,Low,0.3,0.24,3,0.6,0.59,0.45,8,0.413,P3,Team_B,Low,1
7584,Low,0.3,0.4,4,0.75,0.72,0.72,0,0.371,P3,Team_C,Low,1
7585,Low,0.3,0.56,3,0.78,0.88,0.83,4,0.358,P3,Team_C,Low,1
7586,Low,0.3,0.43,3,0.7,0.54,0.89,3,0.207,P3,Team_C,Low,1
7587,High,0.9,0.35,2,0.55,0.82,0.59,7,0.69,P1,Team_B,High,5
7588,Medium,0.6,0.75,3,0.55,0.48,0.49,1,0.565,P2,Team_C,Medium,3
7589,Low,0.3,0.3,3,1.0,0.71,0.71,7,0.335,P3,Team_C,Low,1
7590,Low,0.3,0.55,4,0.54,0.42,0.36,2,0.441,P2,Team_C,Medium,3
7591,High,0.9,0.72,1,0.66,0.74,0.39,7,0.818,P1,Team_B,High,5
7592,Low,0.3,0.27,1,0.67,0.66,0.54,3,0.285,P3,Team_C,Low,1
7593,Medium,0.6,0.38,4,0.69,0.62,0.68,4,0.424,P2,Team_C,Medium,3
7594,Medium,0.6,0.28,2,0.67,0.62,0.69,1,0.518,P2,Team_C,Medium,2
7595,High,0.9,0.42,1,0.88,0.72,0.69,3,0.565,P2,Team_A,Medium,2
7596,High,0.9,0.11,4,0.71,0.71,0.42,1,0.659,P1,Team_B,High,5
7597,Medium,0.6,0.46,2,0.24,0.84,0.32,4,0.522,P2,Team_B,Medium,2
7598,Low,0.3,0.51,4,0.78,0.87,0.74,7,0.295,P3,Team_C,Low,1
7599,Low,0.3,0.9,2,0.78,0.62,0.47,3,0.443,P2,Team_B,Medium,3
7600,Low,0.3,0.02,4,0.78,0.63,0.69,3,0.319,P3,Team_B,Low,1
7601,Low,0.3,0.55,3,0.83,0.86,0.97,3,0.378,P3,Team_C,Low,1
7602,High,0.9,0.15,4,0.71,0.81,0.48,3,0.674,P1,Team_B,High,5
7603,High,0.9,0.66,3,0.47,0.52,0.75,5,0.753,P1,Team_C,High,4
7604,Low,0.3,0.6,3,0.71,0.78,0.59,5,0.445,P2,Team_B,Medium,3
7605,Low,0.3,0.73,3,0.96,0.64,0.84,5,0.399,P3,Team_C,Low,1
7606,Low,0.3,0.47,3,0.77,0.66,0.42,1,0.358,P3,Team_C,Low,1
7607,Medium,0.6,0.64,3,0.55,0.74,0.65,4,0.552,P2,Team_A,Medium,3
7608,Low,0.3,0.25,3,0.67,0.67,0.9,1,0.259,P3,Team_B,Low,1
7609,High,0.9,0.57,2,0.68,0.59,0.83,1,0.722,P1,Team_C,High,5
7610,Low,0.3,0.58,1,0.89,0.37,0.99,3,0.355,P3,Team_B,Low,1
7611,Medium,0.6,0.6,3,0.41,0.7,0.43,3,0.54,P2,Team_C,Medium,3
7612,High,0.9,0.68,1,0.37,0.6,0.4,2,0.78,P1,Team_C,High,6
7613,Medium,0.6,0.62,2,0.72,0.71,0.82,4,0.538,P2,Team_C,Medium,2
7614,Medium,0.6,0.6,2,0.58,0.65,0.42,5,0.613,P2,Team_A,Medium,2
7615,Medium,0.6,0.32,4,0.65,0.41,0.99,1,0.516,P2,Team_C,Medium,2
7616,Low,0.3,0.22,4,0.79,0.9,0.71,4,0.214,P3,Team_C,Low,1
7617,Medium,0.6,0.6,1,0.74,0.82,0.38,2,0.54,P2,Team_B,Medium,2
7618,Low,0.3,0.16,1,0.52,0.58,0.68,4,0.283,P3,Team_B,Low,1
7619,High,0.9,0.73,4,0.9,0.47,0.31,4,0.805,P1,Team_A,High,4
7620,Medium,0.6,0.46,2,0.86,0.45,0.34,7,0.605,P2,Team_A,Medium,2
7621,Medium,0.6,0.14,2,0.98,0.8,0.61,0,0.39,P3,Team_B,Low,1
7622,High,0.9,0.76,1,0.79,0.69,0.63,2,0.704,P1,Team_C,High,6
7623,Medium,0.6,0.56,4,0.4,0.85,0.85,6,0.453,P2,Team_B,Medium,2
7624,Medium,0.6,0.45,3,0.63,0.7,0.45,3,0.365,P3,Team_A,Low,1
7625,Low,0.3,0.38,4,0.8,0.76,0.73,2,0.272,P3,Team_B,Low,1
7626,High,0.9,0.51,4,0.9,0.84,0.56,0,0.668,P1,Team_A,High,5
7627,High,0.9,0.79,4,0.81,0.76,0.65,2,0.668,P1,Team_A,High,5
7628,Medium,0.6,0.27,2,0.72,0.72,0.61,0,0.38,P3,Team_A,Low,1
7629,High,0.9,0.42,1,0.3,0.57,0.92,6,0.696,P1,Team_C,High,6
7630,High,0.9,0.26,2,0.59,0.94,0.97,6,0.586,P2,Team_B,Medium,2
7631,Low,0.3,0.61,4,0.89,0.44,0.38,4,0.412,P3,Team_B,Low,1
7632,Medium,0.6,0.72,1,0.79,0.49,0.36,5,0.591,P2,Team_C,Medium,3
7633,Low,0.3,0.14,1,0.84,0.75,0.66,2,0.289,P3,Team_B,Low,1
7634,High,0.9,0.43,4,0.61,0.85,0.51,5,0.736,P1,Team_B,High,4
7635,Medium,0.6,0.41,1,0.94,0.77,0.8,3,0.454,P2,Team_B,Medium,3
7636,Low,0.3,0.91,1,0.91,0.57,0.99,4,0.404,P3,Team_B,Low,1
7637,Medium,0.6,0.17,1,0.9,0.69,0.43,3,0.52,P2,Team_A,Medium,2
7638,Medium,0.6,0.28,2,0.41,0.43,0.56,4,0.58,P2,Team_C,Medium,3
7639,Medium,0.6,0.43,2,0.77,0.82,0.97,1,0.401,P3,Team_B,Low,1
7640,Medium,0.6,0.6,1,0.66,0.36,0.58,4,0.53,P2,Team_A,Medium,2
7641,Low,0.3,0.69,1,0.65,0.72,0.59,1,0.339,P3,Team_B,Low,1
7642,High,0.9,0.34,3,0.83,0.85,0.36,2,0.688,P1,Team_A,High,6
7643,Medium,0.6,0.85,4,0.48,0.59,1.0,1,0.593,P2,Team_C,Medium,3
7644,Low,0.3,0.76,4,0.82,0.8,0.48,2,0.33,P3,Team_B,Low,1
7645,Medium,0.6,0.88,2,0.9,0.81,0.76,2,0.596,P2,Team_B,Medium,3
7646,High,0.9,0.15,2,0.47,0.56,0.77,4,0.59,P2,Team_C,Medium,2
7647,Low,0.3,0.59,2,0.64,0.78,0.76,3,0.428,P2,Team_C,Medium,3
7648,Medium,0.6,0.58,3,0.95,0.84,0.63,4,0.551,P2,Team_B,Medium,2
7649,Low,0.3,0.72,2,0.87,0.76,0.54,3,0.488,P2,Team_B,Medium,3
7650,High,0.9,0.62,3,0.66,0.72,0.82,1,0.742,P1,Team_B,High,4
7651,Medium,0.6,0.88,1,0.64,0.58,0.59,3,0.65,P2,Team_C,Medium,3
7652,Medium,0.6,0.21,3,0.49,0.39,0.83,3,0.507,P2,Team_C,Medium,3
7653,Medium,0.6,0.9,1,0.53,0.93,0.92,1,0.519,P2,Team_B,Medium,3
7654,High,0.9,0.64,2,0.77,0.26,0.42,3,0.784,P1,Team_C,High,6
7655,Medium,0.6,0.13,1,0.78,0.88,0.71,2,0.437,P2,Team_B,Medium,3
7656,Medium,0.6,0.41,1,0.6,0.55,0.44,0,0.478,P2,Team_C,Medium,2
7657,High,0.9,0.82,4,0.9,0.64,0.35,4,0.803,P1,Team_A,High,6
7658,Low,0.3,0.82,1,0.64,0.71,0.56,3,0.476,P2,Team_B,Medium,2
7659,High,0.9,0.5,3,0.48,0.82,0.64,4,0.676,P1,Team_B,High,6
7660,Low,0.3,0.27,4,0.72,0.86,0.57,4,0.375,P3,Team_B,Low,1
7661,Low,0.3,0.57,2,0.84,0.77,0.67,1,0.463,P2,Team_B,Medium,2
7662,Low,0.3,0.76,3,0.45,0.34,0.32,1,0.337,P3,Team_C,Low,1
7663,Medium,0.6,0.79,2,0.68,0.83,0.66,3,0.547,P2,Team_B,Medium,3
7664,Medium,0.6,0.77,4,0.55,0.49,0.88,2,0.61,P2,Team_A,Medium,3
7665,Low,0.3,0.57,3,0.69,0.62,0.69,2,0.354,P3,Team_C,Low,1
7666,Low,0.3,0.71,4,0.76,0.83,0.98,4,0.378,P3,Team_B,Low,1
7667,Medium,0.6,0.2,2,0.6,0.38,0.87,1,0.566,P2,Team_C,Medium,3
7668,High,0.9,0.42,1,0.79,0.47,0.76,1,0.693,P1,Team_C,High,6
7669,Low,0.3,0.64,2,0.75,0.35,0.38,3,0.343,P3,Team_B,Low,1
7670,Low,0.3,0.77,3,0.57,0.56,0.65,3,0.386,P3,Team_B,Low,1
7671,Medium,0.6,0.59,4,0.57,0.83,0.87,3,0.54,P2,Team_B,Medium,2
7672,Medium,0.6,0.86,1,0.56,0.89,0.6,3,0.544,P2,Team_B,Medium,3
7673,Medium,0.6,0.53,1,0.68,0.66,0.97,4,0.482,P2,Team_C,Medium,2
7674,Medium,0.6,0.24,3,0.64,0.96,0.93,2,0.342,P3,Team_B,Low,1
7675,Medium,0.6,0.64,1,0.96,0.83,0.78,3,0.587,P2,Team_B,Medium,3
7676,Medium,0.6,0.92,1,0.8,0.68,0.93,2,0.575,P2,Team_A,Medium,2
7677,Medium,0.6,0.32,3,0.87,0.92,0.39,3,0.447,P2,Team_B,Medium,3
7678,High,0.9,0.52,2,0.79,0.89,0.85,6,0.606,P2,Team_B,Medium,2
7679,Medium,0.6,0.32,1,0.84,0.79,0.88,3,0.445,P2,Team_B,Medium,2
7680,Low,0.3,0.21,3,0.87,0.72,0.73,6,0.368,P3,Team_C,Low,1
7681,High,0.9,0.58,1,0.75,0.97,0.52,3,0.698,P1,Team_B,High,4
7682,Medium,0.6,0.64,4,0.52,0.86,0.54,4,0.553,P2,Team_B,Medium,3
7683,Low,0.3,0.32,2,0.78,0.41,0.3,5,0.371,P3,Team_B,Low,1
7684,Low,0.3,0.3,4,0.6,0.81,0.51,4,0.251,P3,Team_B,Low,1
7685,Low,0.3,0.68,2,0.7,0.9,0.32,4,0.301,P3,Team_B,Low,1
7686,Medium,0.6,0.56,4,0.64,0.38,0.9,1,0.446,P2,Team_C,Medium,3
7687,Low,0.3,0.04,2,0.9,0.92,0.83,3,0.264,P3,Team_C,Low,1
7688,Medium,0.6,0.8,1,0.71,0.81,0.44,2,0.589,P2,Team_B,Medium,2
7689,Medium,0.6,0.36,2,0.98,0.27,0.36,5,0.52,P2,Team_C,Medium,2
7690,High,0.9,0.64,1,0.92,0.83,0.72,2,0.72,P1,Team_A,High,4
7691,High,0.9,0.37,4,0.58,0.76,0.89,3,0.612,P2,Team_B,Medium,2
7692,Low,0.3,0.16,1,0.75,0.67,0.56,2,0.292,P3,Team_C,Low,1
7693,Low,0.3,0.09,3,0.83,0.55,0.33,2,0.323,P3,Team_C,Low,1
7694,Low,0.3,0.55,4,0.4,0.8,0.77,4,0.306,P3,Team_B,Low,1
7695,Low,0.3,0.79,4,0.92,0.67,0.36,3,0.506,P2,Team_C,Medium,3
7696,High,0.9,0.26,4,0.39,0.93,0.62,3,0.552,P2,Team_B,Medium,2
7697,Low,0.3,0.25,3,0.8,0.41,0.35,3,0.4,P3,Team_C,Low,1
7698,High,0.9,0.75,4,0.6,0.65,0.59,4,0.696,P1,Team_C,High,6
7699,Medium,0.6,0.39,2,0.73,0.7,0.35,3,0.494,P2,Team_A,Medium,3
7700,Low,0.3,0.59,2,0.89,0.87,0.42,6,0.456,P2,Team_B,Medium,3
7701,Low,0.3,0.86,3,0.68,0.63,0.81,4,0.414,P3,Team_B,Low,1
7702,Medium,0.6,0.65,4,0.68,0.95,0.3,2,0.527,P2,Team_B,Medium,2
7703,Medium,0.6,0.78,3,0.68,0.48,0.76,1,0.53,P2,Team_C,Medium,2
7704,Medium,0.6,0.75,4,0.61,0.94,0.73,2,0.523,P2,Team_B,Medium,2
7705,Medium,0.6,0.59,2,0.75,0.57,0.31,1,0.535,P2,Team_C,Medium,2
7706,Medium,0.6,0.69,4,0.63,0.39,0.35,4,0.61,P2,Team_C,Medium,2
7707,Medium,0.6,0.22,4,0.51,0.73,0.8,5,0.391,P3,Team_C,Low,1
7708,Low,0.3,0.63,4,0.81,0.8,0.58,2,0.301,P3,Team_C,Low,1
7709,Low,0.3,0.5,1,0.83,0.72,0.52,4,0.341,P3,Team_B,Low,1
7710,Low,0.3,0.26,1,0.8,0.38,0.86,2,0.38,P3,Team_B,Low,1
7711,Low,0.3,0.07,2,0.92,0.8,0.92,4,0.201,P3,Team_B,Low,1
7712,Medium,0.6,0.17,3,0.58,0.78,0.37,4,0.481,P2,Team_B,Medium,2
7713,Low,0.3,0.68,4,0.63,0.76,0.96,1,0.434,P2,Team_C,Medium,3
7714,Low,0.3,0.06,4,0.73,0.55,0.93,4,0.21,P3,Team_C,Low,1
7715,High,0.9,0.17,4,0.61,0.65,0.3,4,0.631,P2,Team_C,Medium,3
7716,Medium,0.6,0.45,2,0.69,0.22,0.73,1,0.497,P2,Team_A,Medium,3
7717,High,0.9,0.64,4,0.86,0.61,0.5,7,0.736,P1,Team_A,High,6
7718,Medium,0.6,0.77,3,0.76,0.74,0.4,4,0.616,P2,Team_A,Medium,3
7719,Low,0.3,0.15,3,0.62,0.68,0.72,2,0.347,P3,Team_B,Low,1
7720,Low,0.3,0.51,4,0.9,0.63,0.4,4,0.423,P2,Team_B,Medium,2
7721,Medium,0.6,0.3,4,0.89,0.74,0.31,6,0.566,P2,Team_C,Medium,2
7722,Low,0.3,0.24,3,0.99,0.8,0.56,4,0.325,P3,Team_B,Low,1
7723,High,0.9,0.43,3,0.5,0.9,0.48,6,0.704,P1,Team_B,High,4
7724,High,0.9,0.57,2,0.8,0.75,0.86,1,0.612,P2,Team_A,Medium,2
7725,Medium,0.6,0.63,4,0.95,0.4,0.88,2,0.564,P2,Team_A,Medium,2
7726,Medium,0.6,0.54,3,0.79,0.92,0.73,3,0.493,P2,Team_B,Medium,2
7727,Low,0.3,0.66,4,0.73,0.56,0.8,3,0.327,P3,Team_B,Low,1
7728,High,0.9,0.37,3,0.73,0.27,0.35,3,0.721,P1,Team_C,High,5
7729,High,0.9,0.2,4,0.64,0.59,0.5,3,0.609,P2,Team_C,Medium,2
7730,Medium,0.6,0.64,3,0.59,0.78,0.49,3,0.495,P2,Team_B,Medium,3
7731,Medium,0.6,0.62,2,0.84,0.87,0.58,3,0.52,P2,Team_B,Medium,2
7732,High,0.9,0.58,2,0.63,0.56,0.5,3,0.604,P2,Team_C,Medium,3
7733,High,0.9,0.3,2,0.43,0.71,0.95,4,0.691,P1,Team_B,High,6
7734,Low,0.3,0.51,3,0.53,0.44,0.55,2,0.307,P3,Team_C,Low,1
7735,High,0.9,0.41,1,0.44,0.51,0.33,6,0.742,P1,Team_C,High,6
7736,Low,0.3,0.23,3,0.61,0.95,0.37,4,0.278,P3,Team_B,Low,1
7737,High,0.9,0.48,2,0.86,0.83,0.89,1,0.632,P2,Team_A,Medium,3
7738,Low,0.3,0.42,3,0.68,0.68,0.42,6,0.352,P3,Team_B,Low,1
7739,Medium,0.6,0.68,1,0.87,0.82,0.81,3,0.535,P2,Team_B,Medium,3
7740,Medium,0.6,0.94,3,0.96,0.64,0.71,0,0.605,P2,Team_C,Medium,2
7741,Medium,0.6,0.67,1,0.66,0.76,1.0,0,0.555,P2,Team_B,Medium,2
7742,Low,0.3,0.47,3,0.67,0.19,0.75,2,0.353,P3,Team_C,Low,1
7743,High,0.9,0.09,1,0.8,0.48,0.97,5,0.664,P1,Team_A,High,4
7744,Medium,0.6,0.48,2,0.61,0.7,0.93,2,0.48,P2,Team_C,Medium,3
7745,Low,0.3,0.29,1,0.53,0.89,0.77,2,0.208,P3,Team_B,Low,1
7746,Low,0.3,0.42,3,0.77,0.88,0.39,4,0.281,P3,Team_C,Low,1
7747,High,0.9,0.84,1,0.93,0.72,0.63,5,0.81,P1,Team_A,High,6
7748,Low,0.3,0.61,2,0.81,0.89,0.42,4,0.318,P3,Team_B,Low,1
7749,High,0.9,0.55,3,0.88,0.75,0.91,4,0.624,P2,Team_A,Medium,2
7750,Medium,0.6,0.57,4,0.7,0.88,0.71,4,0.452,P2,Team_B,Medium,2
7751,Medium,0.6,0.13,2,0.71,0.94,0.65,2,0.412,P3,Team_B,Low,1
7752,Low,0.3,0.59,1,0.77,0.63,0.35,9,0.391,P3,Team_C,Low,1
7753,High,0.9,0.65,4,0.84,0.59,0.7,2,0.663,P1,Team_A,High,6
7754,Low,0.3,0.43,2,0.9,0.5,0.76,6,0.327,P3,Team_B,Low,1
7755,Medium,0.6,0.47,2,0.83,0.64,0.75,4,0.538,P2,Team_A,Medium,2
7756,Medium,0.6,0.49,2,0.46,0.44,0.42,4,0.457,P2,Team_C,Medium,3
7757,Medium,0.6,0.27,2,0.65,0.41,0.85,5,0.566,P2,Team_A,Medium,3
7758,Medium,0.6,0.67,1,0.54,0.61,0.82,1,0.53,P2,Team_A,Medium,3
7759,Medium,0.6,0.64,3,0.46,0.74,0.38,2,0.511,P2,Team_C,Medium,3
7760,High,0.9,0.5,3,0.95,0.48,0.64,4,0.734,P1,Team_A,High,5
7761,High,0.9,0.82,4,0.82,0.68,0.79,3,0.751,P1,Team_A,High,6
7762,High,0.9,0.88,3,0.82,0.47,0.34,4,0.813,P1,Team_A,High,6
7763,Medium,0.6,0.87,1,0.59,0.66,0.85,3,0.577,P2,Team_C,Medium,3
7764,High,0.9,0.36,1,0.79,0.73,0.74,3,0.613,P2,Team_B,Medium,3
7765,Medium,0.6,0.46,1,0.66,0.58,0.96,5,0.472,P2,Team_A,Medium,3
7766,Low,0.3,0.48,1,0.86,0.73,0.34,6,0.468,P2,Team_C,Medium,3
7767,Medium,0.6,0.96,3,0.48,0.32,0.4,5,0.723,P1,Team_A,High,5
7768,Medium,0.6,0.53,2,0.37,0.38,0.32,0,0.651,P1,Team_A,High,6
7769,Low,0.3,0.29,4,0.61,0.71,0.66,3,0.305,P3,Team_C,Low,1
7770,High,0.9,0.3,4,0.59,0.58,0.37,6,0.745,P1,Team_C,High,6
7771,Low,0.3,0.38,3,0.87,0.7,0.76,2,0.269,P3,Team_C,Low,1
7772,Low,0.3,0.17,1,0.77,0.62,0.69,1,0.283,P3,Team_B,Low,1
7773,Low,0.3,0.58,3,0.84,0.67,0.39,3,0.396,P3,Team_B,Low,1
7774,High,0.9,0.34,1,0.57,0.89,0.42,4,0.66,P1,Team_B,High,5
7775,High,0.9,0.58,3,0.61,0.32,0.85,7,0.723,P1,Team_C,High,4
7776,High,0.9,0.3,2,0.64,0.49,0.92,3,0.551,P2,Team_C,Medium,3
7777,Low,0.3,0.36,2,0.55,0.89,0.87,1,0.213,P3,Team_B,Low,1
7778,Medium,0.6,0.65,3,0.71,0.79,0.72,6,0.598,P2,Team_B,Medium,3
7779,High,0.9,0.17,1,0.67,0.73,0.35,3,0.545,P2,Team_B,Medium,3
7780,Low,0.3,0.53,3,0.77,0.86,0.83,4,0.335,P3,Team_B,Low,1
7781,Low,0.3,0.73,3,0.69,0.63,0.99,1,0.36,P3,Team_C,Low,1
7782,Medium,0.6,0.49,4,0.84,0.62,0.32,2,0.578,P2,Team_C,Medium,2
7783,Low,0.3,0.42,4,0.39,0.54,0.98,4,0.273,P3,Team_B,Low,1
7784,Low,0.3,0.46,3,0.64,0.65,0.78,3,0.361,P3,Team_B,Low,1
7785,Low,0.3,0.51,4,0.79,0.53,0.64,4,0.395,P3,Team_B,Low,1
7786,Low,0.3,0.5,3,0.5,0.78,0.6,2,0.408,P3,Team_C,Low,1
7787,Medium,0.6,0.42,4,0.71,0.87,0.55,2,0.454,P2,Team_B,Medium,2
7788,Medium,0.6,0.51,3,0.81,0.92,0.55,2,0.513,P2,Team_B,Medium,3
7789,Medium,0.6,0.48,4,0.77,0.59,0.56,3,0.633,P2,Team_C,Medium,3
7790,Medium,0.6,0.91,2,0.86,0.79,0.63,2,0.49,P2,Team_B,Medium,3
7791,Medium,0.6,0.55,2,0.76,0.58,0.82,3,0.551,P2,Team_C,Medium,2
7792,Medium,0.6,0.24,3,0.81,0.81,0.98,4,0.423,P2,Team_B,Medium,2
7793,High,0.9,0.75,4,0.74,0.58,0.66,4,0.837,P1,Team_C,High,5
7794,Low,0.3,0.46,3,0.71,0.62,0.8,7,0.407,P3,Team_C,Low,1
7795,Low,0.3,0.48,4,0.38,0.7,0.66,1,0.392,P3,Team_C,Low,1
7796,Medium,0.6,0.79,4,0.54,0.46,0.56,0,0.514,P2,Team_A,Medium,2
7797,Low,0.3,0.52,4,0.63,0.47,0.78,2,0.372,P3,Team_B,Low,1
7798,Medium,0.6,0.78,4,0.81,0.95,0.59,1,0.617,P2,Team_B,Medium,3
7799,High,0.9,0.6,2,0.84,0.66,0.35,9,0.753,P1,Team_A,High,6
7800,Medium,0.6,0.3,2,0.73,0.57,0.77,2,0.367,P3,Team_C,Low,1
7801,Low,0.3,0.63,3,0.72,0.24,0.58,3,0.449,P2,Team_C,Medium,2
7802,Low,0.3,0.2,3,0.88,0.6,0.43,5,0.395,P3,Team_C,Low,1
7803,Low,0.3,0.64,2,0.45,0.59,0.4,5,0.492,P2,Team_B,Medium,3
7804,Low,0.3,0.78,4,0.71,0.57,0.36,1,0.504,P2,Team_C,Medium,3
7805,Low,0.3,0.59,2,0.85,0.94,0.65,2,0.356,P3,Team_C,Low,1
7806,Medium,0.6,0.16,2,0.74,0.94,0.31,2,0.421,P2,Team_B,Medium,3
7807,Low,0.3,0.4,4,0.69,0.49,0.88,6,0.318,P3,Team_B,Low,1
7808,Medium,0.6,0.62,4,0.54,0.68,0.35,5,0.624,P2,Team_A,Medium,3
7809,Low,0.3,0.83,2,0.81,0.75,0.4,2,0.354,P3,Team_C,Low,1
7810,High,0.9,0.69,1,0.65,0.78,0.98,4,0.724,P1,Team_B,High,6
7811,High,0.9,0.56,4,0.69,0.73,0.52,2,0.681,P1,Team_B,High,4
7812,Low,0.3,0.73,4,0.59,0.77,0.6,1,0.457,P2,Team_B,Medium,2
7813,Low,0.3,0.88,1,0.9,0.63,0.53,0,0.492,P2,Team_B,Medium,3
7814,Medium,0.6,0.68,3,0.77,0.65,0.96,2,0.533,P2,Team_C,Medium,2
7815,High,0.9,0.76,3,0.83,0.72,0.78,2,0.711,P1,Team_A,High,4
7816,High,0.9,0.89,4,0.58,0.5,0.36,2,0.84,P1,Team_C,High,6
7817,High,0.9,0.69,3,0.43,0.57,0.59,4,0.69,P1,Team_C,High,6
7818,Medium,0.6,0.43,3,0.57,0.66,0.81,5,0.453,P2,Team_C,Medium,2
7819,Medium,0.6,0.83,3,0.81,0.76,0.3,1,0.529,P2,Team_B,Medium,3
7820,Low,0.3,0.89,1,0.78,0.6,0.54,4,0.507,P2,Team_B,Medium,3
7821,High,0.9,0.63,3,0.63,0.38,0.38,1,0.722,P1,Team_C,High,6
7822,Medium,0.6,0.56,4,0.49,0.43,0.99,4,0.49,P2,Team_A,Medium,2
7823,Low,0.3,0.73,3,0.73,0.56,0.53,2,0.418,P3,Team_B,Low,1
7824,Medium,0.6,0.44,4,0.73,0.7,0.74,3,0.465,P2,Team_A,Medium,2
7825,Low,0.3,0.94,1,0.55,0.76,0.67,4,0.385,P3,Team_B,Low,1
7826,High,0.9,0.96,4,0.72,0.81,0.83,1,0.705,P1,Team_B,High,4
7827,Low,0.3,0.63,3,0.7,0.82,0.69,2,0.443,P2,Team_C,Medium,3
7828,Medium,0.6,0.62,4,0.85,0.93,0.97,1,0.498,P2,Team_B,Medium,3
7829,Low,0.3,0.5,3,0.63,0.53,0.57,2,0.319,P3,Team_B,Low,1
7830,Medium,0.6,0.2,2,0.9,0.95,0.52,5,0.469,P2,Team_B,Medium,2
7831,High,0.9,0.61,1,0.51,0.57,0.64,3,0.615,P2,Team_C,Medium,2
7832,Medium,0.6,0.32,4,0.94,0.61,0.39,2,0.537,P2,Team_A,Medium,3
7833,Medium,0.6,0.31,1,0.43,0.93,0.57,3,0.476,P2,Team_B,Medium,3
7834,High,0.9,0.21,4,0.88,0.69,0.97,3,0.574,P2,Team_A,Medium,3
7835,Low,0.3,0.21,4,0.42,0.36,0.8,4,0.365,P3,Team_C,Low,1
7836,Low,0.3,0.81,4,0.76,0.48,0.89,2,0.414,P3,Team_B,Low,1
7837,Low,0.3,0.61,2,0.93,0.74,0.68,4,0.344,P3,Team_C,Low,1
7838,High,0.9,0.57,1,0.84,0.76,0.75,3,0.709,P1,Team_A,High,6
7839,Low,0.3,0.7,4,0.56,0.76,0.37,3,0.329,P3,Team_C,Low,1
7840,Medium,0.6,0.36,1,0.7,0.81,0.58,2,0.412,P3,Team_B,Low,1
7841,Low,0.3,0.65,1,0.66,0.62,0.61,5,0.389,P3,Team_B,Low,1
7842,Medium,0.6,0.78,1,0.78,0.54,0.58,2,0.568,P2,Team_C,Medium,3
7843,Medium,0.6,0.52,1,0.73,0.8,0.88,1,0.404,P3,Team_B,Low,1
7844,High,0.9,0.23,3,0.77,0.68,0.78,0,0.552,P2,Team_C,Medium,2
7845,Medium,0.6,0.95,4,0.69,0.81,0.37,2,0.655,P1,Team_B,High,4
7846,High,0.9,0.28,1,0.65,0.42,0.42,3,0.747,P1,Team_C,High,6
7847,Low,0.3,0.81,1,0.53,0.75,0.72,6,0.473,P2,Team_C,Medium,2
7848,High,0.9,0.14,3,0.73,0.46,0.41,4,0.639,P2,Team_C,Medium,2
7849,Low,0.3,0.18,1,0.41,0.43,0.9,2,0.223,P3,Team_C,Low,1
7850,Low,0.3,0.88,1,0.67,0.82,0.74,3,0.376,P3,Team_B,Low,1
7851,Medium,0.6,0.56,4,0.8,0.83,0.74,3,0.651,P1,Team_B,High,6
7852,Low,0.3,0.82,1,0.74,0.8,0.56,4,0.371,P3,Team_C,Low,1
7853,Low,0.3,0.42,2,0.68,0.66,0.55,2,0.375,P3,Team_C,Low,1
7854,High,0.9,0.99,4,0.64,0.56,0.82,6,0.751,P1,Team_C,High,5
7855,Low,0.3,0.84,4,0.59,0.44,0.43,4,0.464,P2,Team_C,Medium,2
7856,High,0.9,0.69,2,0.81,0.7,0.91,1,0.668,P1,Team_A,High,5
7857,High,0.9,0.69,2,0.3,0.79,0.57,3,0.665,P1,Team_B,High,4
7858,High,0.9,0.36,2,0.7,0.76,0.47,0,0.568,P2,Team_B,Medium,2
7859,Medium,0.6,0.53,4,0.94,0.71,0.89,3,0.458,P2,Team_C,Medium,2
7860,Medium,0.6,0.83,1,0.44,0.84,0.7,4,0.601,P2,Team_B,Medium,3
7861,Low,0.3,0.37,3,0.66,0.67,0.73,3,0.338,P3,Team_C,Low,1
7862,Low,0.3,0.62,1,0.53,0.35,0.32,3,0.46,P2,Team_B,Medium,2
7863,Low,0.3,0.88,2,0.69,0.39,0.55,4,0.457,P2,Team_B,Medium,2
7864,High,0.9,0.43,4,0.85,0.8,0.51,0,0.531,P2,Team_A,Medium,2
7865,High,0.9,0.44,3,0.73,0.86,0.51,3,0.625,P2,Team_B,Medium,2
7866,Low,0.3,0.27,4,0.72,0.6,0.97,3,0.236,P3,Team_C,Low,1
7867,Low,0.3,0.31,3,0.89,0.32,0.92,2,0.291,P3,Team_C,Low,1
7868,Low,0.3,0.35,3,0.81,0.47,0.43,1,0.28,P3,Team_C,Low,1
7869,Medium,0.6,0.31,4,0.93,0.75,0.57,1,0.429,P2,Team_B,Medium,2
7870,Medium,0.6,0.41,4,0.68,0.53,0.6,5,0.456,P2,Team_A,Medium,3
7871,Medium,0.6,0.25,2,0.9,0.33,0.66,6,0.448,P2,Team_A,Medium,2
7872,Medium,0.6,0.35,3,0.47,0.43,0.96,5,0.45,P2,Team_C,Medium,2
7873,Medium,0.6,0.65,3,0.9,0.69,0.31,0,0.652,P1,Team_A,High,6
7874,Low,0.3,0.71,1,0.87,0.65,0.52,4,0.347,P3,Team_B,Low,1
7875,Low,0.3,0.59,1,0.73,0.51,0.86,4,0.376,P3,Team_C,Low,1
7876,High,0.9,0.17,1,0.72,0.29,1.0,0,0.608,P2,Team_C,Medium,2
7877,High,0.9,0.41,3,0.71,0.75,0.66,5,0.715,P1,Team_B,High,5
7878,High,0.9,0.16,3,0.94,0.52,0.55,3,0.572,P2,Team_A,Medium,2
7879,High,0.9,0.44,2,0.66,0.38,0.73,1,0.635,P2,Team_C,Medium,3
7880,Low,0.3,0.7,4,0.44,0.84,0.41,3,0.453,P2,Team_C,Medium,3
7881,Low,0.3,0.82,3,0.42,0.86,0.98,5,0.312,P3,Team_B,Low,1
7882,Medium,0.6,0.18,3,0.52,0.86,0.62,4,0.543,P2,Team_B,Medium,2
7883,Medium,0.6,0.38,3,0.72,0.38,0.3,4,0.562,P2,Team_C,Medium,2
7884,Medium,0.6,0.3,2,0.66,0.74,0.83,4,0.466,P2,Team_A,Medium,3
7885,High,0.9,0.45,1,0.87,0.84,0.33,1,0.662,P1,Team_A,High,5
7886,Low,0.3,0.67,3,0.68,0.34,0.8,3,0.375,P3,Team_B,Low,1
7887,Medium,0.6,0.44,3,0.69,0.57,0.8,1,0.508,P2,Team_A,Medium,2
7888,Medium,0.6,0.41,4,0.72,0.31,0.42,4,0.516,P2,Team_C,Medium,3
7889,High,0.9,0.26,3,0.87,0.53,0.72,1,0.579,P2,Team_A,Medium,2
7890,Medium,0.6,0.64,2,0.18,0.64,0.89,3,0.509,P2,Team_C,Medium,2
7891,Medium,0.6,0.47,4,0.58,0.33,0.8,5,0.499,P2,Team_A,Medium,3
7892,Medium,0.6,0.37,3,0.46,0.57,0.51,1,0.61,P2,Team_C,Medium,3
7893,High,0.9,0.45,2,0.35,0.99,0.51,3,0.612,P2,Team_B,Medium,2
7894,Medium,0.6,0.77,1,0.93,0.66,1.0,2,0.466,P2,Team_C,Medium,2
7895,Medium,0.6,0.58,3,0.87,0.63,0.41,2,0.497,P2,Team_A,Medium,3
7896,High,0.9,0.36,2,0.43,0.71,0.8,1,0.583,P2,Team_B,Medium,2
7897,Low,0.3,0.97,4,0.75,0.74,0.82,3,0.365,P3,Team_B,Low,1
7898,Low,0.3,0.4,1,0.71,0.74,0.52,3,0.163,P3,Team_C,Low,1
7899,Low,0.3,0.55,4,0.79,0.84,0.67,4,0.394,P3,Team_C,Low,1
7900,Low,0.3,0.21,3,0.57,0.4,0.88,4,0.204,P3,Team_C,Low,1
7901,Medium,0.6,0.25,3,0.9,0.48,0.65,4,0.496,P2,Team_A,Medium,2
7902,High,0.9,0.95,1,0.73,0.64,0.32,1,0.779,P1,Team_C,High,6
7903,Low,0.3,0.49,4,0.86,0.66,0.65,3,0.451,P2,Team_C,Medium,3
7904,Low,0.3,0.41,2,0.81,0.79,0.69,2,0.277,P3,Team_B,Low,1
7905,Low,0.3,0.77,4,0.76,0.4,0.52,3,0.429,P2,Team_C,Medium,2
7906,Low,0.3,0.75,2,0.67,0.77,0.59,6,0.399,P3,Team_C,Low,1
7907,Low,0.3,0.15,1,0.6,0.83,0.92,1,0.136,P3,Team_C,Low,1
7908,Medium,0.6,0.41,3,0.88,0.55,0.77,5,0.522,P2,Team_C,Medium,3
7909,Low,0.3,0.64,3,0.41,0.69,0.67,5,0.477,P2,Team_B,Medium,3
7910,Low,0.3,0.45,1,0.76,0.88,0.61,2,0.259,P3,Team_C,Low,1
7911,Medium,0.6,0.43,4,0.64,0.84,0.81,0,0.489,P2,Team_B,Medium,2
7912,Medium,0.6,0.82,1,0.66,0.83,0.77,1,0.57,P2,Team_B,Medium,3
7913,Medium,0.6,0.86,4,0.9,0.87,0.53,1,0.501,P2,Team_B,Medium,2
7914,Medium,0.6,0.57,4,0.88,0.91,0.77,2,0.51,P2,Team_B,Medium,2
7915,Low,0.3,0.19,1,0.51,0.78,0.78,1,0.284,P3,Team_C,Low,1
7916,High,0.9,0.42,1,0.78,0.79,0.99,0,0.603,P2,Team_B,Medium,3
7917,High,0.9,0.52,4,0.94,0.7,0.72,3,0.71,P1,Team_A,High,5
7918,Low,0.3,0.58,4,0.64,0.62,0.76,4,0.374,P3,Team_C,Low,1
7919,Low,0.3,0.25,3,0.74,0.68,0.77,4,0.294,P3,Team_B,Low,1
7920,Medium,0.6,0.15,2,0.75,0.49,0.93,2,0.356,P3,Team_C,Low,1
7921,Low,0.3,0.84,3,0.22,0.73,0.31,1,0.491,P2,Team_C,Medium,3
7922,Medium,0.6,0.45,2,0.94,0.49,0.69,0,0.558,P2,Team_C,Medium,2
7923,Medium,0.6,0.53,3,0.42,0.68,0.54,5,0.482,P2,Team_C,Medium,3
7924,Medium,0.6,0.42,4,0.81,0.7,0.92,3,0.386,P3,Team_A,Low,1
7925,High,0.9,0.11,1,0.79,0.64,0.78,4,0.584,P2,Team_C,Medium,2
7926,Medium,0.6,0.86,4,0.85,0.96,0.71,4,0.522,P2,Team_B,Medium,2
7927,Low,0.3,0.55,2,0.79,0.78,0.82,5,0.353,P3,Team_B,Low,1
7928,Low,0.3,0.81,1,0.57,0.7,0.59,1,0.449,P2,Team_B,Medium,3
7929,Medium,0.6,0.51,1,0.75,0.53,0.55,2,0.443,P2,Team_A,Medium,2
7930,Low,0.3,0.63,2,0.77,0.28,0.96,1,0.386,P3,Team_B,Low,1
7931,Medium,0.6,0.64,3,0.58,0.51,0.59,1,0.526,P2,Team_C,Medium,3
7932,Low,0.3,0.42,2,0.89,0.72,0.68,4,0.284,P3,Team_B,Low,1
7933,Low,0.3,0.44,4,0.74,0.43,0.4,3,0.468,P2,Team_C,Medium,3
7934,High,0.9,0.81,3,0.72,0.56,0.36,5,0.739,P1,Team_C,High,4
7935,Low,0.3,0.88,2,0.83,0.54,0.9,1,0.372,P3,Team_B,Low,1
7936,Low,0.3,0.45,2,0.39,0.59,0.5,1,0.331,P3,Team_C,Low,1
7937,Medium,0.6,0.71,1,0.68,0.56,0.82,5,0.662,P1,Team_A,High,4
7938,Medium,0.6,0.39,1,0.88,0.64,0.98,0,0.413,P3,Team_C,Low,1
7939,Medium,0.6,0.03,2,0.97,0.28,0.35,4,0.402,P3,Team_A,Low,1
7940,Medium,0.6,0.7,4,0.86,0.62,0.7,2,0.608,P2,Team_A,Medium,2
7941,High,0.9,0.59,2,0.6,0.91,0.38,2,0.807,P1,Team_B,High,6
7942,Medium,0.6,0.25,3,0.62,0.71,0.78,1,0.411,P3,Team_A,Low,1
7943,High,0.9,0.24,1,0.78,0.79,0.98,5,0.649,P2,Team_B,Medium,3
7944,High,0.9,0.63,2,0.84,0.63,0.63,3,0.7,P1,Team_A,High,6
7945,Medium,0.6,0.13,1,0.63,0.56,0.8,2,0.485,P2,Team_A,Medium,2
7946,Low,0.3,0.41,2,0.74,0.53,0.84,5,0.324,P3,Team_B,Low,1
7947,Medium,0.6,0.89,2,0.73,0.85,0.94,1,0.522,P2,Team_B,Medium,3
7948,High,0.9,0.7,3,0.94,0.57,0.38,2,0.667,P1,Team_A,High,4
7949,High,0.9,0.36,1,0.75,0.86,0.77,3,0.687,P1,Team_B,High,5
7950,High,0.9,0.31,3,0.51,0.52,0.94,3,0.617,P2,Team_C,Medium,2
7951,Low,0.3,0.82,2,0.76,0.42,0.84,0,0.394,P3,Team_B,Low,1
7952,High,0.9,0.43,3,0.62,0.86,0.89,1,0.609,P2,Team_B,Medium,3
7953,Medium,0.6,0.52,2,0.87,0.92,0.59,0,0.553,P2,Team_B,Medium,2
7954,Medium,0.6,0.57,3,0.64,0.58,0.7,0,0.559,P2,Team_A,Medium,2
7955,Low,0.3,0.42,2,0.8,0.34,0.99,1,0.253,P3,Team_C,Low,1
7956,Low,0.3,0.46,3,0.67,0.6,0.61,3,0.42,P3,Team_B,Low,1
7957,Low,0.3,0.84,4,0.66,0.62,0.42,2,0.428,P2,Team_B,Medium,3
7958,Low,0.3,0.72,4,0.8,0.72,0.54,2,0.327,P3,Team_B,Low,1
7959,Low,0.3,0.17,4,0.91,0.98,0.83,4,0.28,P3,Team_C,Low,1
7960,Medium,0.6,0.21,1,0.9,0.26,0.98,1,0.473,P2,Team_C,Medium,2
7961,Medium,0.6,0.55,2,0.73,0.47,0.74,5,0.59,P2,Team_C,Medium,3
7962,Low,0.3,0.69,4,0.88,0.74,0.68,0,0.257,P3,Team_C,Low,1
7963,Low,0.3,0.52,2,0.75,0.86,0.6,3,0.311,P3,Team_B,Low,1
7964,Medium,0.6,0.46,2,0.92,0.32,0.43,2,0.588,P2,Team_C,Medium,3
7965,Medium,0.6,0.1,1,0.78,0.8,0.44,4,0.456,P2,Team_B,Medium,3
7966,Low,0.3,0.07,4,0.52,0.66,0.95,3,0.231,P3,Team_C,Low,1
7967,Medium,0.6,0.65,4,0.76,0.63,1.0,4,0.557,P2,Team_A,Medium,2
7968,Low,0.3,0.64,2,0.72,0.76,0.55,2,0.422,P2,Team_C,Medium,3
7969,High,0.9,0.13,2,0.43,0.89,0.54,2,0.633,P2,Team_B,Medium,2
7970,Low,0.3,0.57,1,0.75,0.31,0.41,0,0.378,P3,Team_C,Low,1
7971,Medium,0.6,0.38,3,0.78,0.58,0.57,5,0.38,P3,Team_C,Low,1
7972,Medium,0.6,0.47,1,0.92,0.63,0.68,4,0.527,P2,Team_A,Medium,2
7973,Medium,0.6,0.23,1,0.65,0.77,0.47,1,0.387,P3,Team_B,Low,1
7974,Low,0.3,0.13,1,0.82,0.65,0.94,2,0.283,P3,Team_B,Low,1
7975,Medium,0.6,0.47,3,0.68,0.68,0.53,4,0.532,P2,Team_C,Medium,2
7976,Low,0.3,0.44,3,0.62,0.78,0.74,2,0.401,P3,Team_C,Low,1
7977,Low,0.3,0.29,2,0.82,0.72,0.41,3,0.404,P3,Team_C,Low,1
7978,High,0.9,0.69,1,0.83,0.73,0.66,2,0.77,P1,Team_A,High,4
7979,Low,0.3,0.41,3,0.53,0.53,0.67,1,0.37,P3,Team_C,Low,1
7980,Low,0.3,0.35,2,0.56,0.69,0.34,5,0.375,P3,Team_C,Low,1
7981,Low,0.3,0.43,2,0.64,0.59,0.38,1,0.337,P3,Team_B,Low,1
7982,High,0.9,0.61,4,0.69,0.4,0.82,2,0.7,P1,Team_C,High,5
7983,Medium,0.6,0.44,4,0.91,0.69,0.88,2,0.431,P2,Team_C,Medium,2
7984,Low,0.3,0.23,1,0.7,0.8,0.32,3,0.274,P3,Team_C,Low,1
7985,Medium,0.6,0.47,2,0.82,0.45,0.98,5,0.531,P2,Team_A,Medium,3
7986,Medium,0.6,0.44,2,0.85,0.91,0.58,2,0.447,P2,Team_B,Medium,3
7987,Low,0.3,0.37,1,0.48,0.49,0.38,3,0.339,P3,Team_B,Low,1
7988,Medium,0.6,0.72,3,0.62,0.92,0.82,2,0.539,P2,Team_B,Medium,2
7989,High,0.9,0.37,1,0.77,0.62,0.59,4,0.68,P1,Team_C,High,5
7990,Low,0.3,0.02,3,0.84,0.63,0.56,0,0.315,P3,Team_B,Low,1
7991,Low,0.3,0.33,4,0.81,0.67,0.57,3,0.24,P3,Team_C,Low,1
7992,Medium,0.6,0.51,4,0.62,0.71,0.66,1,0.525,P2,Team_C,Medium,2
7993,High,0.9,0.79,4,0.78,0.72,0.59,3,0.632,P2,Team_B,Medium,3
7994,Medium,0.6,0.78,1,0.85,0.66,0.91,3,0.506,P2,Team_C,Medium,2
7995,Medium,0.6,0.01,4,0.9,0.77,0.66,5,0.404,P3,Team_B,Low,1
7996,Low,0.3,0.56,4,0.65,0.65,0.81,6,0.417,P3,Team_B,Low,1
7997,Medium,0.6,0.56,2,0.69,0.77,0.75,4,0.529,P2,Team_B,Medium,3
7998,High,0.9,0.73,2,0.76,0.46,0.84,7,0.788,P1,Team_C,High,6
7999,Medium,0.6,0.19,3,0.89,0.56,0.38,5,0.526,P2,Team_A,Medium,3
8000,High,0.9,0.63,4,0.88,0.37,0.54,5,0.83,P1,Team_A,High,6
8001,High,0.9,0.54,1,0.58,0.81,0.47,1,0.655,P1,Team_B,High,5
8002,Low,0.3,0.55,2,0.84,0.73,0.97,2,0.324,P3,Team_C,Low,1
8003,Low,0.3,0.48,2,0.88,0.79,0.54,0,0.427,P2,Team_B,Medium,3
8004,High,0.9,0.83,1,0.58,0.72,0.84,5,0.69,P1,Team_B,High,4
8005,Medium,0.6,0.55,1,0.94,0.64,0.42,6,0.495,P2,Team_A,Medium,2
8006,Low,0.3,0.21,2,0.6,0.56,0.67,1,0.182,P3,Team_B,Low,1
8007,Medium,0.6,0.61,4,0.81,0.92,0.82,3,0.515,P2,Team_B,Medium,3
8008,Medium,0.6,0.34,1,0.85,0.61,0.98,6,0.472,P2,Team_C,Medium,2
8009,Medium,0.6,0.77,1,0.86,0.64,0.93,1,0.47,P2,Team_C,Medium,3
8010,Medium,0.6,0.08,4,0.82,0.6,0.37,1,0.45,P2,Team_A,Medium,3
8011,High,0.9,0.28,2,0.88,0.68,0.78,5,0.698,P1,Team_A,High,6
8012,High,0.9,0.56,2,0.53,0.92,0.47,1,0.679,P1,Team_B,High,4
8013,Medium,0.6,0.35,1,0.6,0.73,0.53,2,0.449,P2,Team_C,Medium,3
8014,High,0.9,0.01,2,0.83,0.69,0.3,1,0.591,P2,Team_A,Medium,2
8015,High,0.9,0.41,3,0.92,0.81,0.88,3,0.57,P2,Team_A,Medium,2
8016,Low,0.3,0.63,1,0.82,0.64,0.71,1,0.302,P3,Team_B,Low,1
8017,Low,0.3,0.7,4,0.69,0.51,0.55,1,0.419,P3,Team_B,Low,1
8018,Medium,0.6,0.72,3,0.58,0.52,0.33,1,0.552,P2,Team_C,Medium,2
8019,Medium,0.6,0.28,2,0.83,0.84,0.78,4,0.457,P2,Team_B,Medium,2
8020,Low,0.3,0.53,1,0.37,0.74,0.65,6,0.355,P3,Team_C,Low,1
8021,Low,0.3,0.9,2,0.77,0.75,0.95,7,0.499,P2,Team_C,Medium,2
8022,Low,0.3,0.87,1,0.71,0.55,0.41,4,0.502,P2,Team_B,Medium,2
8023,Medium,0.6,0.63,1,0.65,0.5,0.31,2,0.608,P2,Team_A,Medium,2
8024,Low,0.3,0.68,3,0.93,0.45,0.4,2,0.502,P2,Team_C,Medium,2
8025,Low,0.3,0.19,1,0.9,0.84,0.61,4,0.276,P3,Team_B,Low,1
8026,Low,0.3,0.74,2,0.74,0.64,0.39,1,0.366,P3,Team_C,Low,1
8027,Medium,0.6,0.36,1,0.52,0.43,0.84,5,0.487,P2,Team_C,Medium,3
8028,High,0.9,0.61,4,0.91,0.84,0.46,4,0.735,P1,Team_A,High,5
8029,Low,0.3,0.42,1,0.64,0.65,0.84,4,0.311,P3,Team_C,Low,1
8030,Medium,0.6,0.44,4,0.9,0.82,0.79,6,0.582,P2,Team_B,Medium,2
8031,Medium,0.6,0.4,3,0.43,0.74,0.54,4,0.401,P3,Team_C,Low,1
8032,Low,0.3,0.24,4,0.79,0.68,0.55,4,0.298,P3,Team_C,Low,1
8033,Low,0.3,0.4,4,0.84,0.5,0.47,1,0.526,P2,Team_B,Medium,2
8034,Low,0.3,0.76,2,0.76,0.68,0.46,4,0.419,P3,Team_C,Low,1
8035,Medium,0.6,0.38,1,0.8,0.87,0.47,1,0.567,P2,Team_B,Medium,2
8036,Medium,0.6,0.73,3,0.71,0.77,0.96,4,0.539,P2,Team_B,Medium,3
8037,Medium,0.6,0.41,1,0.91,0.36,0.95,1,0.476,P2,Team_C,Medium,2
8038,Low,0.3,0.14,3,0.68,0.89,0.58,0,0.223,P3,Team_C,Low,1
8039,High,0.9,0.29,2,0.89,0.85,0.4,3,0.628,P2,Team_A,Medium,3
8040,Low,0.3,0.98,1,0.93,0.95,0.54,2,0.344,P3,Team_B,Low,1
8041,Medium,0.6,0.46,1,0.85,0.82,0.93,2,0.528,P2,Team_B,Medium,3
8042,Low,0.3,0.17,3,0.76,0.99,0.79,7,0.28,P3,Team_B,Low,1
8043,Medium,0.6,0.78,1,0.77,0.76,0.93,6,0.7,P1,Team_B,High,5
8044,High,0.9,0.12,1,0.63,0.75,0.64,1,0.643,P2,Team_B,Medium,2
8045,Medium,0.6,0.3,4,0.85,0.49,0.36,1,0.476,P2,Team_C,Medium,2
8046,High,0.9,0.5,4,0.98,0.69,0.92,2,0.675,P1,Team_A,High,6
8047,Medium,0.6,0.65,3,0.66,0.77,0.76,2,0.544,P2,Team_B,Medium,3
8048,Medium,0.6,0.42,2,0.57,0.73,0.81,3,0.541,P2,Team_C,Medium,3
8049,High,0.9,0.17,4,0.46,0.94,0.44,6,0.595,P2,Team_B,Medium,3
8050,Medium,0.6,0.22,1,0.66,0.73,0.37,2,0.48,P2,Team_C,Medium,2
8051,Low,0.3,0.46,2,0.56,0.64,0.69,3,0.388,P3,Team_C,Low,1
8052,Low,0.3,0.55,4,0.5,0.67,0.9,4,0.3,P3,Team_C,Low,1
8053,Medium,0.6,0.84,2,0.39,0.71,0.6,4,0.619,P2,Team_A,Medium,2
8054,High,0.9,0.36,1,0.81,0.48,0.61,1,0.585,P2,Team_A,Medium,3
8055,Medium,0.6,0.82,4,0.88,0.72,0.51,1,0.494,P2,Team_C,Medium,2
8056,Medium,0.6,0.59,4,0.69,0.78,0.75,2,0.403,P3,Team_B,Low,1
8057,Medium,0.6,0.72,2,0.77,0.83,0.76,1,0.559,P2,Team_B,Medium,2
8058,Medium,0.6,0.38,4,0.64,0.79,0.64,6,0.513,P2,Team_B,Medium,3
8059,Low,0.3,0.61,1,0.8,0.48,0.36,2,0.414,P3,Team_B,Low,1
8060,Low,0.3,0.74,2,0.52,0.91,0.4,1,0.456,P2,Team_B,Medium,2
8061,High,0.9,0.68,3,0.93,0.9,0.8,2,0.606,P2,Team_A,Medium,3
8062,Medium,0.6,0.68,1,0.52,0.9,0.45,1,0.612,P2,Team_B,Medium,2
8063,Low,0.3,0.71,2,0.75,0.4,0.82,4,0.461,P2,Team_C,Medium,3
8064,Low,0.3,0.32,3,0.62,0.35,0.31,4,0.361,P3,Team_B,Low,1
8065,Low,0.3,0.58,3,0.86,0.64,0.67,3,0.309,P3,Team_B,Low,1
8066,High,0.9,0.32,3,0.56,0.62,0.61,9,0.785,P1,Team_C,High,6
8067,Low,0.3,0.59,4,0.62,0.52,0.57,0,0.485,P2,Team_B,Medium,3
8068,Medium,0.6,0.55,4,0.89,0.63,0.88,3,0.529,P2,Team_A,Medium,3
8069,Low,0.3,0.88,3,0.88,0.61,0.31,4,0.481,P2,Team_C,Medium,3
8070,Medium,0.6,0.56,1,0.87,0.51,0.82,1,0.495,P2,Team_A,Medium,3
8071,High,0.9,0.09,1,0.74,0.64,0.87,3,0.499,P2,Team_C,Medium,3
8072,Low,0.3,0.67,2,0.87,0.69,0.47,3,0.497,P2,Team_B,Medium,3
8073,Medium,0.6,0.18,1,0.7,0.22,0.31,2,0.478,P2,Team_C,Medium,3
8074,Medium,0.6,0.94,3,0.47,0.73,0.77,0,0.586,P2,Team_A,Medium,2
8075,Low,0.3,0.45,1,0.54,0.92,0.9,3,0.232,P3,Team_C,Low,1
8076,Medium,0.6,0.65,1,0.64,0.77,0.91,1,0.492,P2,Team_B,Medium,3
8077,Medium,0.6,0.3,2,0.55,0.73,0.92,2,0.479,P2,Team_A,Medium,2
8078,Medium,0.6,0.63,1,0.85,0.88,0.51,4,0.656,P1,Team_B,High,6
8079,High,0.9,0.82,2,0.7,0.79,0.59,4,0.778,P1,Team_B,High,4
8080,Medium,0.6,0.59,3,0.86,0.88,0.75,3,0.458,P2,Team_B,Medium,2
8081,High,0.9,0.05,1,0.73,0.64,0.71,3,0.637,P2,Team_C,Medium,2
8082,High,0.9,0.24,1,0.46,0.41,0.64,4,0.679,P1,Team_C,High,4
8083,Medium,0.6,0.18,4,0.71,0.72,0.48,3,0.443,P2,Team_C,Medium,3
8084,Medium,0.6,0.67,4,0.87,0.91,0.68,0,0.449,P2,Team_B,Medium,3
8085,High,0.9,0.76,2,0.66,0.37,0.78,2,0.792,P1,Team_C,High,5
8086,High,0.9,0.21,3,0.66,0.69,0.55,6,0.644,P2,Team_C,Medium,2
8087,Low,0.3,0.37,1,0.94,0.33,0.34,4,0.312,P3,Team_C,Low,1
8088,Medium,0.6,0.48,3,0.35,0.48,0.42,2,0.55,P2,Team_C,Medium,3
8089,Low,0.3,0.39,1,0.87,0.55,0.58,4,0.435,P2,Team_B,Medium,3
8090,Low,0.3,0.64,3,0.28,0.67,0.72,2,0.314,P3,Team_B,Low,1
8091,Low,0.3,0.23,4,0.6,0.66,0.83,4,0.285,P3,Team_C,Low,1
8092,Low,0.3,0.3,4,0.44,0.37,0.61,4,0.367,P3,Team_C,Low,1
8093,High,0.9,0.61,2,0.82,0.93,0.68,4,0.664,P1,Team_A,High,4
8094,Medium,0.6,0.49,3,0.74,0.67,0.64,5,0.542,P2,Team_C,Medium,2
8095,Low,0.3,0.83,2,0.39,0.81,0.3,4,0.552,P2,Team_B,Medium,3
8096,Low,0.3,0.85,3,0.79,0.92,0.77,2,0.322,P3,Team_B,Low,1
8097,High,0.9,0.95,4,0.54,0.44,0.84,3,0.792,P1,Team_C,High,6
8098,Medium,0.6,0.09,3,0.96,0.78,0.48,2,0.456,P2,Team_B,Medium,2
8099,Low,0.3,0.25,1,0.77,0.78,0.9,4,0.216,P3,Team_B,Low,1
8100,Low,0.3,0.51,1,0.43,0.75,0.78,7,0.35,P3,Team_C,Low,1
8101,Medium,0.6,0.79,3,0.76,0.61,0.55,4,0.501,P2,Team_A,Medium,3
8102,Medium,0.6,0.59,3,0.47,0.59,0.49,1,0.575,P2,Team_C,Medium,3
8103,Medium,0.6,0.86,3,0.5,0.79,0.46,1,0.518,P2,Team_B,Medium,2
8104,Medium,0.6,0.53,3,0.76,0.68,0.93,5,0.519,P2,Team_A,Medium,3
8105,Medium,0.6,0.29,4,0.95,0.76,0.54,2,0.499,P2,Team_B,Medium,2
8106,Medium,0.6,0.61,3,0.83,0.64,0.81,7,0.508,P2,Team_C,Medium,2
8107,Low,0.3,0.77,2,0.95,0.65,0.64,3,0.408,P3,Team_B,Low,1
8108,Medium,0.6,0.66,2,0.74,0.71,0.88,3,0.423,P2,Team_C,Medium,2
8109,High,0.9,0.74,3,0.65,0.26,0.93,3,0.75,P1,Team_C,High,6
8110,Medium,0.6,0.28,1,0.91,0.73,0.9,0,0.435,P2,Team_A,Medium,3
8111,Medium,0.6,0.89,4,0.67,0.95,0.41,5,0.437,P2,Team_B,Medium,3
8112,Medium,0.6,0.09,1,0.9,0.62,0.55,6,0.414,P3,Team_C,Low,1
8113,Low,0.3,0.44,1,0.89,0.65,0.59,2,0.399,P3,Team_C,Low,1
8114,Medium,0.6,0.16,1,0.48,0.65,0.88,2,0.445,P2,Team_A,Medium,2
8115,Medium,0.6,0.37,1,0.94,0.76,0.77,1,0.502,P2,Team_B,Medium,3
8116,Low,0.3,0.7,2,0.48,0.77,0.53,1,0.44,P2,Team_C,Medium,2
8117,High,0.9,0.6,2,0.86,0.86,0.89,2,0.648,P2,Team_A,Medium,3
8118,Medium,0.6,0.79,2,0.37,0.73,0.7,2,0.57,P2,Team_A,Medium,3
8119,High,0.9,0.05,4,0.96,0.35,0.7,1,0.635,P2,Team_A,Medium,2
8120,Low,0.3,0.42,2,0.78,0.66,0.98,5,0.298,P3,Team_B,Low,1
8121,High,0.9,0.7,3,0.73,0.6,0.62,2,0.812,P1,Team_C,High,5
8122,Medium,0.6,0.69,2,0.5,0.42,0.98,4,0.506,P2,Team_A,Medium,3
8123,Low,0.3,0.72,4,0.85,0.59,0.61,6,0.458,P2,Team_B,Medium,3
8124,Low,0.3,0.34,1,0.69,0.8,0.79,7,0.272,P3,Team_C,Low,1
8125,Low,0.3,0.37,2,0.91,0.78,0.53,4,0.349,P3,Team_B,Low,1
8126,Low,0.3,0.7,4,0.73,0.41,0.34,3,0.476,P2,Team_C,Medium,2
8127,High,0.9,0.22,3,0.6,0.67,0.85,5,0.624,P2,Team_C,Medium,2
8128,Low,0.3,0.25,3,0.73,0.66,0.54,2,0.349,P3,Team_C,Low,1
8129,High,0.9,0.19,4,0.65,0.96,0.66,3,0.658,P1,Team_B,High,5
8130,High,0.9,0.55,4,0.96,0.9,0.34,5,0.605,P2,Team_A,Medium,2
8131,Low,0.3,0.55,3,0.75,0.18,0.65,2,0.441,P2,Team_C,Medium,2
8132,Medium,0.6,0.6,3,0.63,0.56,0.72,5,0.552,P2,Team_A,Medium,2
8133,Medium,0.6,0.51,2,0.7,0.73,0.94,2,0.514,P2,Team_A,Medium,2
8134,Medium,0.6,0.11,1,0.7,0.75,0.44,4,0.394,P3,Team_B,Low,1
8135,Medium,0.6,0.3,1,0.81,0.89,0.38,1,0.441,P2,Team_B,Medium,2
8136,Low,0.3,0.64,1,0.37,0.8,0.49,3,0.369,P3,Team_B,Low,1
8137,Medium,0.6,0.86,2,0.69,0.51,0.36,1,0.56,P2,Team_A,Medium,2
8138,Medium,0.6,0.09,2,0.64,0.43,0.49,2,0.47,P2,Team_C,Medium,3
8139,Low,0.3,0.6,2,0.64,0.63,0.52,3,0.42,P2,Team_C,Medium,2
8140,Medium,0.6,0.71,3,0.62,0.63,0.61,7,0.579,P2,Team_A,Medium,2
8141,Medium,0.6,0.43,4,0.68,0.66,0.34,6,0.622,P2,Team_C,Medium,2
8142,Medium,0.6,0.91,2,0.41,0.72,0.33,5,0.579,P2,Team_C,Medium,3
8143,High,0.9,0.34,4,0.88,0.48,0.42,7,0.633,P2,Team_A,Medium,3
8144,Low,0.3,0.69,2,0.7,0.78,0.62,1,0.345,P3,Team_B,Low,1
8145,High,0.9,0.74,2,0.93,0.52,0.36,8,0.801,P1,Team_A,High,5
8146,High,0.9,0.27,4,0.67,0.71,0.56,0,0.626,P2,Team_B,Medium,2
8147,High,0.9,0.8,3,0.68,0.81,0.75,3,0.726,P1,Team_B,High,5
8148,High,0.9,0.27,3,0.71,0.93,0.4,4,0.633,P2,Team_B,Medium,2
8149,High,0.9,0.5,2,0.79,0.53,0.4,2,0.786,P1,Team_C,High,4
8150,Medium,0.6,0.59,3,0.77,0.85,0.82,2,0.489,P2,Team_B,Medium,2
8151,Medium,0.6,0.99,1,0.59,0.8,0.86,4,0.546,P2,Team_B,Medium,3
8152,Medium,0.6,0.61,2,0.81,0.83,0.53,1,0.489,P2,Team_B,Medium,2
8153,Medium,0.6,0.27,4,0.77,0.52,0.38,4,0.519,P2,Team_C,Medium,3
8154,Medium,0.6,0.58,4,0.97,0.73,0.84,5,0.452,P2,Team_A,Medium,3
8155,High,0.9,0.8,3,0.93,0.75,0.69,4,0.656,P1,Team_A,High,6
8156,Low,0.3,0.59,1,0.71,0.6,0.56,2,0.427,P2,Team_B,Medium,2
8157,Low,0.3,0.82,1,0.51,0.8,0.44,5,0.379,P3,Team_C,Low,1
8158,Low,0.3,0.51,1,0.39,0.97,0.31,6,0.378,P3,Team_C,Low,1
8159,Medium,0.6,0.58,1,0.54,0.35,0.94,0,0.52,P2,Team_A,Medium,3
8160,High,0.9,0.35,4,0.78,0.77,0.49,5,0.63,P2,Team_B,Medium,3
8161,Medium,0.6,0.44,2,0.8,0.67,0.98,1,0.43,P2,Team_A,Medium,2
8162,High,0.9,0.24,1,0.36,0.54,0.85,3,0.579,P2,Team_C,Medium,2
8163,Low,0.3,0.78,1,0.82,0.68,0.41,2,0.454,P2,Team_B,Medium,2
8164,Low,0.3,0.2,4,0.82,0.84,0.9,4,0.27,P3,Team_B,Low,1
8165,Medium,0.6,0.52,4,0.76,0.47,0.74,3,0.48,P2,Team_C,Medium,2
8166,Low,0.3,0.39,1,0.62,0.89,0.51,4,0.416,P3,Team_C,Low,1
8167,Medium,0.6,0.52,4,0.66,0.57,0.61,1,0.61,P2,Team_C,Medium,3
8168,Medium,0.6,0.52,2,0.83,0.78,0.49,1,0.505,P2,Team_B,Medium,2
8169,Low,0.3,0.66,2,0.71,0.52,0.44,5,0.373,P3,Team_B,Low,1
8170,Low,0.3,0.65,2,0.82,0.56,0.55,2,0.318,P3,Team_B,Low,1
8171,Low,0.3,0.72,1,0.64,0.55,0.33,1,0.491,P2,Team_B,Medium,3
8172,Medium,0.6,0.68,3,0.63,0.96,0.61,3,0.544,P2,Team_B,Medium,2
8173,Medium,0.6,0.4,1,0.83,0.67,0.34,3,0.485,P2,Team_C,Medium,2
8174,Low,0.3,0.41,1,0.98,0.48,0.43,2,0.337,P3,Team_C,Low,1
8175,Medium,0.6,0.63,4,0.8,0.72,0.79,4,0.53,P2,Team_A,Medium,3
8176,Low,0.3,0.49,1,0.64,0.65,0.49,4,0.29,P3,Team_B,Low,1
8177,Low,0.3,0.36,4,0.96,0.86,0.75,5,0.261,P3,Team_B,Low,1
8178,Medium,0.6,0.71,3,0.41,0.86,0.59,4,0.492,P2,Team_B,Medium,2
8179,Medium,0.6,0.71,2,0.65,0.68,0.66,1,0.514,P2,Team_C,Medium,2
8180,High,0.9,0.7,4,0.79,0.42,0.51,4,0.767,P1,Team_C,High,4
8181,High,0.9,0.64,4,0.74,0.94,0.45,4,0.749,P1,Team_B,High,5
8182,Medium,0.6,0.46,2,0.47,0.71,0.55,1,0.485,P2,Team_A,Medium,2
8183,Medium,0.6,0.82,1,0.91,0.94,1.0,2,0.478,P2,Team_B,Medium,2
8184,Medium,0.6,0.59,3,0.81,0.49,0.99,7,0.541,P2,Team_C,Medium,3
8185,Low,0.3,0.56,3,0.7,0.68,0.47,2,0.327,P3,Team_C,Low,1
8186,Low,0.3,0.73,1,0.6,0.43,0.87,3,0.461,P2,Team_B,Medium,3
8187,High,0.9,0.42,4,0.94,0.86,0.9,1,0.667,P1,Team_A,High,5
8188,High,0.9,0.22,2,0.54,0.76,0.72,3,0.634,P2,Team_B,Medium,3
8189,Medium,0.6,0.52,2,0.78,0.95,0.34,2,0.531,P2,Team_B,Medium,3
8190,High,0.9,0.53,2,0.91,0.91,0.3,1,0.782,P1,Team_A,High,5
8191,Low,0.3,0.62,4,0.46,0.68,0.42,3,0.452,P2,Team_B,Medium,3
8192,Low,0.3,0.19,1,0.72,0.82,0.3,1,0.322,P3,Team_B,Low,1
8193,High,0.9,0.81,1,0.52,0.67,0.46,2,0.691,P1,Team_C,High,5
8194,Medium,0.6,0.11,4,0.7,0.79,0.88,3,0.409,P3,Team_B,Low,1
8195,Medium,0.6,0.43,2,0.56,0.84,0.6,4,0.484,P2,Team_B,Medium,2
8196,Low,0.3,0.63,1,0.95,0.67,0.49,4,0.379,P3,Team_C,Low,1
8197,Low,0.3,0.28,3,0.44,0.57,0.45,5,0.434,P2,Team_B,Medium,3
8198,High,0.9,0.31,4,0.86,0.42,0.3,2,0.797,P1,Team_A,High,4
8199,Medium,0.6,0.73,3,0.77,0.45,0.98,2,0.491,P2,Team_C,Medium,2
8200,High,0.9,0.74,1,0.61,0.2,0.87,2,0.726,P1,Team_C,High,6
8201,High,0.9,0.37,4,0.72,0.76,0.33,4,0.666,P1,Team_B,High,4
8202,Low,0.3,0.48,2,0.83,0.39,0.38,2,0.389,P3,Team_C,Low,1
8203,Low,0.3,0.27,1,0.75,0.77,0.62,5,0.276,P3,Team_B,Low,1
8204,Low,0.3,0.32,4,0.67,0.7,0.75,7,0.366,P3,Team_B,Low,1
8205,Medium,0.6,0.18,1,0.77,0.95,0.4,3,0.396,P3,Team_B,Low,1
8206,Medium,0.6,0.41,2,0.77,0.86,0.33,3,0.492,P2,Team_B,Medium,3
8207,High,0.9,0.32,1,0.73,0.58,0.55,2,0.7,P1,Team_C,High,4
8208,Low,0.3,0.07,2,0.7,0.48,0.33,1,0.32,P3,Team_B,Low,1
8209,Low,0.3,0.64,2,0.8,0.68,0.95,1,0.256,P3,Team_B,Low,1
8210,Medium,0.6,0.78,4,0.65,0.96,0.5,5,0.563,P2,Team_B,Medium,2
8211,High,0.9,0.54,3,0.71,0.69,0.63,3,0.691,P1,Team_C,High,6
8212,High,0.9,0.43,3,0.7,0.71,0.74,0,0.679,P1,Team_B,High,5
8213,Low,0.3,0.31,3,0.62,0.53,0.39,2,0.255,P3,Team_B,Low,1
8214,Medium,0.6,0.46,3,0.64,0.44,0.81,2,0.509,P2,Team_C,Medium,3
8215,Low,0.3,0.91,2,0.93,0.65,0.99,4,0.442,P2,Team_B,Medium,2
8216,Low,0.3,0.77,4,0.95,0.82,0.35,2,0.386,P3,Team_C,Low,1
8217,High,0.9,0.26,3,0.86,0.9,0.66,4,0.611,P2,Team_A,Medium,3
8218,Medium,0.6,0.16,4,0.9,0.52,0.61,0,0.444,P2,Team_C,Medium,3
8219,Medium,0.6,0.23,4,0.88,0.19,0.68,2,0.476,P2,Team_C,Medium,3
8220,Low,0.3,0.32,3,0.51,0.75,0.61,5,0.38,P3,Team_C,Low,1
8221,Low,0.3,0.13,1,0.69,0.49,0.38,2,0.303,P3,Team_C,Low,1
8222,Low,0.3,0.41,4,0.79,0.76,0.7,1,0.245,P3,Team_B,Low,1
8223,Low,0.3,0.5,1,0.7,0.47,0.63,3,0.335,P3,Team_C,Low,1
8224,Low,0.3,0.9,1,0.83,0.86,0.93,2,0.392,P3,Team_C,Low,1
8225,High,0.9,0.22,2,0.76,0.85,0.87,1,0.568,P2,Team_B,Medium,3
8226,Low,0.3,0.25,4,0.7,0.66,0.48,4,0.29,P3,Team_C,Low,1
8227,High,0.9,0.43,2,0.79,0.74,0.66,2,0.591,P2,Team_B,Medium,3
8228,Low,0.3,0.34,4,0.93,0.85,0.81,3,0.203,P3,Team_B,Low,1
8229,Low,0.3,0.32,2,0.99,0.67,0.31,4,0.34,P3,Team_B,Low,1
8230,Low,0.3,0.68,1,0.62,0.89,0.99,1,0.376,P3,Team_C,Low,1
8231,Low,0.3,0.83,1,0.68,0.63,0.39,3,0.475,P2,Team_B,Medium,3
8232,High,0.9,0.6,3,0.87,0.82,0.64,4,0.711,P1,Team_A,High,4
8233,Medium,0.6,0.39,4,0.96,0.71,0.35,1,0.565,P2,Team_A,Medium,2
8234,Medium,0.6,0.67,3,0.84,0.71,0.44,2,0.527,P2,Team_C,Medium,2
8235,Medium,0.6,0.73,4,0.76,0.82,0.88,3,0.487,P2,Team_B,Medium,3
8236,Medium,0.6,0.68,4,0.77,0.68,0.46,2,0.626,P2,Team_C,Medium,2
8237,High,0.9,0.36,2,0.78,0.32,0.69,2,0.727,P1,Team_C,High,6
8238,High,0.9,0.6,2,0.97,0.75,0.35,2,0.748,P1,Team_A,High,5
8239,Low,0.3,0.51,4,0.34,0.65,0.85,0,0.312,P3,Team_C,Low,1
8240,Low,0.3,0.23,4,0.96,0.41,0.47,5,0.353,P3,Team_B,Low,1
8241,Low,0.3,0.78,3,0.84,0.87,0.49,2,0.401,P3,Team_C,Low,1
8242,High,0.9,0.78,4,0.85,0.44,0.55,5,0.709,P1,Team_A,High,4
8243,Low,0.3,0.42,4,0.59,0.52,0.55,1,0.343,P3,Team_C,Low,1
8244,High,0.9,0.73,4,0.59,0.92,0.73,2,0.647,P2,Team_B,Medium,3
8245,Medium,0.6,0.42,4,0.77,0.86,0.84,2,0.596,P2,Team_B,Medium,3
8246,Low,0.3,0.64,2,0.89,0.46,0.71,4,0.416,P3,Team_B,Low,1
8247,High,0.9,0.54,1,0.82,0.24,0.9,2,0.683,P1,Team_A,High,6
8248,Medium,0.6,0.46,2,0.55,0.81,0.48,3,0.449,P2,Team_B,Medium,3
8249,High,0.9,0.44,3,0.64,0.59,0.84,1,0.651,P1,Team_C,High,5
8250,Low,0.3,0.89,3,0.51,0.51,0.56,4,0.436,P2,Team_B,Medium,2
8251,Medium,0.6,0.6,4,0.62,0.5,0.57,7,0.648,P2,Team_A,Medium,2
8252,High,0.9,0.86,2,0.77,0.49,0.44,2,0.752,P1,Team_C,High,5
8253,Low,0.3,0.24,1,0.87,0.9,0.59,5,0.31,P3,Team_B,Low,1
8254,High,0.9,0.46,2,0.75,0.95,0.43,4,0.68,P1,Team_B,High,5
8255,Low,0.3,0.31,3,0.48,0.39,0.6,4,0.352,P3,Team_B,Low,1
8256,Low,0.3,0.34,1,0.85,0.75,0.52,5,0.349,P3,Team_B,Low,1
8257,Low,0.3,0.3,4,0.78,0.74,0.56,5,0.283,P3,Team_C,Low,1
8258,Medium,0.6,0.6,3,0.8,0.55,0.65,2,0.61,P2,Team_A,Medium,3
8259,High,0.9,0.2,2,0.76,0.59,0.39,8,0.719,P1,Team_C,High,6
8260,Medium,0.6,0.35,2,0.78,0.49,0.52,1,0.515,P2,Team_C,Medium,3
8261,Low,0.3,0.19,2,0.98,0.71,0.41,0,0.258,P3,Team_C,Low,1
8262,Medium,0.6,0.12,4,0.89,0.78,0.67,8,0.455,P2,Team_B,Medium,2
8263,High,0.9,0.17,4,0.74,0.95,0.66,0,0.616,P2,Team_B,Medium,2
8264,High,0.9,0.79,2,0.98,0.64,0.59,2,0.702,P1,Team_A,High,5
8265,Low,0.3,0.31,4,0.49,0.81,0.78,3,0.304,P3,Team_C,Low,1
8266,High,0.9,0.47,1,0.8,0.5,0.89,2,0.61,P2,Team_A,Medium,2
8267,High,0.9,0.15,4,0.63,0.94,0.45,1,0.576,P2,Team_B,Medium,3
8268,Medium,0.6,0.53,4,0.81,0.58,0.96,3,0.466,P2,Team_A,Medium,3
8269,Medium,0.6,0.42,3,0.41,0.79,0.54,3,0.604,P2,Team_B,Medium,2
8270,Low,0.3,0.55,2,0.94,0.46,1.0,1,0.342,P3,Team_B,Low,1
8271,Medium,0.6,0.83,3,0.64,0.85,0.73,3,0.58,P2,Team_B,Medium,2
8272,Medium,0.6,0.59,3,0.8,0.89,0.81,4,0.512,P2,Team_B,Medium,3
8273,Low,0.3,0.6,2,0.54,0.68,0.31,0,0.478,P2,Team_B,Medium,3
8274,High,0.9,0.06,2,0.52,0.68,0.62,3,0.66,P1,Team_C,High,4
8275,Medium,0.6,0.72,2,0.6,0.49,0.81,1,0.584,P2,Team_C,Medium,3
8276,Low,0.3,0.37,3,0.86,0.79,0.37,3,0.378,P3,Team_C,Low,1
8277,Medium,0.6,0.13,3,0.44,0.89,0.38,2,0.393,P3,Team_B,Low,1
8278,High,0.9,0.31,3,0.95,0.65,0.45,4,0.753,P1,Team_A,High,6
8279,Medium,0.6,0.44,4,0.89,0.9,0.95,4,0.409,P3,Team_B,Low,1
8280,Medium,0.6,0.46,2,0.6,0.73,0.95,1,0.442,P2,Team_C,Medium,2
8281,Medium,0.6,0.66,4,0.95,0.51,0.94,3,0.508,P2,Team_A,Medium,3
8282,High,0.9,0.61,4,0.82,0.7,0.64,2,0.651,P1,Team_A,High,5
8283,Low,0.3,0.74,4,0.46,0.6,0.61,0,0.41,P3,Team_B,Low,1
8284,Medium,0.6,0.59,1,0.84,0.88,0.36,3,0.524,P2,Team_B,Medium,2
8285,Medium,0.6,0.65,4,0.45,0.55,0.4,2,0.57,P2,Team_C,Medium,2
8286,Low,0.3,0.28,2,0.87,0.75,0.43,3,0.229,P3,Team_B,Low,1
8287,Low,0.3,0.71,3,0.97,0.49,0.65,3,0.394,P3,Team_C,Low,1
8288,Medium,0.6,0.76,3,0.71,0.75,0.45,4,0.564,P2,Team_B,Medium,3
8289,High,0.9,0.5,4,0.82,0.6,0.97,2,0.68,P1,Team_A,High,5
8290,Low,0.3,0.58,1,0.9,0.98,0.78,5,0.336,P3,Team_C,Low,1
8291,High,0.9,0.2,4,0.88,0.56,0.77,4,0.65,P2,Team_A,Medium,2
8292,High,0.9,0.18,1,0.96,0.7,0.36,4,0.686,P1,Team_A,High,5
8293,Medium,0.6,0.39,4,0.73,0.88,0.87,5,0.333,P3,Team_B,Low,1
8294,Medium,0.6,0.44,4,0.77,0.88,0.7,2,0.491,P2,Team_B,Medium,3
8295,Medium,0.6,0.58,1,0.7,0.54,0.8,1,0.561,P2,Team_A,Medium,3
8296,Low,0.3,0.68,2,0.78,0.62,0.91,5,0.301,P3,Team_B,Low,1
8297,Low,0.3,0.26,4,0.59,0.39,0.99,1,0.315,P3,Team_B,Low,1
8298,Medium,0.6,0.28,1,0.84,0.44,0.64,4,0.496,P2,Team_A,Medium,3
8299,Low,0.3,0.53,1,0.94,0.58,0.59,5,0.463,P2,Team_C,Medium,3
8300,High,0.9,0.64,3,0.65,0.61,0.46,3,0.722,P1,Team_C,High,5
8301,Low,0.3,0.33,1,0.86,0.79,0.94,1,0.28,P3,Team_B,Low,1
8302,Low,0.3,0.07,2,0.68,0.58,0.47,1,0.314,P3,Team_C,Low,1
8303,Medium,0.6,0.41,4,0.71,0.73,0.35,4,0.543,P2,Team_A,Medium,2
8304,High,0.9,0.53,2,0.77,0.37,0.69,4,0.738,P1,Team_C,High,5
8305,Low,0.3,0.65,4,0.86,0.48,0.72,4,0.36,P3,Team_C,Low,1
8306,Medium,0.6,0.43,3,0.65,0.79,0.64,2,0.538,P2,Team_B,Medium,3
8307,Low,0.3,0.87,1,0.69,0.34,0.88,3,0.369,P3,Team_C,Low,1
8308,Low,0.3,0.68,4,0.82,0.42,0.51,2,0.451,P2,Team_C,Medium,2
8309,Low,0.3,0.55,4,0.52,0.67,0.6,4,0.328,P3,Team_B,Low,1
8310,High,0.9,0.83,2,0.81,0.5,0.49,2,0.778,P1,Team_A,High,6
8311,Low,0.3,0.77,4,0.41,0.59,0.96,3,0.314,P3,Team_B,Low,1
8312,Medium,0.6,0.55,1,0.78,0.51,0.68,3,0.57,P2,Team_C,Medium,2
8313,Low,0.3,0.37,2,0.7,0.8,0.92,4,0.305,P3,Team_C,Low,1
8314,Low,0.3,0.36,2,0.74,0.51,0.36,4,0.333,P3,Team_C,Low,1
8315,Low,0.3,0.43,2,0.88,0.55,0.34,1,0.39,P3,Team_C,Low,1
8316,Medium,0.6,0.55,1,0.89,0.46,0.8,2,0.535,P2,Team_A,Medium,3
8317,Low,0.3,0.73,3,0.75,0.58,0.71,3,0.372,P3,Team_B,Low,1
8318,High,0.9,0.32,2,0.71,0.83,0.32,1,0.65,P1,Team_B,High,6
8319,Low,0.3,0.7,1,0.92,0.72,0.55,1,0.328,P3,Team_B,Low,1
8320,High,0.9,0.56,3,0.63,0.84,0.48,3,0.639,P2,Team_B,Medium,3
8321,Low,0.3,0.08,4,0.75,0.44,0.57,5,0.336,P3,Team_C,Low,1
8322,High,0.9,0.73,4,0.74,0.83,0.81,4,0.755,P1,Team_B,High,4
8323,Medium,0.6,0.39,1,0.69,0.69,0.47,0,0.472,P2,Team_A,Medium,3
8324,High,0.9,0.81,4,0.95,0.8,0.34,2,0.738,P1,Team_A,High,6
8325,Low,0.3,0.71,1,0.64,0.82,0.51,3,0.387,P3,Team_B,Low,1
8326,High,0.9,0.51,4,0.72,0.69,0.86,0,0.701,P1,Team_C,High,6
8327,Medium,0.6,0.29,2,0.41,0.7,0.81,3,0.485,P2,Team_C,Medium,3
8328,Low,0.3,0.31,4,0.72,0.53,0.45,6,0.316,P3,Team_C,Low,1
8329,Low,0.3,0.41,2,0.79,0.52,0.44,4,0.369,P3,Team_B,Low,1
8330,Medium,0.6,0.13,2,0.86,0.47,0.84,0,0.419,P3,Team_A,Low,1
8331,High,0.9,0.57,1,0.48,0.43,0.76,3,0.659,P1,Team_C,High,6
8332,Low,0.3,0.87,2,0.91,0.84,0.41,2,0.336,P3,Team_B,Low,1
8333,Low,0.3,0.88,1,0.65,0.4,0.47,4,0.375,P3,Team_B,Low,1
8334,Medium,0.6,0.72,3,0.65,0.61,0.66,4,0.541,P2,Team_C,Medium,3
8335,Low,0.3,0.55,4,0.76,0.48,0.48,4,0.297,P3,Team_C,Low,1
8336,High,0.9,0.56,2,0.66,0.56,0.92,4,0.673,P1,Team_C,High,6
8337,Low,0.3,0.1,1,0.61,0.88,0.44,2,0.188,P3,Team_B,Low,1
8338,High,0.9,0.51,1,0.47,0.88,0.37,3,0.656,P1,Team_B,High,4
8339,Low,0.3,0.27,4,0.87,0.85,0.49,3,0.325,P3,Team_C,Low,1
8340,Low,0.3,0.83,3,0.74,0.81,0.86,0,0.461,P2,Team_C,Medium,2
8341,Low,0.3,0.15,4,0.56,0.97,0.46,6,0.332,P3,Team_C,Low,1
8342,Low,0.3,0.15,2,0.84,0.84,0.78,6,0.168,P3,Team_B,Low,1
8343,High,0.9,0.85,1,0.88,0.62,0.91,5,0.788,P1,Team_A,High,4
8344,Medium,0.6,0.59,3,0.72,0.65,0.47,2,0.573,P2,Team_A,Medium,2
8345,Medium,0.6,0.51,4,0.32,0.97,0.98,3,0.489,P2,Team_B,Medium,3
8346,Low,0.3,0.7,2,0.71,0.88,0.45,7,0.482,P2,Team_B,Medium,2
8347,High,0.9,0.27,1,0.84,0.52,0.62,3,0.691,P1,Team_A,High,6
8348,Low,0.3,0.44,1,0.32,0.79,0.68,2,0.288,P3,Team_B,Low,1
8349,Low,0.3,0.49,3,0.74,0.31,0.42,3,0.428,P2,Team_B,Medium,3
8350,Medium,0.6,0.75,3,0.76,0.4,0.76,2,0.609,P2,Team_A,Medium,3
8351,High,0.9,0.55,2,0.83,0.6,0.96,4,0.679,P1,Team_A,High,5
8352,Medium,0.6,0.55,4,0.87,0.85,0.7,3,0.514,P2,Team_B,Medium,2
8353,Low,0.3,0.51,3,0.42,0.73,0.5,4,0.282,P3,Team_B,Low,1
8354,High,0.9,0.96,1,0.81,0.14,0.42,8,0.905,P1,Team_A,High,4
8355,High,0.9,0.52,3,0.61,0.73,0.39,2,0.586,P2,Team_B,Medium,2
8356,Low,0.3,0.53,1,0.76,0.55,0.76,2,0.271,P3,Team_B,Low,1
8357,Low,0.3,0.26,1,0.76,0.33,0.6,4,0.354,P3,Team_B,Low,1
8358,Low,0.3,0.37,3,0.59,0.65,0.71,2,0.229,P3,Team_B,Low,1
8359,Medium,0.6,0.74,3,0.63,0.65,0.46,3,0.664,P1,Team_C,High,6
8360,High,0.9,0.7,3,0.95,0.57,0.83,1,0.713,P1,Team_A,High,5
8361,High,0.9,0.43,1,0.67,0.87,0.39,1,0.663,P1,Team_B,High,4
8362,High,0.9,0.31,4,0.62,0.54,0.79,1,0.624,P2,Team_C,Medium,2
8363,Medium,0.6,0.49,2,0.93,0.93,0.36,2,0.419,P3,Team_B,Low,1
8364,High,0.9,0.28,2,0.57,0.6,0.83,2,0.678,P1,Team_C,High,6
8365,Medium,0.6,0.23,2,0.74,0.95,0.37,1,0.458,P2,Team_B,Medium,2
8366,Medium,0.6,0.24,2,0.97,0.39,0.92,7,0.469,P2,Team_A,Medium,2
8367,Medium,0.6,0.55,4,0.83,0.5,0.51,2,0.617,P2,Team_C,Medium,3
8368,Low,0.3,0.25,1,0.56,0.7,0.81,2,0.316,P3,Team_C,Low,1
8369,Medium,0.6,0.71,3,0.77,0.65,0.42,3,0.541,P2,Team_C,Medium,3
8370,High,0.9,0.25,4,0.77,0.63,0.87,3,0.617,P2,Team_C,Medium,3
8371,Low,0.3,0.24,1,0.97,0.77,0.89,3,0.271,P3,Team_C,Low,1
8372,High,0.9,0.66,2,0.75,0.95,0.6,2,0.633,P2,Team_B,Medium,2
8373,Low,0.3,0.2,3,0.79,0.57,0.76,2,0.244,P3,Team_C,Low,1
8374,Low,0.3,0.27,4,0.81,0.78,0.8,4,0.209,P3,Team_C,Low,1
8375,Low,0.3,0.3,3,0.2,0.67,0.67,2,0.251,P3,Team_C,Low,1
8376,Medium,0.6,0.45,3,0.56,0.73,0.73,6,0.53,P2,Team_C,Medium,2
8377,Medium,0.6,0.19,2,0.84,0.35,0.7,3,0.502,P2,Team_A,Medium,3
8378,Medium,0.6,0.51,2,0.81,0.94,0.86,4,0.38,P3,Team_B,Low,1
8379,Low,0.3,0.72,1,0.89,0.25,0.88,3,0.484,P2,Team_C,Medium,3
8380,Medium,0.6,0.8,2,0.72,0.53,0.74,1,0.609,P2,Team_C,Medium,3
8381,Low,0.3,0.78,4,0.91,0.57,0.31,1,0.385,P3,Team_C,Low,1
8382,High,0.9,0.42,3,0.85,0.78,0.93,3,0.581,P2,Team_A,Medium,3
8383,Medium,0.6,0.47,1,0.53,0.37,0.74,5,0.495,P2,Team_C,Medium,2
8384,Low,0.3,0.31,3,0.64,0.62,0.51,5,0.392,P3,Team_B,Low,1
8385,Low,0.3,0.73,1,0.69,0.37,0.69,3,0.332,P3,Team_B,Low,1
8386,Low,0.3,0.47,4,0.72,0.89,0.68,3,0.266,P3,Team_C,Low,1
8387,High,0.9,0.74,3,0.86,0.63,0.99,6,0.674,P1,Team_A,High,4
8388,Low,0.3,0.39,2,0.58,0.81,0.52,2,0.341,P3,Team_C,Low,1
8389,Medium,0.6,0.22,3,0.44,0.92,0.7,3,0.335,P3,Team_B,Low,1
8390,High,0.9,0.49,1,0.7,0.35,0.92,1,0.684,P1,Team_C,High,4
8391,Medium,0.6,0.27,3,0.44,0.65,0.57,1,0.408,P3,Team_A,Low,1
8392,High,0.9,0.74,4,0.67,0.66,0.78,2,0.773,P1,Team_C,High,5
8393,Low,0.3,0.37,4,0.66,0.75,0.31,6,0.391,P3,Team_C,Low,1
8394,Medium,0.6,0.49,4,0.95,0.78,0.58,4,0.45,P2,Team_B,Medium,2
8395,High,0.9,0.71,1,0.68,0.66,0.73,2,0.694,P1,Team_C,High,5
8396,Medium,0.6,0.26,2,0.69,0.3,0.45,4,0.483,P2,Team_C,Medium,2
8397,High,0.9,0.29,4,0.7,0.18,0.32,2,0.761,P1,Team_C,High,6
8398,Medium,0.6,0.59,2,0.69,0.47,0.53,3,0.595,P2,Team_A,Medium,3
8399,Medium,0.6,0.48,1,0.73,0.57,0.96,3,0.483,P2,Team_A,Medium,2
8400,Low,0.3,0.5,3,0.76,0.85,0.63,5,0.336,P3,Team_B,Low,1
8401,High,0.9,0.55,3,0.97,0.65,0.42,2,0.699,P1,Team_A,High,6
8402,High,0.9,0.35,2,0.37,0.27,0.34,3,0.773,P1,Team_C,High,6
8403,High,0.9,0.35,4,0.71,0.78,0.83,2,0.537,P2,Team_B,Medium,2
8404,Low,0.3,0.72,2,0.79,0.63,0.83,3,0.347,P3,Team_C,Low,1
8405,Low,0.3,0.63,1,0.64,0.9,0.87,0,0.256,P3,Team_C,Low,1
8406,Medium,0.6,0.47,4,0.87,0.7,0.8,2,0.443,P2,Team_C,Medium,3
8407,Low,0.3,0.45,4,0.78,0.62,0.53,2,0.293,P3,Team_C,Low,1
8408,Medium,0.6,0.35,4,0.72,0.84,0.74,6,0.498,P2,Team_B,Medium,3
8409,High,0.9,0.75,4,0.84,0.82,0.92,5,0.69,P1,Team_A,High,6
8410,High,0.9,0.76,1,0.84,0.58,0.95,4,0.682,P1,Team_A,High,4
8411,Medium,0.6,0.26,1,0.5,0.97,0.55,6,0.463,P2,Team_B,Medium,2
8412,Medium,0.6,0.78,1,0.51,0.5,0.72,2,0.636,P2,Team_A,Medium,2
8413,Medium,0.6,0.64,2,0.7,0.72,0.92,2,0.597,P2,Team_A,Medium,2
8414,Medium,0.6,0.55,2,0.72,0.62,0.41,2,0.499,P2,Team_C,Medium,3
8415,Medium,0.6,0.83,1,0.88,0.76,0.41,3,0.582,P2,Team_B,Medium,3
8416,Medium,0.6,0.75,4,0.7,0.91,0.46,2,0.471,P2,Team_B,Medium,3
8417,Medium,0.6,0.59,4,0.65,0.65,0.41,1,0.639,P2,Team_C,Medium,3
8418,High,0.9,0.9,1,0.67,0.35,0.84,2,0.736,P1,Team_C,High,5
8419,Medium,0.6,0.24,3,0.82,0.37,0.69,2,0.506,P2,Team_A,Medium,2
8420,Low,0.3,0.47,2,0.72,0.6,0.75,7,0.363,P3,Team_C,Low,1
8421,Medium,0.6,0.65,2,0.85,0.47,0.63,3,0.573,P2,Team_C,Medium,2
8422,Low,0.3,0.37,3,0.54,0.57,0.31,1,0.307,P3,Team_B,Low,1
8423,Medium,0.6,0.19,4,0.74,0.32,0.5,2,0.504,P2,Team_C,Medium,3
8424,Low,0.3,0.59,4,0.78,0.95,0.46,4,0.325,P3,Team_C,Low,1
8425,Medium,0.6,0.57,4,0.67,0.6,0.85,5,0.409,P3,Team_C,Low,1
8426,Low,0.3,0.44,1,0.61,0.69,0.7,2,0.39,P3,Team_C,Low,1
8427,Medium,0.6,0.4,4,0.88,0.59,0.58,2,0.47,P2,Team_A,Medium,2
8428,Medium,0.6,0.76,1,0.78,0.84,0.33,4,0.548,P2,Team_B,Medium,2
8429,Medium,0.6,0.45,2,0.69,0.51,0.72,2,0.56,P2,Team_C,Medium,3
8430,Low,0.3,0.45,3,0.9,0.29,0.63,4,0.386,P3,Team_C,Low,1
8431,Medium,0.6,0.36,4,0.57,0.9,0.69,3,0.459,P2,Team_B,Medium,2
8432,High,0.9,0.33,4,0.77,0.45,0.86,4,0.636,P2,Team_C,Medium,3
8433,Medium,0.6,0.55,4,0.92,0.69,0.92,1,0.57,P2,Team_A,Medium,3
8434,Low,0.3,0.75,1,0.62,0.78,0.83,2,0.388,P3,Team_B,Low,1
8435,High,0.9,0.36,1,0.41,0.68,0.92,2,0.512,P2,Team_C,Medium,2
8436,Medium,0.6,0.53,3,0.79,0.55,0.65,4,0.399,P3,Team_C,Low,1
8437,Medium,0.6,0.86,4,0.8,0.64,0.98,2,0.564,P2,Team_A,Medium,3
8438,High,0.9,0.25,3,0.58,0.6,0.7,0,0.572,P2,Team_C,Medium,2
8439,Medium,0.6,0.33,3,0.57,0.88,0.82,2,0.395,P3,Team_B,Low,1
8440,Low,0.3,0.62,3,0.78,0.71,0.34,6,0.351,P3,Team_B,Low,1
8441,High,0.9,0.1,1,0.81,0.63,0.72,4,0.561,P2,Team_A,Medium,2
8442,High,0.9,0.14,1,0.61,0.8,0.92,1,0.645,P2,Team_B,Medium,3
8443,Medium,0.6,0.06,4,0.66,0.59,0.52,2,0.465,P2,Team_C,Medium,3
8444,High,0.9,0.56,3,0.3,0.17,0.93,0,0.725,P1,Team_C,High,6
8445,Low,0.3,0.45,3,0.62,0.76,0.66,3,0.313,P3,Team_C,Low,1
8446,Low,0.3,0.23,3,0.8,0.78,0.43,4,0.423,P2,Team_C,Medium,2
8447,High,0.9,0.26,1,0.48,0.49,0.44,5,0.623,P2,Team_C,Medium,2
8448,Medium,0.6,0.78,1,0.4,0.55,0.95,3,0.566,P2,Team_C,Medium,2
8449,Medium,0.6,0.3,3,0.78,0.6,0.62,4,0.535,P2,Team_C,Medium,3
8450,Low,0.3,0.4,3,0.53,0.75,0.71,1,0.328,P3,Team_C,Low,1
8451,High,0.9,0.4,4,0.51,0.93,0.74,5,0.575,P2,Team_B,Medium,3
8452,Medium,0.6,0.25,2,0.71,0.71,0.95,3,0.483,P2,Team_C,Medium,3
8453,Medium,0.6,0.45,1,0.87,0.5,0.57,3,0.543,P2,Team_A,Medium,2
8454,Medium,0.6,0.75,4,0.89,0.59,0.67,2,0.652,P1,Team_A,High,5
8455,Low,0.3,0.82,4,0.46,0.83,0.47,2,0.47,P2,Team_B,Medium,3
8456,Medium,0.6,0.45,3,0.62,0.72,0.7,1,0.485,P2,Team_A,Medium,2
8457,Low,0.3,0.35,2,0.57,0.61,0.68,3,0.393,P3,Team_C,Low,1
8458,Medium,0.6,0.73,4,0.85,0.45,0.62,4,0.599,P2,Team_C,Medium,3
8459,Low,0.3,0.85,3,0.62,0.68,0.76,3,0.396,P3,Team_B,Low,1
8460,High,0.9,0.64,1,0.9,0.65,0.86,3,0.64,P2,Team_A,Medium,2
8461,Medium,0.6,0.48,1,0.89,0.86,0.93,2,0.292,P3,Team_B,Low,1
8462,Medium,0.6,0.95,1,0.41,0.67,0.48,1,0.635,P2,Team_C,Medium,3
8463,Low,0.3,0.62,2,0.86,0.38,0.3,5,0.494,P2,Team_B,Medium,3
8464,Low,0.3,0.25,3,0.78,0.58,0.66,3,0.275,P3,Team_B,Low,1
8465,Low,0.3,0.51,3,0.9,0.47,0.71,1,0.362,P3,Team_C,Low,1
8466,Low,0.3,0.32,2,0.87,0.4,0.8,1,0.292,P3,Team_B,Low,1
8467,High,0.9,0.35,1,0.64,0.58,0.42,1,0.653,P1,Team_C,High,5
8468,High,0.9,0.24,4,0.54,0.91,0.9,0,0.622,P2,Team_B,Medium,3
8469,Low,0.3,0.47,2,0.54,0.66,0.98,5,0.21,P3,Team_C,Low,1
8470,Low,0.3,0.5,1,0.71,0.9,0.31,1,0.354,P3,Team_C,Low,1
8471,High,0.9,0.53,3,0.77,0.52,0.75,4,0.637,P2,Team_C,Medium,2
8472,Medium,0.6,0.42,2,0.66,0.89,0.94,1,0.367,P3,Team_B,Low,1
8473,Medium,0.6,0.28,1,0.66,0.71,0.42,2,0.554,P2,Team_C,Medium,3
8474,High,0.9,0.25,1,0.64,0.42,0.73,2,0.591,P2,Team_C,Medium,2
8475,Low,0.3,0.55,2,0.98,0.51,0.84,2,0.395,P3,Team_C,Low,1
8476,Medium,0.6,0.77,3,0.47,0.86,0.81,4,0.458,P2,Team_B,Medium,3
8477,Low,0.3,0.75,2,0.89,0.72,0.89,4,0.295,P3,Team_C,Low,1
8478,Low,0.3,0.66,1,0.61,0.38,0.88,3,0.46,P2,Team_B,Medium,2
8479,High,0.9,0.71,2,0.53,0.3,0.39,4,0.716,P1,Team_C,High,4
8480,High,0.9,0.49,1,0.69,0.7,0.55,3,0.625,P2,Team_B,Medium,3
8481,Medium,0.6,0.78,1,0.88,0.8,0.53,2,0.506,P2,Team_B,Medium,2
8482,Low,0.3,0.47,3,0.87,0.53,0.87,2,0.429,P2,Team_B,Medium,2
8483,High,0.9,0.68,4,0.25,0.57,0.99,4,0.731,P1,Team_C,High,5
8484,Low,0.3,0.6,1,0.73,0.65,0.99,5,0.327,P3,Team_B,Low,1
8485,High,0.9,0.51,2,0.69,0.83,0.88,3,0.66,P1,Team_B,High,6
8486,Low,0.3,0.51,1,0.84,0.52,0.67,2,0.393,P3,Team_B,Low,1
8487,Low,0.3,0.66,2,0.73,0.72,0.44,3,0.457,P2,Team_B,Medium,3
8488,Medium,0.6,0.76,1,0.86,0.66,0.72,5,0.612,P2,Team_A,Medium,2
8489,High,0.9,0.08,2,0.58,0.83,0.96,2,0.503,P2,Team_B,Medium,3
8490,High,0.9,0.82,1,0.56,0.71,0.32,1,0.81,P1,Team_B,High,4
8491,High,0.9,0.91,3,0.86,0.41,0.79,5,0.639,P2,Team_A,Medium,2
8492,Low,0.3,0.19,2,0.7,0.62,0.54,4,0.318,P3,Team_B,Low,1
8493,Medium,0.6,0.33,4,0.73,0.6,0.67,4,0.52,P2,Team_A,Medium,3
8494,Medium,0.6,0.57,1,0.78,0.86,0.42,1,0.558,P2,Team_B,Medium,3
8495,High,0.9,0.84,4,0.74,0.89,0.34,2,0.728,P1,Team_B,High,6
8496,Low,0.3,0.79,3,0.67,0.61,0.36,4,0.481,P2,Team_B,Medium,3
8497,Medium,0.6,0.33,2,0.82,0.87,0.68,2,0.51,P2,Team_B,Medium,2
8498,Medium,0.6,0.41,1,0.73,0.69,0.45,2,0.547,P2,Team_A,Medium,2
8499,High,0.9,0.62,2,0.89,0.27,0.79,2,0.73,P1,Team_A,High,4
8500,Low,0.3,0.7,2,0.22,0.37,0.67,1,0.501,P2,Team_C,Medium,2
8501,Low,0.3,0.49,2,0.55,0.82,0.53,1,0.304,P3,Team_B,Low,1
8502,Medium,0.6,0.1,4,0.57,0.7,0.57,4,0.431,P2,Team_C,Medium,2
8503,Low,0.3,0.39,4,0.28,0.49,0.43,2,0.383,P3,Team_B,Low,1
8504,Medium,0.6,0.86,4,0.68,0.3,0.64,3,0.597,P2,Team_C,Medium,3
8505,High,0.9,0.29,3,0.41,0.99,0.42,1,0.581,P2,Team_B,Medium,3
8506,Low,0.3,0.29,1,0.55,0.81,0.68,1,0.432,P2,Team_B,Medium,3
8507,High,0.9,0.29,1,0.67,0.91,0.85,3,0.595,P2,Team_B,Medium,3
8508,Low,0.3,0.27,3,0.89,0.93,0.61,4,0.187,P3,Team_C,Low,1
8509,Low,0.3,0.47,3,0.75,0.43,0.85,1,0.41,P3,Team_C,Low,1
8510,High,0.9,0.38,4,0.85,0.74,0.5,2,0.675,P1,Team_A,High,6
8511,Low,0.3,0.5,3,0.81,0.71,0.62,3,0.307,P3,Team_C,Low,1
8512,High,0.9,0.7,3,0.6,0.78,0.68,3,0.741,P1,Team_B,High,6
8513,Medium,0.6,0.23,4,0.86,0.82,0.81,3,0.427,P2,Team_B,Medium,2
8514,High,0.9,0.56,1,0.74,0.63,0.85,4,0.647,P2,Team_C,Medium,2
8515,Low,0.3,0.52,2,0.27,0.8,0.81,4,0.393,P3,Team_B,Low,1
8516,Low,0.3,0.5,3,0.4,0.68,0.86,4,0.43,P2,Team_C,Medium,3
8517,Low,0.3,0.39,2,0.8,0.75,0.47,4,0.405,P3,Team_B,Low,1
8518,Medium,0.6,0.51,4,0.48,0.92,0.53,4,0.531,P2,Team_B,Medium,3
8519,Low,0.3,0.18,4,0.67,0.7,0.7,1,0.343,P3,Team_B,Low,1
8520,Low,0.3,0.22,3,0.62,0.42,0.83,2,0.259,P3,Team_B,Low,1
8521,Low,0.3,0.09,3,0.76,0.39,0.36,1,0.372,P3,Team_B,Low,1
8522,Low,0.3,0.35,4,0.79,0.57,0.97,4,0.393,P3,Team_B,Low,1
8523,Low,0.3,0.2,4,0.85,0.9,0.67,5,0.276,P3,Team_C,Low,1
8524,Medium,0.6,0.21,3,0.33,0.82,0.42,3,0.402,P3,Team_B,Low,1
8525,Medium,0.6,0.38,3,0.54,0.82,0.34,2,0.529,P2,Team_B,Medium,3
8526,Low,0.3,0.27,2,0.55,0.88,0.79,6,0.29,P3,Team_C,Low,1
8527,Low,0.3,0.92,1,0.78,0.83,0.66,2,0.451,P2,Team_C,Medium,3
8528,Low,0.3,0.16,3,0.62,0.75,0.46,2,0.271,P3,Team_B,Low,1
8529,Medium,0.6,0.13,2,0.78,0.63,0.75,1,0.372,P3,Team_C,Low,1
8530,Medium,0.6,0.71,4,0.87,0.67,0.81,4,0.514,P2,Team_A,Medium,2
8531,Low,0.3,0.1,2,0.71,0.81,0.93,4,0.269,P3,Team_B,Low,1
8532,Medium,0.6,0.38,3,0.83,0.66,0.6,2,0.494,P2,Team_C,Medium,2
8533,Medium,0.6,0.53,2,0.65,0.89,0.37,2,0.524,P2,Team_B,Medium,3
8534,Low,0.3,0.23,3,0.69,0.58,0.65,5,0.22,P3,Team_C,Low,1
8535,High,0.9,0.55,1,0.92,0.13,0.64,5,0.764,P1,Team_A,High,4
8536,Low,0.3,0.85,1,0.94,0.78,0.55,4,0.385,P3,Team_C,Low,1
8537,Medium,0.6,0.72,1,0.72,0.63,0.89,4,0.59,P2,Team_A,Medium,2
8538,Medium,0.6,0.71,1,0.76,0.77,0.66,3,0.619,P2,Team_B,Medium,3
8539,Medium,0.6,0.27,3,0.69,0.91,0.48,3,0.451,P2,Team_B,Medium,3
8540,High,0.9,0.68,4,0.61,0.87,0.39,2,0.632,P2,Team_B,Medium,2
8541,High,0.9,0.71,4,0.9,0.81,0.6,2,0.751,P1,Team_A,High,6
8542,Medium,0.6,0.93,1,0.59,0.77,0.71,0,0.604,P2,Team_B,Medium,3
8543,Low,0.3,0.65,3,0.72,0.82,0.41,10,0.357,P3,Team_C,Low,1
8544,Low,0.3,0.68,4,0.43,0.83,0.99,6,0.294,P3,Team_B,Low,1
8545,Medium,0.6,0.45,4,0.92,0.51,0.47,6,0.609,P2,Team_A,Medium,2
8546,High,0.9,0.39,1,0.88,0.66,0.76,6,0.601,P2,Team_A,Medium,3
8547,Low,0.3,0.53,3,0.92,0.72,0.54,2,0.334,P3,Team_C,Low,1
8548,Medium,0.6,0.34,2,0.81,0.73,0.7,4,0.471,P2,Team_C,Medium,2
8549,High,0.9,0.71,4,0.48,0.86,0.99,1,0.642,P2,Team_B,Medium,2
8550,Medium,0.6,0.8,1,0.96,0.48,0.51,1,0.504,P2,Team_A,Medium,2
8551,Medium,0.6,0.64,4,0.61,0.89,0.45,0,0.495,P2,Team_B,Medium,2
8552,Low,0.3,0.45,4,0.7,0.7,0.88,1,0.374,P3,Team_C,Low,1
8553,Medium,0.6,0.54,4,0.81,0.52,0.96,1,0.565,P2,Team_A,Medium,3
8554,Low,0.3,0.63,3,0.94,0.86,0.61,3,0.42,P3,Team_B,Low,1
8555,Low,0.3,0.78,3,0.8,0.56,0.87,3,0.453,P2,Team_B,Medium,2
8556,Medium,0.6,0.81,3,0.36,0.17,0.33,4,0.71,P1,Team_A,High,5
8557,High,0.9,0.6,3,0.42,0.7,0.85,2,0.693,P1,Team_B,High,5
8558,High,0.9,0.22,1,0.6,0.84,0.97,4,0.589,P2,Team_B,Medium,2
8559,High,0.9,0.43,4,0.94,0.57,0.85,3,0.672,P1,Team_A,High,6
8560,Medium,0.6,0.7,2,0.65,0.49,0.5,4,0.64,P2,Team_C,Medium,2
8561,Low,0.3,0.89,1,0.46,0.82,0.78,2,0.39,P3,Team_C,Low,1
8562,High,0.9,0.46,4,0.59,0.83,0.35,4,0.641,P2,Team_B,Medium,2
8563,Medium,0.6,0.37,2,0.65,0.87,0.84,3,0.447,P2,Team_B,Medium,3
8564,Low,0.3,0.09,2,0.66,0.77,0.87,7,0.257,P3,Team_C,Low,1
8565,Low,0.3,0.67,2,0.52,0.71,0.44,2,0.358,P3,Team_C,Low,1
8566,High,0.9,0.3,2,0.47,0.53,0.58,5,0.638,P2,Team_C,Medium,2
8567,Low,0.3,0.29,4,0.34,0.72,0.51,3,0.417,P3,Team_C,Low,1
8568,Medium,0.6,0.49,3,0.69,0.88,0.82,6,0.483,P2,Team_B,Medium,2
8569,Low,0.3,0.86,1,0.47,0.75,0.6,0,0.414,P3,Team_C,Low,1
8570,High,0.9,0.59,1,0.6,0.71,0.34,1,0.645,P2,Team_B,Medium,2
8571,Medium,0.6,0.54,4,0.71,0.46,0.76,1,0.474,P2,Team_C,Medium,2
8572,Low,0.3,0.49,1,0.65,0.73,0.53,3,0.372,P3,Team_B,Low,1
8573,High,0.9,0.85,3,0.69,0.81,0.38,1,0.709,P1,Team_B,High,4
8574,Low,0.3,0.61,1,0.69,0.96,0.88,4,0.401,P3,Team_C,Low,1
8575,Low,0.3,0.58,1,0.74,0.92,0.88,1,0.288,P3,Team_C,Low,1
8576,Medium,0.6,0.76,1,0.38,0.51,0.63,3,0.59,P2,Team_C,Medium,3
8577,High,0.9,0.72,2,0.85,0.51,0.96,1,0.649,P2,Team_A,Medium,3
8578,High,0.9,0.66,3,0.19,0.68,0.64,2,0.666,P1,Team_C,High,5
8579,Medium,0.6,0.69,4,0.55,0.99,0.68,3,0.58,P2,Team_B,Medium,3
8580,Medium,0.6,0.39,2,0.72,0.28,0.36,2,0.597,P2,Team_C,Medium,2
8581,Medium,0.6,0.29,2,0.82,0.77,0.32,1,0.533,P2,Team_B,Medium,2
8582,Low,0.3,0.75,1,0.7,0.62,0.9,3,0.333,P3,Team_B,Low,1
8583,High,0.9,0.36,4,0.57,0.55,0.46,7,0.623,P2,Team_C,Medium,3
8584,Low,0.3,0.95,4,0.56,0.57,0.77,2,0.325,P3,Team_B,Low,1
8585,High,0.9,0.25,2,0.81,0.88,0.35,2,0.661,P1,Team_A,High,6
8586,Medium,0.6,0.54,2,0.89,0.35,0.39,4,0.603,P2,Team_C,Medium,2
8587,Medium,0.6,0.25,1,0.65,0.48,0.44,0,0.411,P3,Team_C,Low,1
8588,Low,0.3,0.5,4,0.8,0.58,0.61,3,0.369,P3,Team_B,Low,1
8589,Medium,0.6,0.88,4,0.38,0.52,0.73,3,0.619,P2,Team_A,Medium,3
8590,High,0.9,0.42,1,0.76,0.66,0.45,1,0.696,P1,Team_C,High,5
8591,Low,0.3,0.4,4,0.72,0.66,0.56,2,0.363,P3,Team_C,Low,1
8592,High,0.9,0.42,3,0.74,0.7,0.6,1,0.621,P2,Team_B,Medium,2
8593,High,0.9,0.26,1,0.81,0.32,0.94,7,0.709,P1,Team_A,High,5
8594,Low,0.3,0.25,2,0.87,0.8,0.84,8,0.345,P3,Team_B,Low,1
8595,High,0.9,0.71,4,0.84,0.62,0.5,3,0.758,P1,Team_A,High,4
8596,High,0.9,0.4,3,0.75,0.63,0.36,2,0.714,P1,Team_C,High,5
8597,Medium,0.6,0.62,3,0.88,0.92,0.58,1,0.552,P2,Team_B,Medium,3
8598,Medium,0.6,0.21,4,0.88,0.79,0.73,2,0.399,P3,Team_B,Low,1
8599,Medium,0.6,0.75,1,0.7,0.79,0.48,3,0.531,P2,Team_B,Medium,2
8600,Low,0.3,0.33,3,0.74,0.88,0.32,2,0.322,P3,Team_C,Low,1
8601,Low,0.3,0.57,4,0.47,0.94,0.37,0,0.284,P3,Team_B,Low,1
8602,Medium,0.6,0.51,2,0.94,0.68,0.63,4,0.474,P2,Team_C,Medium,3
8603,Medium,0.6,0.59,2,0.67,0.62,0.99,1,0.509,P2,Team_A,Medium,3
8604,Medium,0.6,0.68,4,0.9,0.65,0.46,0,0.437,P2,Team_A,Medium,2
8605,Medium,0.6,0.27,2,0.53,0.53,0.89,1,0.414,P3,Team_A,Low,1
8606,Low,0.3,0.5,1,0.68,0.85,0.68,1,0.358,P3,Team_C,Low,1
8607,Low,0.3,0.75,2,0.62,0.68,0.52,4,0.399,P3,Team_B,Low,1
8608,Low,0.3,0.66,3,0.53,0.76,0.68,5,0.386,P3,Team_B,Low,1
8609,Low,0.3,0.42,2,0.57,0.44,0.43,1,0.407,P3,Team_C,Low,1
8610,Medium,0.6,0.91,3,0.7,0.49,0.46,4,0.666,P1,Team_A,High,6
8611,Low,0.3,0.75,2,0.97,0.69,0.45,6,0.338,P3,Team_C,Low,1
8612,High,0.9,0.76,2,0.97,0.87,0.8,4,0.754,P1,Team_A,High,6
8613,Low,0.3,0.42,2,0.75,0.76,0.57,3,0.371,P3,Team_C,Low,1
8614,Low,0.3,0.95,3,0.71,0.58,0.89,0,0.364,P3,Team_C,Low,1
8615,High,0.9,0.47,4,0.7,0.73,0.79,4,0.594,P2,Team_B,Medium,2
8616,Low,0.3,0.39,4,0.95,0.39,0.46,2,0.361,P3,Team_B,Low,1
8617,High,0.9,0.76,3,0.62,0.28,0.48,3,0.821,P1,Team_C,High,6
8618,High,0.9,0.35,1,0.88,0.65,0.96,7,0.644,P2,Team_A,Medium,2
8619,Medium,0.6,0.27,3,0.92,0.89,0.78,2,0.482,P2,Team_B,Medium,3
8620,Low,0.3,0.92,1,0.84,0.41,0.76,5,0.391,P3,Team_B,Low,1
8621,High,0.9,0.19,2,0.84,0.85,0.63,3,0.688,P1,Team_A,High,4
8622,High,0.9,0.92,4,0.52,0.73,0.92,1,0.743,P1,Team_B,High,5
8623,Low,0.3,0.59,4,0.68,0.73,0.81,1,0.268,P3,Team_B,Low,1
8624,Low,0.3,0.66,3,0.93,0.49,0.76,4,0.364,P3,Team_B,Low,1
8625,High,0.9,0.06,4,0.67,0.51,0.96,3,0.636,P2,Team_C,Medium,2
8626,Low,0.3,0.21,3,0.96,0.53,0.73,1,0.21,P3,Team_C,Low,1
8627,High,0.9,0.36,1,0.73,0.83,0.86,1,0.72,P1,Team_B,High,6
8628,Low,0.3,0.61,3,0.78,0.88,0.97,2,0.215,P3,Team_C,Low,1
8629,Medium,0.6,0.76,1,0.65,0.88,0.35,2,0.654,P1,Team_B,High,4
8630,Medium,0.6,0.09,1,0.81,0.84,0.42,1,0.472,P2,Team_B,Medium,2
8631,Low,0.3,0.71,4,0.81,0.69,0.42,2,0.413,P3,Team_C,Low,1
8632,Low,0.3,0.21,4,0.97,0.66,0.99,1,0.152,P3,Team_C,Low,1
8633,High,0.9,0.48,2,0.79,0.66,0.49,2,0.643,P2,Team_C,Medium,2
8634,Low,0.3,0.53,2,0.47,0.92,0.58,2,0.43,P2,Team_C,Medium,3
8635,Medium,0.6,0.3,4,0.59,0.8,0.42,3,0.461,P2,Team_B,Medium,3
8636,Medium,0.6,0.47,1,0.95,0.52,0.41,1,0.548,P2,Team_A,Medium,3
8637,Low,0.3,0.67,4,0.56,0.82,0.42,4,0.409,P3,Team_B,Low,1
8638,Low,0.3,0.87,2,0.78,0.38,0.55,4,0.456,P2,Team_B,Medium,3
8639,Low,0.3,0.24,3,0.69,0.59,0.99,3,0.348,P3,Team_B,Low,1
8640,High,0.9,0.84,4,0.46,0.96,0.88,0,0.691,P1,Team_B,High,5
8641,Low,0.3,0.3,3,0.49,0.47,0.86,3,0.306,P3,Team_B,Low,1
8642,Low,0.3,0.78,2,0.55,0.63,0.59,2,0.393,P3,Team_B,Low,1
8643,Low,0.3,0.39,3,0.79,0.62,0.33,2,0.386,P3,Team_B,Low,1
8644,Medium,0.6,0.69,1,0.78,0.74,0.47,5,0.57,P2,Team_C,Medium,3
8645,Low,0.3,0.88,4,0.57,0.77,0.59,1,0.365,P3,Team_B,Low,1
8646,Medium,0.6,0.3,1,0.92,0.8,0.96,0,0.431,P2,Team_B,Medium,2
8647,High,0.9,0.9,1,0.83,0.7,0.59,2,0.785,P1,Team_A,High,5
8648,Low,0.3,0.11,3,0.97,0.7,0.86,5,0.309,P3,Team_C,Low,1
8649,High,0.9,0.17,1,0.81,0.64,0.35,3,0.704,P1,Team_A,High,4
8650,High,0.9,0.71,2,0.83,0.8,0.66,3,0.78,P1,Team_A,High,4
8651,High,0.9,0.77,3,0.62,0.61,0.78,6,0.708,P1,Team_C,High,4
8652,Low,0.3,0.42,1,0.75,0.62,0.69,4,0.365,P3,Team_C,Low,1
8653,High,0.9,0.86,1,0.87,0.41,0.9,4,0.718,P1,Team_A,High,5
8654,High,0.9,0.41,3,0.82,0.58,0.84,3,0.72,P1,Team_A,High,6
8655,Low,0.3,0.59,2,0.94,0.55,0.98,2,0.247,P3,Team_C,Low,1
8656,Low,0.3,0.19,4,0.65,0.75,0.82,4,0.258,P3,Team_C,Low,1
8657,Low,0.3,0.17,4,0.82,0.85,0.86,4,0.262,P3,Team_C,Low,1
8658,Medium,0.6,0.35,2,0.57,0.52,0.33,1,0.508,P2,Team_A,Medium,2
8659,Low,0.3,0.16,2,0.88,0.69,0.85,2,0.299,P3,Team_B,Low,1
8660,Low,0.3,0.42,2,0.59,0.93,0.38,1,0.379,P3,Team_B,Low,1
8661,Medium,0.6,0.72,3,0.65,0.86,0.49,3,0.525,P2,Team_B,Medium,2
8662,Low,0.3,0.25,1,0.88,0.39,0.43,6,0.285,P3,Team_B,Low,1
8663,Low,0.3,0.36,2,0.81,0.74,0.67,4,0.306,P3,Team_C,Low,1
8664,Medium,0.6,0.38,1,0.84,0.5,0.92,2,0.459,P2,Team_A,Medium,3
8665,Low,0.3,0.36,1,0.27,0.91,0.89,3,0.315,P3,Team_C,Low,1
8666,High,0.9,0.77,1,0.96,0.45,0.4,2,0.807,P1,Team_A,High,6
8667,Medium,0.6,0.79,3,0.63,0.6,0.99,5,0.496,P2,Team_A,Medium,3
8668,Medium,0.6,0.68,4,0.51,0.23,0.79,2,0.51,P2,Team_A,Medium,3
8669,Medium,0.6,0.47,1,0.82,0.75,0.37,1,0.587,P2,Team_B,Medium,3
8670,Medium,0.6,0.3,1,0.77,0.6,0.7,2,0.358,P3,Team_A,Low,1
8671,High,0.9,0.52,1,0.72,0.52,0.56,3,0.703,P1,Team_C,High,5
8672,Low,0.3,0.38,2,0.72,0.66,0.91,2,0.321,P3,Team_C,Low,1
8673,Medium,0.6,0.41,1,0.28,0.71,0.78,2,0.405,P3,Team_A,Low,1
8674,Medium,0.6,0.69,3,0.52,0.91,0.89,1,0.595,P2,Team_B,Medium,3
8675,High,0.9,0.38,4,0.57,0.3,0.72,3,0.681,P1,Team_C,High,5
8676,Medium,0.6,0.63,3,0.43,0.81,0.69,3,0.427,P2,Team_B,Medium,3
8677,High,0.9,0.92,3,0.86,0.55,0.48,3,0.849,P1,Team_A,High,6
8678,Low,0.3,0.37,4,0.45,0.56,0.47,1,0.328,P3,Team_B,Low,1
8679,Low,0.3,0.63,4,0.65,0.58,0.44,2,0.449,P2,Team_B,Medium,2
8680,Medium,0.6,0.66,4,0.73,0.74,0.52,2,0.569,P2,Team_C,Medium,3
8681,High,0.9,0.52,1,0.51,0.4,0.31,6,0.677,P1,Team_C,High,5
8682,Low,0.3,0.81,4,0.81,0.85,0.59,1,0.438,P2,Team_B,Medium,2
8683,High,0.9,0.12,4,0.94,0.64,0.83,5,0.616,P2,Team_A,Medium,2
8684,Medium,0.6,0.76,2,0.56,0.67,0.31,1,0.544,P2,Team_C,Medium,2
8685,Medium,0.6,0.73,2,0.66,0.48,0.99,3,0.529,P2,Team_A,Medium,2
8686,Medium,0.6,0.59,1,0.83,0.79,0.58,3,0.506,P2,Team_B,Medium,3
8687,High,0.9,0.08,3,0.8,0.72,0.67,2,0.485,P2,Team_A,Medium,2
8688,High,0.9,0.62,2,0.71,0.84,0.6,4,0.756,P1,Team_B,High,4
8689,Medium,0.6,0.79,1,0.8,0.9,0.92,2,0.692,P1,Team_B,High,6
8690,Low,0.3,0.93,4,0.76,0.62,0.71,4,0.489,P2,Team_C,Medium,3
8691,High,0.9,0.46,4,0.39,0.89,0.36,3,0.698,P1,Team_B,High,4
8692,Low,0.3,0.72,1,0.63,0.83,0.44,2,0.42,P3,Team_B,Low,1
8693,Medium,0.6,0.83,4,0.78,0.66,0.5,1,0.543,P2,Team_C,Medium,2
8694,Medium,0.6,0.87,4,0.85,0.72,0.53,5,0.651,P1,Team_A,High,5
8695,Medium,0.6,0.39,2,0.73,0.89,0.97,3,0.42,P3,Team_B,Low,1
8696,High,0.9,0.79,4,0.64,0.83,0.97,2,0.696,P1,Team_B,High,4
8697,Low,0.3,0.74,4,0.72,0.87,0.48,4,0.37,P3,Team_C,Low,1
8698,High,0.9,0.91,3,0.78,0.7,0.86,2,0.707,P1,Team_B,High,4
8699,Low,0.3,0.48,1,0.83,0.9,0.57,2,0.303,P3,Team_C,Low,1
8700,High,0.9,0.58,1,0.82,0.66,0.77,1,0.729,P1,Team_A,High,4
8701,High,0.9,0.32,2,0.89,0.52,0.32,2,0.606,P2,Team_A,Medium,2
8702,Low,0.3,0.26,4,0.61,0.79,0.83,2,0.234,P3,Team_C,Low,1
8703,Low,0.3,0.5,2,0.69,0.94,0.34,2,0.335,P3,Team_B,Low,1
8704,Low,0.3,0.91,4,0.74,0.34,0.47,4,0.471,P2,Team_B,Medium,3
8705,Medium,0.6,0.58,1,0.86,0.48,0.67,0,0.494,P2,Team_C,Medium,3
8706,High,0.9,0.19,2,0.71,0.8,0.89,0,0.563,P2,Team_B,Medium,3
8707,Medium,0.6,0.59,3,0.89,0.81,0.38,1,0.432,P2,Team_B,Medium,3
8708,Medium,0.6,0.54,2,0.66,0.66,0.42,3,0.464,P2,Team_C,Medium,2
8709,Low,0.3,0.63,4,0.71,0.83,0.85,1,0.376,P3,Team_C,Low,1
8710,Medium,0.6,0.49,4,0.54,0.77,0.74,3,0.444,P2,Team_B,Medium,2
8711,Low,0.3,0.37,3,0.78,0.31,0.64,1,0.309,P3,Team_C,Low,1
8712,Medium,0.6,0.84,3,0.76,0.6,0.32,3,0.566,P2,Team_C,Medium,2
8713,High,0.9,0.48,2,0.73,0.93,0.76,6,0.622,P2,Team_B,Medium,2
8714,High,0.9,0.8,3,0.37,0.89,0.67,4,0.643,P2,Team_B,Medium,3
8715,High,0.9,0.54,2,0.83,0.55,0.94,1,0.579,P2,Team_A,Medium,2
8716,Medium,0.6,0.56,3,0.94,0.41,0.56,2,0.455,P2,Team_A,Medium,3
8717,Medium,0.6,0.69,4,0.71,0.68,0.61,1,0.498,P2,Team_A,Medium,2
8718,Low,0.3,0.19,3,0.62,0.9,0.67,2,0.286,P3,Team_C,Low,1
8719,High,0.9,0.11,4,0.89,0.71,0.82,6,0.655,P1,Team_A,High,6
8720,Medium,0.6,0.56,2,0.59,0.89,0.52,3,0.512,P2,Team_B,Medium,3
8721,Medium,0.6,0.39,3,0.78,0.63,0.49,2,0.548,P2,Team_A,Medium,2
8722,Medium,0.6,0.83,1,0.84,0.78,0.96,2,0.512,P2,Team_B,Medium,3
8723,Medium,0.6,0.87,3,0.63,0.47,0.95,1,0.617,P2,Team_A,Medium,2
8724,High,0.9,0.21,1,0.75,0.71,0.48,3,0.628,P2,Team_B,Medium,2
8725,High,0.9,0.73,3,0.7,0.58,0.98,1,0.654,P1,Team_C,High,5
8726,High,0.9,0.21,2,0.86,0.68,0.81,4,0.578,P2,Team_A,Medium,3
8727,Medium,0.6,0.42,2,0.39,0.69,0.64,2,0.398,P3,Team_A,Low,1
8728,High,0.9,0.79,2,0.59,0.77,0.55,5,0.723,P1,Team_B,High,6
8729,High,0.9,0.54,1,0.93,0.9,0.9,3,0.61,P2,Team_A,Medium,3
8730,High,0.9,0.8,4,0.53,0.89,0.88,3,0.734,P1,Team_B,High,5
8731,Low,0.3,0.22,1,0.73,0.72,0.81,4,0.22,P3,Team_C,Low,1
8732,High,0.9,0.53,1,0.86,0.77,0.45,2,0.668,P1,Team_A,High,6
8733,Low,0.3,0.09,3,0.69,0.61,0.83,2,0.212,P3,Team_C,Low,1
8734,Low,0.3,0.78,2,0.81,0.53,0.47,4,0.483,P2,Team_C,Medium,2
8735,High,0.9,0.65,2,0.71,0.89,0.85,3,0.7,P1,Team_B,High,5
8736,Medium,0.6,0.56,1,0.86,0.72,0.79,4,0.523,P2,Team_A,Medium,2
8737,High,0.9,0.85,3,0.98,0.8,0.97,1,0.71,P1,Team_A,High,6
8738,Medium,0.6,0.42,2,0.7,0.93,0.45,4,0.482,P2,Team_B,Medium,3
8739,Low,0.3,0.43,3,0.6,0.69,0.91,2,0.322,P3,Team_B,Low,1
8740,Medium,0.6,0.19,1,0.7,0.39,0.59,3,0.464,P2,Team_A,Medium,3
8741,Medium,0.6,0.11,1,0.52,0.78,0.92,3,0.302,P3,Team_B,Low,1
8742,Medium,0.6,0.6,3,0.5,0.68,0.48,1,0.378,P3,Team_C,Low,1
8743,Low,0.3,0.36,2,0.69,0.76,0.34,1,0.306,P3,Team_C,Low,1
8744,Low,0.3,0.21,3,0.28,0.97,0.65,4,0.32,P3,Team_B,Low,1
8745,Low,0.3,0.23,1,0.73,0.37,0.41,5,0.402,P3,Team_B,Low,1
8746,Medium,0.6,0.13,3,0.79,0.79,0.36,4,0.374,P3,Team_B,Low,1
8747,Medium,0.6,0.83,2,0.79,0.86,0.62,2,0.552,P2,Team_B,Medium,3
8748,High,0.9,0.27,4,0.76,0.91,0.99,3,0.478,P2,Team_B,Medium,3
8749,Medium,0.6,0.63,4,0.51,0.47,0.92,3,0.436,P2,Team_A,Medium,3
8750,Low,0.3,0.85,2,0.66,0.83,0.84,2,0.362,P3,Team_B,Low,1
8751,High,0.9,0.13,1,0.43,0.28,0.34,2,0.7,P1,Team_C,High,6
8752,Low,0.3,0.53,3,0.92,0.8,0.61,3,0.344,P3,Team_C,Low,1
8753,Low,0.3,0.12,4,0.63,0.82,0.59,2,0.216,P3,Team_C,Low,1
8754,Medium,0.6,0.35,4,0.87,0.47,0.38,2,0.585,P2,Team_A,Medium,2
8755,Medium,0.6,0.36,4,0.76,0.63,0.79,4,0.583,P2,Team_A,Medium,3
8756,High,0.9,0.08,3,0.68,0.59,0.6,3,0.561,P2,Team_C,Medium,2
8757,High,0.9,0.12,4,0.85,0.99,0.43,0,0.581,P2,Team_A,Medium,3
8758,Low,0.3,0.62,1,0.78,0.59,0.9,3,0.34,P3,Team_C,Low,1
8759,High,0.9,0.65,3,0.89,0.77,0.37,2,0.639,P2,Team_A,Medium,3
8760,Medium,0.6,0.4,2,0.33,0.32,0.91,3,0.514,P2,Team_C,Medium,3
8761,Low,0.3,0.35,2,0.86,0.64,0.67,2,0.378,P3,Team_C,Low,1
8762,High,0.9,0.79,4,0.8,0.4,0.68,3,0.796,P1,Team_A,High,6
8763,Low,0.3,0.68,1,0.57,0.7,0.61,4,0.438,P2,Team_B,Medium,3
8764,Low,0.3,0.34,1,0.65,0.76,0.97,4,0.244,P3,Team_B,Low,1
8765,Low,0.3,0.41,2,0.8,0.58,0.95,2,0.316,P3,Team_C,Low,1
8766,Low,0.3,0.47,2,0.69,0.71,0.4,3,0.369,P3,Team_C,Low,1
8767,Low,0.3,0.67,1,0.69,0.88,0.75,2,0.353,P3,Team_B,Low,1
8768,Low,0.3,0.78,2,0.62,0.79,0.45,2,0.393,P3,Team_B,Low,1
8769,Low,0.3,0.77,4,0.79,0.6,0.87,2,0.483,P2,Team_C,Medium,2
8770,Medium,0.6,0.17,4,0.85,0.77,0.37,4,0.386,P3,Team_B,Low,1
8771,Medium,0.6,0.68,2,0.88,0.78,0.46,1,0.536,P2,Team_B,Medium,3
8772,High,0.9,0.41,1,0.71,0.91,0.98,7,0.657,P1,Team_B,High,6
8773,High,0.9,0.4,4,0.68,0.49,0.53,2,0.655,P1,Team_C,High,6
8774,Low,0.3,0.71,1,0.57,0.65,0.84,5,0.334,P3,Team_C,Low,1
8775,Low,0.3,0.89,3,0.51,0.26,0.91,3,0.357,P3,Team_B,Low,1
8776,Low,0.3,0.47,3,0.48,0.94,0.51,2,0.33,P3,Team_C,Low,1
8777,High,0.9,0.62,4,0.63,0.56,0.47,1,0.736,P1,Team_C,High,4
8778,Low,0.3,0.51,1,0.98,0.85,0.6,4,0.308,P3,Team_B,Low,1
8779,Low,0.3,0.85,2,0.71,0.58,0.74,9,0.486,P2,Team_C,Medium,2
8780,High,0.9,0.73,4,0.5,0.73,0.65,2,0.618,P2,Team_B,Medium,3
8781,Medium,0.6,0.14,4,0.64,0.52,0.61,2,0.454,P2,Team_C,Medium,3
8782,High,0.9,0.55,3,0.89,0.62,0.69,2,0.629,P2,Team_A,Medium,3
8783,Low,0.3,0.2,3,0.55,0.55,0.5,4,0.273,P3,Team_C,Low,1
8784,Low,0.3,0.61,3,0.77,0.58,0.38,2,0.476,P2,Team_C,Medium,3
8785,Low,0.3,0.55,1,0.59,0.36,0.52,3,0.395,P3,Team_C,Low,1
8786,Medium,0.6,0.56,3,0.77,0.79,0.39,3,0.565,P2,Team_B,Medium,2
8787,Low,0.3,0.72,2,0.65,0.76,0.86,2,0.473,P2,Team_C,Medium,3
8788,Low,0.3,0.1,1,0.55,0.84,0.32,4,0.27,P3,Team_C,Low,1
8789,Low,0.3,0.37,2,0.93,0.85,0.82,2,0.297,P3,Team_C,Low,1
8790,Low,0.3,0.73,4,0.72,0.69,0.78,3,0.366,P3,Team_C,Low,1
8791,Low,0.3,0.48,4,0.51,0.48,0.64,1,0.235,P3,Team_C,Low,1
8792,Medium,0.6,0.31,1,0.89,0.58,0.57,2,0.454,P2,Team_C,Medium,3
8793,High,0.9,0.6,1,0.86,0.7,0.95,4,0.608,P2,Team_A,Medium,3
8794,Low,0.3,0.5,4,0.51,0.74,0.52,2,0.361,P3,Team_B,Low,1
8795,High,0.9,0.81,3,0.62,0.56,0.43,2,0.865,P1,Team_C,High,6
8796,Medium,0.6,0.25,4,0.43,0.73,0.31,2,0.472,P2,Team_A,Medium,2
8797,High,0.9,0.36,3,0.84,0.74,0.68,3,0.588,P2,Team_A,Medium,2
8798,Low,0.3,0.34,4,0.81,0.69,0.98,5,0.276,P3,Team_C,Low,1
8799,High,0.9,0.91,1,0.86,0.83,0.95,2,0.608,P2,Team_A,Medium,2
8800,Low,0.3,0.62,3,0.64,0.53,0.98,1,0.391,P3,Team_C,Low,1
8801,Low,0.3,0.3,3,0.91,0.5,0.74,4,0.348,P3,Team_B,Low,1
8802,Low,0.3,0.38,2,0.67,0.57,0.94,5,0.259,P3,Team_C,Low,1
8803,High,0.9,0.46,4,0.68,0.68,0.83,2,0.719,P1,Team_C,High,5
8804,Low,0.3,0.41,3,0.79,0.69,0.55,2,0.339,P3,Team_B,Low,1
8805,High,0.9,0.82,3,0.9,0.39,0.74,5,0.746,P1,Team_A,High,4
8806,Low,0.3,0.81,4,0.64,0.82,0.52,1,0.433,P2,Team_B,Medium,2
8807,Medium,0.6,0.84,2,0.86,0.9,0.67,8,0.563,P2,Team_B,Medium,3
8808,Low,0.3,0.1,1,0.68,0.63,0.57,3,0.252,P3,Team_B,Low,1
8809,Low,0.3,0.63,2,0.84,0.63,0.83,3,0.357,P3,Team_C,Low,1
8810,Medium,0.6,0.21,3,0.81,0.57,0.67,3,0.494,P2,Team_A,Medium,3
8811,Low,0.3,0.63,4,0.87,0.51,0.44,3,0.342,P3,Team_C,Low,1
8812,Low,0.3,0.72,1,0.96,0.43,0.35,2,0.421,P2,Team_B,Medium,3
8813,Low,0.3,0.86,3,0.86,0.62,0.66,3,0.486,P2,Team_C,Medium,2
8814,High,0.9,0.65,4,0.37,0.69,0.3,2,0.8,P1,Team_C,High,6
8815,Medium,0.6,0.38,3,0.64,0.69,0.65,3,0.507,P2,Team_C,Medium,3
8816,Low,0.3,0.21,2,0.47,0.41,0.77,3,0.324,P3,Team_C,Low,1
8817,Low,0.3,0.96,4,0.67,0.61,0.93,4,0.417,P3,Team_C,Low,1
8818,Medium,0.6,0.2,3,0.69,0.64,0.48,3,0.5,P2,Team_A,Medium,2
8819,Low,0.3,0.54,3,0.39,0.73,0.35,5,0.412,P3,Team_B,Low,1
8820,High,0.9,0.67,2,0.58,0.65,0.79,2,0.651,P1,Team_C,High,5
8821,Low,0.3,0.55,2,0.86,0.53,0.36,3,0.379,P3,Team_B,Low,1
8822,Low,0.3,0.72,1,0.69,0.39,0.81,0,0.393,P3,Team_B,Low,1
8823,Medium,0.6,0.2,2,0.91,0.52,0.38,1,0.539,P2,Team_A,Medium,3
8824,Low,0.3,0.41,1,0.36,0.85,0.92,1,0.283,P3,Team_C,Low,1
8825,High,0.9,0.74,4,0.8,0.56,0.59,0,0.703,P1,Team_A,High,5
8826,Low,0.3,0.46,4,0.5,0.84,0.7,1,0.414,P3,Team_C,Low,1
8827,Medium,0.6,0.48,2,0.92,0.72,0.87,3,0.491,P2,Team_C,Medium,3
8828,Medium,0.6,0.18,1,0.73,0.98,0.65,0,0.445,P2,Team_B,Medium,3
8829,Low,0.3,0.44,3,0.88,0.82,0.88,2,0.334,P3,Team_C,Low,1
8830,Medium,0.6,0.54,3,0.85,0.62,0.91,4,0.528,P2,Team_A,Medium,2
8831,High,0.9,0.39,2,0.67,0.66,0.4,2,0.551,P2,Team_C,Medium,3
8832,Medium,0.6,0.65,1,0.43,0.71,0.32,0,0.513,P2,Team_A,Medium,3
8833,Medium,0.6,0.45,2,0.92,0.81,0.42,1,0.485,P2,Team_B,Medium,3
8834,Low,0.3,0.51,4,0.76,0.85,0.3,4,0.382,P3,Team_B,Low,1
8835,Medium,0.6,0.62,3,0.4,0.6,0.53,3,0.577,P2,Team_C,Medium,2
8836,Medium,0.6,0.35,4,0.92,0.72,0.42,2,0.513,P2,Team_A,Medium,3
8837,Medium,0.6,0.84,3,0.75,0.93,0.46,2,0.528,P2,Team_B,Medium,3
8838,Medium,0.6,0.33,1,0.87,0.61,0.55,3,0.454,P2,Team_A,Medium,2
8839,Low,0.3,0.56,4,0.74,0.9,0.43,4,0.348,P3,Team_B,Low,1
8840,High,0.9,0.27,3,0.77,0.43,0.35,1,0.603,P2,Team_C,Medium,2
8841,Low,0.3,0.42,3,0.59,0.89,0.71,1,0.164,P3,Team_C,Low,1
8842,Low,0.3,0.22,1,0.61,0.65,0.78,1,0.274,P3,Team_C,Low,1
8843,Low,0.3,0.66,3,0.93,0.74,0.89,4,0.301,P3,Team_C,Low,1
8844,Medium,0.6,0.8,1,0.72,0.47,0.68,3,0.635,P2,Team_C,Medium,3
8845,High,0.9,0.68,2,0.58,0.5,0.51,6,0.781,P1,Team_C,High,4
8846,Low,0.3,0.39,3,0.8,0.88,0.38,2,0.365,P3,Team_B,Low,1
8847,Medium,0.6,0.44,2,0.78,0.42,0.68,5,0.553,P2,Team_A,Medium,2
8848,High,0.9,0.53,1,0.6,0.59,0.94,5,0.635,P2,Team_C,Medium,3
8849,Medium,0.6,0.74,1,0.61,0.85,0.47,3,0.579,P2,Team_B,Medium,2
8850,Low,0.3,0.17,2,0.63,0.66,0.71,3,0.357,P3,Team_C,Low,1
8851,Medium,0.6,0.48,1,0.65,0.8,0.76,1,0.431,P2,Team_B,Medium,2
8852,Low,0.3,0.43,4,0.6,0.87,0.59,1,0.376,P3,Team_C,Low,1
8853,Medium,0.6,0.47,2,0.86,0.48,0.6,1,0.609,P2,Team_C,Medium,3
8854,High,0.9,0.19,1,0.84,0.68,0.46,2,0.639,P2,Team_A,Medium,2
8855,Medium,0.6,0.26,3,0.87,0.93,0.74,2,0.48,P2,Team_B,Medium,3
8856,Low,0.3,0.23,2,0.85,0.38,0.65,6,0.259,P3,Team_C,Low,1
8857,Low,0.3,0.33,4,0.92,0.57,0.98,2,0.262,P3,Team_B,Low,1
8858,Medium,0.6,0.53,3,0.76,0.68,0.32,1,0.623,P2,Team_A,Medium,2
8859,High,0.9,0.8,3,0.8,0.75,0.31,4,0.846,P1,Team_A,High,6
8860,High,0.9,0.55,1,0.51,0.83,0.96,5,0.633,P2,Team_B,Medium,3
8861,Low,0.3,0.71,4,0.65,0.47,0.64,1,0.371,P3,Team_C,Low,1
8862,Medium,0.6,0.89,2,0.75,0.67,0.71,2,0.641,P2,Team_C,Medium,2
8863,Medium,0.6,0.52,2,0.75,0.73,0.93,0,0.432,P2,Team_A,Medium,3
8864,High,0.9,0.81,3,0.69,0.74,0.4,3,0.832,P1,Team_B,High,6
8865,Medium,0.6,0.55,4,0.39,0.52,0.93,4,0.489,P2,Team_A,Medium,2
8866,Low,0.3,0.84,3,0.71,0.55,0.45,5,0.46,P2,Team_C,Medium,2
8867,Low,0.3,0.39,3,0.94,0.42,0.86,2,0.463,P2,Team_B,Medium,3
8868,Medium,0.6,0.72,1,0.59,0.65,0.89,7,0.598,P2,Team_C,Medium,2
8869,High,0.9,0.59,2,0.95,0.57,0.47,1,0.74,P1,Team_A,High,6
8870,High,0.9,0.76,3,0.89,0.83,0.85,3,0.648,P2,Team_A,Medium,3
8871,Medium,0.6,0.6,4,0.81,0.9,0.52,3,0.529,P2,Team_B,Medium,2
8872,Low,0.3,0.3,3,0.71,0.8,0.85,2,0.321,P3,Team_B,Low,1
8873,High,0.9,0.21,4,0.45,0.45,0.52,2,0.672,P1,Team_C,High,5
8874,Low,0.3,0.53,3,0.88,0.3,0.64,4,0.391,P3,Team_B,Low,1
8875,Low,0.3,0.35,1,0.85,0.72,0.36,2,0.316,P3,Team_C,Low,1
8876,High,0.9,0.68,2,0.56,0.76,0.39,4,0.659,P1,Team_B,High,5
8877,High,0.9,0.69,4,0.89,0.28,0.53,0,0.768,P1,Team_A,High,4
8878,Low,0.3,0.85,2,0.77,0.69,0.45,6,0.369,P3,Team_C,Low,1
8879,Low,0.3,0.46,4,0.59,0.64,1.0,6,0.277,P3,Team_C,Low,1
8880,High,0.9,0.36,2,0.94,0.82,0.32,3,0.591,P2,Team_A,Medium,3
8881,Medium,0.6,0.46,1,0.69,0.52,0.32,3,0.588,P2,Team_C,Medium,3
8882,Low,0.3,0.47,3,0.74,0.64,0.59,2,0.413,P3,Team_B,Low,1
8883,Medium,0.6,0.57,4,0.71,0.75,0.63,5,0.57,P2,Team_B,Medium,2
8884,Low,0.3,0.82,1,0.77,0.87,0.86,4,0.44,P2,Team_B,Medium,2
8885,Low,0.3,0.51,4,0.74,0.56,0.34,1,0.322,P3,Team_C,Low,1
8886,High,0.9,0.71,4,0.84,0.95,0.45,2,0.738,P1,Team_A,High,6
8887,High,0.9,0.71,1,0.87,0.68,0.36,3,0.733,P1,Team_A,High,6
8888,Low,0.3,0.34,2,0.9,0.71,0.47,2,0.297,P3,Team_C,Low,1
8889,Low,0.3,0.52,1,0.42,0.79,0.73,4,0.353,P3,Team_C,Low,1
8890,Medium,0.6,0.71,1,0.78,0.84,0.4,3,0.532,P2,Team_B,Medium,2
8891,Low,0.3,0.85,3,0.66,0.45,0.81,5,0.539,P2,Team_C,Medium,3
8892,Low,0.3,0.09,3,0.79,0.73,0.53,4,0.258,P3,Team_B,Low,1
8893,Medium,0.6,0.39,2,0.53,0.49,0.51,5,0.468,P2,Team_A,Medium,2
8894,High,0.9,0.38,2,0.83,0.51,0.35,8,0.897,P1,Team_A,High,4
8895,Medium,0.6,0.89,2,0.4,0.91,0.72,1,0.541,P2,Team_B,Medium,2
8896,Medium,0.6,0.43,4,0.84,0.77,0.87,2,0.408,P3,Team_B,Low,1
8897,Medium,0.6,0.73,1,0.92,0.66,0.61,4,0.511,P2,Team_A,Medium,3
8898,High,0.9,0.39,1,0.57,0.53,0.64,2,0.581,P2,Team_C,Medium,3
8899,High,0.9,0.81,3,0.87,0.5,0.83,0,0.716,P1,Team_A,High,4
8900,High,0.9,0.46,3,0.59,0.6,0.97,6,0.733,P1,Team_C,High,4
8901,Medium,0.6,0.11,3,0.92,0.25,0.55,3,0.588,P2,Team_A,Medium,3
8902,Medium,0.6,0.69,2,0.87,0.95,0.86,3,0.484,P2,Team_B,Medium,3
8903,Low,0.3,0.45,3,0.7,0.74,0.82,3,0.294,P3,Team_C,Low,1
8904,High,0.9,0.56,2,0.67,0.64,0.42,2,0.712,P1,Team_C,High,5
8905,Low,0.3,0.3,3,0.78,0.22,0.64,5,0.357,P3,Team_C,Low,1
8906,Low,0.3,0.39,4,0.78,0.69,0.5,1,0.249,P3,Team_C,Low,1
8907,Medium,0.6,0.46,3,0.69,0.79,0.85,4,0.466,P2,Team_B,Medium,3
8908,Medium,0.6,0.12,1,0.91,0.63,0.63,2,0.447,P2,Team_C,Medium,3
8909,Low,0.3,0.5,1,0.92,0.47,0.8,1,0.342,P3,Team_C,Low,1
8910,Medium,0.6,0.63,1,0.47,0.85,0.67,1,0.474,P2,Team_B,Medium,2
8911,Low,0.3,0.45,3,0.84,0.71,0.65,0,0.282,P3,Team_C,Low,1
8912,High,0.9,0.48,3,0.45,0.57,0.44,3,0.753,P1,Team_C,High,5
8913,High,0.9,0.4,2,0.88,0.68,0.59,3,0.6,P2,Team_A,Medium,3
8914,Low,0.3,0.21,4,0.63,0.71,0.33,2,0.348,P3,Team_B,Low,1
8915,Low,0.3,0.23,2,0.74,0.5,0.81,4,0.237,P3,Team_C,Low,1
8916,Low,0.3,0.13,1,0.76,0.87,0.93,1,0.163,P3,Team_C,Low,1
8917,Low,0.3,0.61,2,0.67,0.51,0.46,4,0.405,P3,Team_B,Low,1
8918,Low,0.3,0.69,1,0.75,0.57,0.44,0,0.434,P2,Team_C,Medium,2
8919,Low,0.3,0.57,3,0.97,0.34,0.38,3,0.41,P3,Team_C,Low,1
8920,Medium,0.6,0.63,1,0.77,0.31,0.44,0,0.725,P1,Team_C,High,4
8921,Low,0.3,0.29,4,0.69,0.8,0.34,6,0.297,P3,Team_B,Low,1
8922,High,0.9,0.86,4,0.65,0.56,0.99,2,0.68,P1,Team_C,High,5
8923,High,0.9,0.64,2,0.82,0.63,0.98,4,0.665,P1,Team_A,High,6
8924,Medium,0.6,0.55,3,0.76,0.95,0.61,3,0.488,P2,Team_B,Medium,3
8925,Medium,0.6,0.24,1,0.83,0.89,0.96,2,0.402,P3,Team_B,Low,1
8926,Medium,0.6,0.59,1,0.75,0.51,0.97,3,0.528,P2,Team_C,Medium,2
8927,Medium,0.6,0.13,1,0.63,0.39,0.73,4,0.41,P3,Team_C,Low,1
8928,Low,0.3,0.43,3,0.8,0.95,0.97,4,0.278,P3,Team_C,Low,1
8929,High,0.9,0.55,4,0.46,0.63,0.93,1,0.666,P1,Team_C,High,6
8930,Low,0.3,0.19,4,0.63,0.49,0.37,2,0.29,P3,Team_B,Low,1
8931,Low,0.3,0.81,3,0.88,0.65,0.98,1,0.395,P3,Team_C,Low,1
8932,Low,0.3,0.34,1,0.39,0.5,0.92,2,0.186,P3,Team_B,Low,1
8933,Low,0.3,0.71,4,0.81,0.68,0.46,3,0.336,P3,Team_B,Low,1
8934,Low,0.3,0.08,2,0.59,0.66,0.7,1,0.272,P3,Team_C,Low,1
8935,Low,0.3,0.4,1,0.75,0.91,0.45,0,0.305,P3,Team_C,Low,1
8936,Low,0.3,0.66,3,0.88,0.58,0.51,5,0.434,P2,Team_B,Medium,3
8937,High,0.9,0.46,3,0.81,0.48,0.89,3,0.608,P2,Team_A,Medium,2
8938,Medium,0.6,0.5,4,0.74,0.74,0.52,1,0.581,P2,Team_C,Medium,3
8939,Medium,0.6,0.74,2,0.84,0.53,0.69,2,0.607,P2,Team_C,Medium,3
8940,High,0.9,0.29,1,0.56,0.81,0.73,3,0.708,P1,Team_B,High,6
8941,High,0.9,0.63,2,0.87,0.97,0.67,4,0.637,P2,Team_A,Medium,3
8942,Low,0.3,0.59,1,0.7,0.89,0.55,3,0.333,P3,Team_B,Low,1
8943,Medium,0.6,0.6,4,0.67,0.49,0.45,3,0.546,P2,Team_A,Medium,2
8944,Low,0.3,0.33,4,0.83,0.58,0.51,2,0.298,P3,Team_C,Low,1
8945,Low,0.3,0.55,3,0.58,0.68,0.6,1,0.436,P2,Team_B,Medium,2
8946,Low,0.3,0.24,2,0.7,0.6,0.72,4,0.281,P3,Team_B,Low,1
8947,Medium,0.6,0.62,4,0.43,0.71,0.95,3,0.495,P2,Team_A,Medium,3
8948,Low,0.3,0.93,4,0.74,0.8,0.48,3,0.362,P3,Team_B,Low,1
8949,Low,0.3,0.66,3,0.84,0.61,0.64,7,0.377,P3,Team_B,Low,1
8950,Low,0.3,0.19,1,0.68,0.84,0.84,6,0.252,P3,Team_C,Low,1
8951,Medium,0.6,0.69,2,0.66,0.57,0.69,1,0.507,P2,Team_C,Medium,2
8952,Low,0.3,0.74,1,0.63,0.53,0.87,6,0.34,P3,Team_C,Low,1
8953,Low,0.3,0.53,4,0.47,0.9,0.56,2,0.334,P3,Team_C,Low,1
8954,Low,0.3,0.46,2,0.85,0.4,0.6,4,0.372,P3,Team_B,Low,1
8955,High,0.9,0.18,1,0.78,0.62,0.71,1,0.593,P2,Team_C,Medium,2
8956,Low,0.3,0.55,1,0.96,0.35,0.36,5,0.386,P3,Team_C,Low,1
8957,Low,0.3,0.37,4,0.84,0.46,0.85,1,0.305,P3,Team_B,Low,1
8958,Low,0.3,0.15,2,0.87,0.52,0.48,1,0.366,P3,Team_B,Low,1
8959,Low,0.3,0.4,4,0.36,0.58,0.99,0,0.222,P3,Team_B,Low,1
8960,High,0.9,0.37,2,0.78,0.66,0.57,2,0.668,P1,Team_C,High,6
8961,High,0.9,0.58,2,0.55,0.76,0.81,1,0.659,P1,Team_B,High,6
8962,Medium,0.6,0.44,4,0.8,0.88,0.53,4,0.475,P2,Team_B,Medium,2
8963,High,0.9,0.69,1,0.42,0.61,0.48,0,0.804,P1,Team_C,High,6
8964,Low,0.3,0.58,3,0.88,0.78,0.37,4,0.405,P3,Team_B,Low,1
8965,Low,0.3,0.56,2,0.83,0.65,0.88,4,0.366,P3,Team_C,Low,1
8966,Low,0.3,0.14,2,0.75,0.5,0.41,8,0.409,P3,Team_C,Low,1
8967,Low,0.3,0.18,3,0.64,0.82,0.43,4,0.255,P3,Team_B,Low,1
8968,Low,0.3,0.79,1,0.48,0.78,0.98,2,0.33,P3,Team_C,Low,1
8969,High,0.9,0.29,1,0.85,0.63,0.74,4,0.599,P2,Team_A,Medium,2
8970,Low,0.3,0.34,3,0.83,0.86,0.53,3,0.272,P3,Team_C,Low,1
8971,Low,0.3,0.77,4,0.59,0.89,0.52,5,0.466,P2,Team_C,Medium,2
8972,High,0.9,0.44,3,0.87,0.9,0.83,5,0.621,P2,Team_A,Medium,2
8973,Medium,0.6,0.41,4,0.73,0.62,0.96,4,0.499,P2,Team_C,Medium,3
8974,Low,0.3,0.35,3,0.76,0.45,0.76,3,0.323,P3,Team_B,Low,1
8975,Low,0.3,0.56,2,0.74,0.9,0.32,3,0.384,P3,Team_C,Low,1
8976,Low,0.3,0.55,4,0.79,0.52,0.47,1,0.379,P3,Team_B,Low,1
8977,High,0.9,0.61,2,0.6,0.67,0.58,2,0.701,P1,Team_C,High,4
8978,Medium,0.6,0.52,3,0.63,0.71,0.49,1,0.505,P2,Team_C,Medium,2
8979,High,0.9,0.31,4,0.73,0.86,0.78,2,0.536,P2,Team_B,Medium,3
8980,Low,0.3,0.39,2,0.57,0.58,0.43,1,0.403,P3,Team_C,Low,1
8981,High,0.9,0.51,1,0.96,0.46,0.45,1,0.735,P1,Team_A,High,4
8982,Medium,0.6,0.52,1,0.87,0.5,0.54,2,0.62,P2,Team_A,Medium,2
8983,High,0.9,0.79,4,0.37,0.76,0.75,5,0.786,P1,Team_B,High,5
8984,High,0.9,0.18,1,0.64,0.47,0.31,3,0.62,P2,Team_C,Medium,2
8985,Medium,0.6,0.3,3,0.32,0.39,0.92,2,0.587,P2,Team_A,Medium,3
8986,Low,0.3,0.64,1,0.29,0.75,0.52,3,0.423,P2,Team_B,Medium,3
8987,Medium,0.6,0.21,3,0.91,0.78,0.86,1,0.473,P2,Team_B,Medium,2
8988,Low,0.3,0.47,2,0.83,0.76,0.66,1,0.263,P3,Team_B,Low,1
8989,Medium,0.6,0.45,2,0.73,0.68,0.33,3,0.568,P2,Team_A,Medium,3
8990,Low,0.3,0.32,2,0.83,0.77,0.46,8,0.292,P3,Team_C,Low,1
8991,Medium,0.6,0.39,2,0.77,0.56,0.98,6,0.474,P2,Team_A,Medium,3
8992,Medium,0.6,0.81,3,0.73,0.69,0.5,3,0.641,P2,Team_C,Medium,2
8993,Low,0.3,0.52,2,0.92,0.74,0.33,0,0.455,P2,Team_B,Medium,2
8994,Low,0.3,0.82,2,0.61,0.67,0.37,2,0.457,P2,Team_C,Medium,2
8995,Medium,0.6,0.23,1,0.85,0.62,0.42,2,0.489,P2,Team_C,Medium,2
8996,Low,0.3,0.67,2,0.59,0.9,0.51,4,0.351,P3,Team_B,Low,1
8997,Medium,0.6,0.32,2,0.84,0.76,0.84,5,0.509,P2,Team_B,Medium,3
8998,High,0.9,0.47,3,0.9,0.63,0.37,1,0.662,P1,Team_A,High,6
8999,Low,0.3,0.61,2,0.99,0.81,1.0,3,0.342,P3,Team_C,Low,1
9000,Low,0.3,0.88,1,0.84,0.83,0.67,3,0.456,P2,Team_C,Medium,3
9001,Low,0.3,0.5,1,0.77,0.77,0.54,0,0.317,P3,Team_C,Low,1
9002,Medium,0.6,0.66,3,0.78,0.51,0.46,2,0.544,P2,Team_C,Medium,3
9003,Medium,0.6,0.76,2,0.76,0.69,0.98,5,0.444,P2,Team_C,Medium,3
9004,Medium,0.6,0.54,4,0.97,0.7,0.74,4,0.546,P2,Team_A,Medium,2
9005,Low,0.3,0.61,4,0.36,0.67,0.9,4,0.299,P3,Team_C,Low,1
9006,Low,0.3,0.6,4,0.71,0.75,0.83,2,0.335,P3,Team_B,Low,1
9007,Medium,0.6,0.38,4,0.67,0.72,0.84,3,0.446,P2,Team_C,Medium,2
9008,High,0.9,0.53,2,0.58,0.68,0.51,2,0.774,P1,Team_C,High,6
9009,Low,0.3,0.71,1,0.82,0.58,0.81,6,0.344,P3,Team_C,Low,1
9010,Medium,0.6,0.93,1,0.79,0.68,0.57,2,0.617,P2,Team_A,Medium,2
9011,Low,0.3,0.79,2,0.85,0.8,0.47,5,0.394,P3,Team_B,Low,1
9012,Low,0.3,0.2,1,0.81,0.57,0.93,3,0.265,P3,Team_C,Low,1
9013,Low,0.3,0.31,4,0.89,0.58,0.3,2,0.373,P3,Team_B,Low,1
9014,Low,0.3,0.22,1,0.38,0.57,0.53,3,0.324,P3,Team_B,Low,1
9015,Medium,0.6,0.43,1,0.78,0.78,0.43,1,0.586,P2,Team_B,Medium,2
9016,Medium,0.6,0.75,4,0.7,0.29,0.73,5,0.586,P2,Team_A,Medium,2
9017,Medium,0.6,0.8,1,0.46,0.96,0.63,3,0.475,P2,Team_B,Medium,3
9018,High,0.9,0.48,4,0.74,0.9,0.81,3,0.644,P2,Team_B,Medium,3
9019,Low,0.3,0.84,2,0.84,0.62,0.43,3,0.397,P3,Team_B,Low,1
9020,Low,0.3,0.26,2,0.53,0.63,0.61,1,0.355,P3,Team_B,Low,1
9021,High,0.9,0.46,1,0.87,0.43,0.8,6,0.636,P2,Team_A,Medium,3
9022,High,0.9,0.28,1,0.85,0.75,0.48,1,0.715,P1,Team_A,High,5
9023,Medium,0.6,0.49,2,0.68,0.53,0.71,1,0.558,P2,Team_A,Medium,2
9024,Low,0.3,0.88,2,0.76,0.57,0.34,2,0.429,P2,Team_B,Medium,3
9025,Low,0.3,0.29,3,0.56,0.27,0.93,3,0.327,P3,Team_C,Low,1
9026,Medium,0.6,0.24,4,0.96,0.82,0.32,2,0.439,P2,Team_B,Medium,3
9027,High,0.9,0.84,1,0.66,0.37,0.61,1,0.729,P1,Team_C,High,4
9028,Medium,0.6,0.38,3,0.77,0.11,0.71,5,0.568,P2,Team_A,Medium,3
9029,Medium,0.6,0.32,4,0.88,0.83,0.5,2,0.471,P2,Team_B,Medium,3
9030,Low,0.3,0.31,3,0.62,0.6,0.46,2,0.367,P3,Team_C,Low,1
9031,Low,0.3,0.1,2,0.79,0.78,0.5,3,0.27,P3,Team_B,Low,1
9032,Low,0.3,0.98,2,0.52,0.81,0.57,5,0.467,P2,Team_C,Medium,3
9033,High,0.9,0.3,3,0.76,0.73,1.0,1,0.573,P2,Team_B,Medium,3
9034,High,0.9,0.26,3,0.87,0.7,0.63,0,0.625,P2,Team_A,Medium,2
9035,Medium,0.6,0.47,3,0.62,0.71,0.51,4,0.435,P2,Team_A,Medium,2
9036,Low,0.3,0.78,3,0.75,0.77,0.84,2,0.351,P3,Team_C,Low,1
9037,Medium,0.6,0.81,1,0.52,0.64,0.78,1,0.571,P2,Team_A,Medium,3
9038,Medium,0.6,0.41,4,0.49,0.76,0.36,3,0.511,P2,Team_B,Medium,2
9039,High,0.9,0.49,3,0.64,0.55,0.58,2,0.677,P1,Team_C,High,5
9040,Medium,0.6,0.32,1,0.61,0.79,0.57,1,0.522,P2,Team_B,Medium,3
9041,Low,0.3,0.58,3,0.74,0.64,0.31,0,0.434,P2,Team_C,Medium,3
9042,Medium,0.6,0.67,2,0.74,0.88,0.32,1,0.576,P2,Team_B,Medium,3
9043,High,0.9,0.72,1,0.56,0.75,0.95,5,0.629,P2,Team_B,Medium,2
9044,Low,0.3,0.17,4,0.63,0.93,0.7,2,0.338,P3,Team_B,Low,1
9045,Low,0.3,0.54,3,0.88,0.54,0.8,3,0.278,P3,Team_B,Low,1
9046,Low,0.3,0.41,3,0.77,0.81,0.55,2,0.326,P3,Team_B,Low,1
9047,Low,0.3,0.34,2,0.44,0.62,0.68,3,0.289,P3,Team_C,Low,1
9048,Low,0.3,0.73,1,0.44,0.61,0.85,3,0.332,P3,Team_B,Low,1
9049,Low,0.3,0.28,2,0.33,0.78,0.93,1,0.227,P3,Team_B,Low,1
9050,High,0.9,0.21,3,0.73,0.53,0.35,0,0.668,P1,Team_C,High,4
9051,Low,0.3,0.4,3,0.86,0.68,0.45,3,0.346,P3,Team_C,Low,1
9052,Low,0.3,0.14,3,0.65,0.91,0.65,4,0.347,P3,Team_B,Low,1
9053,Low,0.3,0.35,4,0.54,0.41,0.61,4,0.364,P3,Team_C,Low,1
9054,High,0.9,0.45,2,0.52,0.74,0.6,3,0.694,P1,Team_B,High,6
9055,Medium,0.6,0.11,1,0.96,0.88,1.0,3,0.35,P3,Team_B,Low,1
9056,Medium,0.6,0.51,4,0.56,0.65,0.47,1,0.512,P2,Team_C,Medium,2
9057,Low,0.3,0.21,3,0.71,0.7,0.96,4,0.294,P3,Team_C,Low,1
9058,Low,0.3,0.74,3,0.69,0.16,0.76,3,0.46,P2,Team_C,Medium,2
9059,Medium,0.6,0.67,1,0.63,0.34,0.91,6,0.518,P2,Team_A,Medium,3
9060,Low,0.3,0.67,3,0.79,0.65,0.96,2,0.419,P3,Team_B,Low,1
9061,High,0.9,0.56,4,0.76,0.78,0.7,8,0.621,P2,Team_B,Medium,3
9062,Medium,0.6,0.72,2,0.92,0.75,0.72,3,0.562,P2,Team_B,Medium,2
9063,Low,0.3,0.55,2,0.54,0.66,0.51,3,0.389,P3,Team_B,Low,1
9064,Medium,0.6,0.73,4,0.86,0.55,0.99,3,0.545,P2,Team_A,Medium,2
9065,Low,0.3,0.45,2,0.66,0.66,0.62,3,0.342,P3,Team_B,Low,1
9066,Low,0.3,0.78,3,0.75,0.85,0.55,4,0.439,P2,Team_B,Medium,2
9067,Medium,0.6,0.15,4,0.58,0.74,0.32,5,0.487,P2,Team_A,Medium,3
9068,Medium,0.6,0.66,2,0.95,0.49,0.85,0,0.575,P2,Team_C,Medium,3
9069,Low,0.3,0.2,1,0.85,0.27,0.97,2,0.344,P3,Team_B,Low,1
9070,Medium,0.6,0.51,3,0.93,0.65,0.36,4,0.537,P2,Team_A,Medium,3
9071,Medium,0.6,0.38,3,0.64,0.65,0.46,3,0.533,P2,Team_C,Medium,2
9072,High,0.9,0.64,4,0.82,0.53,0.57,3,0.779,P1,Team_A,High,5
9073,Low,0.3,0.86,4,0.79,0.78,0.87,4,0.444,P2,Team_B,Medium,2
9074,Low,0.3,0.08,1,0.9,0.88,0.69,0,0.165,P3,Team_C,Low,1
9075,Medium,0.6,0.57,2,0.7,0.4,0.34,3,0.597,P2,Team_C,Medium,3
9076,Medium,0.6,0.37,2,0.36,0.86,0.36,2,0.544,P2,Team_B,Medium,2
9077,Low,0.3,0.45,1,0.53,0.76,0.42,2,0.375,P3,Team_C,Low,1
9078,Medium,0.6,0.84,1,0.5,0.73,0.5,0,0.511,P2,Team_A,Medium,3
9079,Low,0.3,0.35,2,0.65,0.67,0.96,4,0.314,P3,Team_C,Low,1
9080,High,0.9,0.77,4,0.45,0.73,0.7,3,0.737,P1,Team_B,High,4
9081,Low,0.3,0.49,2,0.92,0.84,0.73,3,0.278,P3,Team_C,Low,1
9082,Low,0.3,0.25,1,0.82,0.84,0.64,1,0.259,P3,Team_B,Low,1
9083,High,0.9,0.84,4,0.52,0.74,0.37,0,0.709,P1,Team_B,High,5
9084,High,0.9,0.35,1,0.95,0.67,0.92,2,0.63,P2,Team_A,Medium,2
9085,High,0.9,0.8,1,0.67,0.84,0.85,5,0.745,P1,Team_B,High,4
9086,High,0.9,0.52,4,0.58,0.73,0.64,4,0.657,P1,Team_B,High,5
9087,Low,0.3,0.12,1,0.45,0.79,0.45,3,0.295,P3,Team_B,Low,1
9088,High,0.9,0.27,3,0.25,0.71,0.33,0,0.629,P2,Team_B,Medium,2
9089,Medium,0.6,0.62,3,0.66,0.85,0.33,2,0.484,P2,Team_B,Medium,2
9090,Low,0.3,0.32,4,0.38,0.69,0.87,2,0.351,P3,Team_B,Low,1
9091,Low,0.3,0.45,3,0.79,0.27,0.69,5,0.448,P2,Team_B,Medium,3
9092,Low,0.3,0.75,2,0.88,0.75,0.42,3,0.473,P2,Team_C,Medium,2
9093,Low,0.3,0.49,1,0.42,0.72,0.46,1,0.332,P3,Team_C,Low,1
9094,Medium,0.6,0.72,1,0.95,0.86,0.5,4,0.616,P2,Team_B,Medium,3
9095,Medium,0.6,0.75,2,0.63,0.27,0.55,1,0.671,P1,Team_C,High,5
9096,High,0.9,0.65,3,0.75,0.82,0.85,2,0.633,P2,Team_B,Medium,2
9097,Medium,0.6,0.83,2,0.87,0.75,0.67,2,0.626,P2,Team_B,Medium,3
9098,Medium,0.6,0.79,4,0.54,0.85,0.55,4,0.564,P2,Team_B,Medium,2
9099,High,0.9,0.53,4,0.7,0.67,0.53,4,0.796,P1,Team_C,High,6
9100,High,0.9,0.26,4,0.86,0.57,0.74,2,0.585,P2,Team_A,Medium,3
9101,Medium,0.6,0.35,1,0.79,0.78,0.38,2,0.551,P2,Team_B,Medium,2
9102,High,0.9,0.63,4,0.53,0.7,0.81,2,0.709,P1,Team_B,High,4
9103,Low,0.3,0.5,4,0.91,0.52,0.62,6,0.464,P2,Team_C,Medium,2
9104,Medium,0.6,0.78,1,0.92,0.75,0.92,4,0.571,P2,Team_B,Medium,3
9105,Low,0.3,0.84,1,0.85,0.51,0.64,3,0.42,P2,Team_B,Medium,3
9106,Low,0.3,0.12,4,0.78,0.79,0.83,3,0.269,P3,Team_B,Low,1
9107,Low,0.3,0.41,4,0.47,0.62,0.9,1,0.393,P3,Team_C,Low,1
9108,High,0.9,0.71,4,0.85,0.4,0.31,1,0.728,P1,Team_A,High,4
9109,High,0.9,0.13,1,0.75,0.26,0.45,2,0.634,P2,Team_C,Medium,2
9110,Medium,0.6,0.53,3,0.96,0.19,0.39,2,0.581,P2,Team_C,Medium,2
9111,High,0.9,0.35,2,0.8,0.63,0.85,4,0.742,P1,Team_A,High,6
9112,Medium,0.6,0.04,3,0.72,0.53,0.8,1,0.381,P3,Team_C,Low,1
9113,Low,0.3,0.32,3,0.65,0.61,0.62,0,0.285,P3,Team_C,Low,1
9114,Medium,0.6,0.84,1,0.76,0.86,0.86,2,0.476,P2,Team_B,Medium,2
9115,High,0.9,0.22,4,0.94,0.69,0.77,4,0.583,P2,Team_A,Medium,2
9116,Medium,0.6,0.73,1,0.85,0.54,0.43,0,0.589,P2,Team_A,Medium,3
9117,High,0.9,0.77,3,0.61,0.84,0.34,1,0.743,P1,Team_B,High,5
9118,Low,0.3,0.43,4,0.59,0.56,0.86,2,0.336,P3,Team_B,Low,1
9119,Low,0.3,0.39,4,0.62,0.69,0.86,3,0.309,P3,Team_B,Low,1
9120,Low,0.3,0.83,4,0.94,0.81,0.6,1,0.442,P2,Team_B,Medium,2
9121,Medium,0.6,0.56,4,0.89,0.87,0.42,3,0.608,P2,Team_B,Medium,2
9122,High,0.9,0.71,1,0.56,0.88,0.9,3,0.64,P2,Team_B,Medium,2
9123,Low,0.3,0.43,3,0.89,0.6,0.55,2,0.265,P3,Team_B,Low,1
9124,Low,0.3,0.17,4,0.91,0.72,0.76,1,0.324,P3,Team_C,Low,1
9125,Low,0.3,0.61,2,0.36,0.69,0.98,5,0.35,P3,Team_B,Low,1
9126,High,0.9,0.9,2,0.37,0.69,0.37,3,0.779,P1,Team_C,High,4
9127,Medium,0.6,0.83,3,0.82,0.78,0.4,1,0.661,P1,Team_B,High,5
9128,Medium,0.6,0.54,3,0.91,0.7,0.74,3,0.575,P2,Team_A,Medium,3
9129,Low,0.3,0.17,2,0.83,0.58,0.31,5,0.335,P3,Team_C,Low,1
9130,Medium,0.6,0.19,4,0.7,0.23,0.35,3,0.503,P2,Team_A,Medium,2
9131,Medium,0.6,0.74,3,0.5,0.48,0.92,2,0.525,P2,Team_A,Medium,2
9132,Low,0.3,0.11,1,0.83,0.85,0.55,7,0.357,P3,Team_B,Low,1
9133,Medium,0.6,0.17,1,0.96,0.81,0.63,2,0.491,P2,Team_B,Medium,3
9134,Medium,0.6,0.15,2,0.65,0.71,0.94,4,0.415,P3,Team_A,Low,1
9135,Medium,0.6,0.62,2,0.76,0.57,0.42,3,0.538,P2,Team_A,Medium,3
9136,Medium,0.6,0.15,1,0.57,0.61,0.94,5,0.335,P3,Team_C,Low,1
9137,Low,0.3,0.65,3,0.71,0.71,0.82,3,0.347,P3,Team_C,Low,1
9138,Medium,0.6,0.67,2,0.77,0.86,0.58,3,0.596,P2,Team_B,Medium,3
9139,Medium,0.6,0.55,1,0.86,0.67,0.47,0,0.51,P2,Team_C,Medium,3
9140,Medium,0.6,0.69,4,0.39,0.85,0.71,1,0.565,P2,Team_B,Medium,2
9141,Low,0.3,0.45,1,0.88,0.65,0.72,5,0.325,P3,Team_C,Low,1
9142,Low,0.3,0.83,2,0.66,0.69,0.97,2,0.296,P3,Team_C,Low,1
9143,Low,0.3,0.47,1,0.66,0.6,0.8,4,0.41,P3,Team_C,Low,1
9144,Low,0.3,0.36,3,0.69,0.87,0.39,1,0.409,P3,Team_B,Low,1
9145,Medium,0.6,0.88,2,0.67,0.76,0.82,0,0.645,P2,Team_B,Medium,3
9146,Medium,0.6,0.8,2,0.87,0.66,0.38,3,0.566,P2,Team_A,Medium,2
9147,High,0.9,0.85,4,0.54,0.86,0.49,6,0.793,P1,Team_B,High,5
9148,Medium,0.6,0.34,4,0.59,0.59,0.51,0,0.46,P2,Team_A,Medium,3
9149,Medium,0.6,0.25,2,0.9,0.56,0.35,10,0.584,P2,Team_A,Medium,2
9150,Low,0.3,0.01,1,0.65,0.58,0.44,2,0.271,P3,Team_C,Low,1
9151,Low,0.3,0.55,1,0.74,0.46,0.56,1,0.337,P3,Team_C,Low,1
9152,High,0.9,0.72,4,0.26,0.42,0.72,3,0.864,P1,Team_C,High,5
9153,Medium,0.6,0.52,1,0.57,0.97,0.53,2,0.426,P2,Team_B,Medium,2
9154,High,0.9,0.3,4,0.88,0.94,0.84,0,0.589,P2,Team_A,Medium,2
9155,Low,0.3,0.44,2,0.85,0.67,0.9,3,0.336,P3,Team_C,Low,1
9156,Low,0.3,0.48,4,0.56,0.54,0.81,4,0.398,P3,Team_C,Low,1
9157,Medium,0.6,0.42,3,0.61,0.52,0.77,1,0.429,P2,Team_A,Medium,3
9158,High,0.9,0.78,4,0.75,0.9,0.71,2,0.656,P1,Team_B,High,4
9159,Medium,0.6,0.56,3,0.71,0.88,0.96,5,0.51,P2,Team_B,Medium,3
9160,Medium,0.6,0.59,1,0.81,0.8,0.7,3,0.479,P2,Team_B,Medium,2
9161,Low,0.3,0.19,2,0.68,0.81,0.98,4,0.269,P3,Team_C,Low,1
9162,Low,0.3,0.44,2,0.81,0.54,0.7,2,0.326,P3,Team_B,Low,1
9163,High,0.9,0.73,1,0.78,0.93,0.8,3,0.755,P1,Team_B,High,5
9164,Medium,0.6,0.11,1,0.74,0.53,0.34,2,0.526,P2,Team_C,Medium,3
9165,Low,0.3,0.51,4,0.58,0.8,0.49,2,0.248,P3,Team_C,Low,1
9166,Medium,0.6,0.32,2,0.82,0.79,0.8,4,0.451,P2,Team_B,Medium,3
9167,Medium,0.6,0.21,2,0.69,0.95,0.65,2,0.406,P3,Team_B,Low,1
9168,High,0.9,0.22,3,0.55,0.9,0.74,1,0.569,P2,Team_B,Medium,2
9169,High,0.9,0.48,3,0.88,0.38,0.57,3,0.728,P1,Team_A,High,6
9170,Low,0.3,0.69,1,0.87,0.68,0.34,4,0.488,P2,Team_B,Medium,2
9171,Low,0.3,0.03,4,0.78,0.77,0.72,2,0.232,P3,Team_C,Low,1
9172,Medium,0.6,0.35,4,0.47,0.73,0.75,2,0.433,P2,Team_A,Medium,3
9173,Low,0.3,0.27,2,0.44,0.72,0.48,5,0.291,P3,Team_C,Low,1
9174,Low,0.3,0.44,4,0.63,0.43,0.73,3,0.348,P3,Team_B,Low,1
9175,Medium,0.6,0.46,4,0.77,0.57,0.6,4,0.505,P2,Team_C,Medium,3
9176,High,0.9,0.66,3,0.67,0.63,0.43,0,0.714,P1,Team_C,High,6
9177,Medium,0.6,0.84,1,0.49,0.5,0.8,2,0.561,P2,Team_C,Medium,2
9178,High,0.9,0.85,3,0.9,0.82,0.69,3,0.738,P1,Team_A,High,5
9179,Medium,0.6,0.19,4,0.82,0.75,0.91,5,0.397,P3,Team_B,Low,1
9180,High,0.9,0.47,3,0.8,0.55,0.34,1,0.687,P1,Team_A,High,4
9181,Medium,0.6,0.71,3,0.59,0.69,0.48,2,0.513,P2,Team_C,Medium,2
9182,Medium,0.6,0.9,1,0.79,0.75,0.35,4,0.71,P1,Team_B,High,5
9183,Low,0.3,0.33,2,0.73,0.52,0.47,3,0.379,P3,Team_C,Low,1
9184,Low,0.3,0.38,4,0.92,0.87,0.98,0,0.251,P3,Team_B,Low,1
9185,Medium,0.6,0.31,2,0.78,0.67,0.8,4,0.499,P2,Team_A,Medium,2
9186,Low,0.3,0.27,2,0.86,0.86,0.77,2,0.248,P3,Team_C,Low,1
9187,Low,0.3,0.44,4,0.87,0.66,0.93,2,0.308,P3,Team_B,Low,1
9188,Medium,0.6,0.22,3,0.82,0.22,0.74,2,0.405,P3,Team_A,Low,1
9189,Low,0.3,0.43,2,0.73,0.85,0.87,4,0.332,P3,Team_B,Low,1
9190,Medium,0.6,0.59,3,0.67,0.26,1.0,0,0.615,P2,Team_C,Medium,3
9191,High,0.9,0.72,2,0.94,0.67,0.46,3,0.806,P1,Team_A,High,4
9192,Medium,0.6,0.67,4,0.75,0.56,0.68,1,0.55,P2,Team_C,Medium,2
9193,High,0.9,0.68,1,0.65,0.76,0.43,3,0.815,P1,Team_B,High,5
9194,Low,0.3,0.51,4,0.94,0.6,0.89,2,0.401,P3,Team_B,Low,1
9195,Low,0.3,0.32,1,0.81,0.54,0.39,0,0.32,P3,Team_C,Low,1
9196,High,0.9,0.21,3,0.47,0.79,0.93,0,0.586,P2,Team_B,Medium,3
9197,Medium,0.6,0.56,3,0.76,0.82,0.66,2,0.493,P2,Team_B,Medium,3
9198,Medium,0.6,0.57,4,0.84,0.7,0.92,2,0.427,P2,Team_A,Medium,2
9199,Low,0.3,0.36,4,0.85,0.56,0.57,3,0.282,P3,Team_B,Low,1
9200,Medium,0.6,0.71,2,0.62,0.68,0.97,2,0.485,P2,Team_A,Medium,2
9201,High,0.9,0.58,2,0.78,0.64,0.33,5,0.663,P1,Team_C,High,6
9202,High,0.9,0.2,3,0.74,0.88,0.62,0,0.508,P2,Team_B,Medium,2
9203,Medium,0.6,0.15,4,0.56,0.78,0.34,1,0.499,P2,Team_B,Medium,3
9204,Medium,0.6,0.63,4,0.63,0.6,0.85,3,0.534,P2,Team_C,Medium,2
9205,High,0.9,0.32,3,0.85,0.83,0.59,4,0.636,P2,Team_A,Medium,2
9206,High,0.9,0.65,4,0.82,0.57,0.9,2,0.681,P1,Team_A,High,6
9207,Medium,0.6,0.51,1,0.78,0.67,0.87,6,0.542,P2,Team_A,Medium,3
9208,Low,0.3,0.62,4,0.85,0.8,0.96,4,0.353,P3,Team_B,Low,1
9209,Medium,0.6,0.54,2,0.85,0.75,0.93,1,0.501,P2,Team_B,Medium,3
9210,Medium,0.6,0.44,4,0.56,0.62,0.41,2,0.449,P2,Team_C,Medium,2
9211,Medium,0.6,0.31,1,0.65,0.71,0.63,5,0.517,P2,Team_A,Medium,2
9212,High,0.9,0.72,4,0.86,0.8,0.75,6,0.724,P1,Team_A,High,4
9213,High,0.9,0.8,2,0.67,0.78,0.75,5,0.741,P1,Team_B,High,4
9214,High,0.9,0.54,4,0.76,0.81,0.61,2,0.721,P1,Team_B,High,4
9215,Low,0.3,0.85,1,0.79,0.64,0.78,1,0.403,P3,Team_C,Low,1
9216,High,0.9,0.65,3,0.4,0.71,0.65,3,0.691,P1,Team_B,High,6
9217,Medium,0.6,0.31,1,0.58,0.68,0.59,3,0.49,P2,Team_C,Medium,3
9218,High,0.9,0.75,4,0.78,0.64,0.39,4,0.773,P1,Team_C,High,5
9219,Low,0.3,0.93,3,0.78,0.86,0.68,0,0.448,P2,Team_B,Medium,2
9220,High,0.9,0.31,1,0.7,0.78,0.9,4,0.662,P1,Team_B,High,5
9221,Medium,0.6,0.41,2,0.94,0.69,0.91,4,0.461,P2,Team_A,Medium,2
9222,Medium,0.6,0.47,1,0.85,0.48,0.51,2,0.538,P2,Team_A,Medium,3
9223,Medium,0.6,0.72,2,0.67,0.9,0.93,2,0.447,P2,Team_B,Medium,3
9224,Low,0.3,0.2,2,0.82,0.7,0.37,7,0.353,P3,Team_B,Low,1
9225,Low,0.3,0.66,2,0.64,0.6,0.94,6,0.26,P3,Team_C,Low,1
9226,Medium,0.6,0.58,3,0.68,0.54,0.6,3,0.475,P2,Team_A,Medium,3
9227,Low,0.3,0.16,3,0.89,0.48,0.55,4,0.282,P3,Team_C,Low,1
9228,Medium,0.6,0.39,2,0.42,0.81,0.95,4,0.474,P2,Team_B,Medium,2
9229,Medium,0.6,0.18,2,0.86,0.9,0.53,2,0.477,P2,Team_B,Medium,3
9230,High,0.9,0.51,1,0.9,0.76,0.78,2,0.566,P2,Team_A,Medium,3
9231,Low,0.3,0.86,3,0.44,0.73,0.91,2,0.388,P3,Team_C,Low,1
9232,Low,0.3,0.64,1,0.74,0.47,0.41,3,0.404,P3,Team_C,Low,1
9233,High,0.9,0.68,2,0.49,0.26,0.83,2,0.748,P1,Team_C,High,4
9234,High,0.9,0.5,2,0.75,0.64,0.7,1,0.636,P2,Team_C,Medium,2
9235,Medium,0.6,0.5,3,0.95,0.81,0.91,5,0.461,P2,Team_B,Medium,2
9236,High,0.9,0.46,4,0.52,0.42,0.87,5,0.72,P1,Team_C,High,4
9237,Medium,0.6,0.23,3,0.75,0.68,0.9,2,0.469,P2,Team_C,Medium,3
9238,Low,0.3,0.25,2,0.71,0.44,0.35,1,0.36,P3,Team_C,Low,1
9239,Medium,0.6,0.66,1,0.64,0.49,0.7,1,0.524,P2,Team_C,Medium,2
9240,High,0.9,0.18,1,0.7,0.82,0.94,6,0.552,P2,Team_B,Medium,3
9241,Medium,0.6,0.76,2,0.61,0.67,0.65,2,0.572,P2,Team_A,Medium,2
9242,Medium,0.6,0.62,2,0.65,0.79,0.82,3,0.443,P2,Team_B,Medium,2
9243,Medium,0.6,0.42,2,0.93,0.69,0.89,2,0.497,P2,Team_C,Medium,2
9244,High,0.9,0.75,3,0.82,0.84,0.77,6,0.713,P1,Team_A,High,6
9245,High,0.9,0.34,2,0.85,0.89,0.51,4,0.682,P1,Team_A,High,5
9246,Medium,0.6,0.3,4,0.67,0.81,0.85,2,0.429,P2,Team_B,Medium,3
9247,High,0.9,0.86,2,0.8,0.74,0.99,1,0.676,P1,Team_A,High,5
9248,Low,0.3,0.6,3,0.95,0.58,0.96,1,0.393,P3,Team_B,Low,1
9249,Medium,0.6,0.8,3,0.9,0.71,0.34,3,0.609,P2,Team_A,Medium,3
9250,Medium,0.6,0.4,3,0.55,0.72,0.34,2,0.521,P2,Team_C,Medium,3
9251,Medium,0.6,0.85,4,0.59,0.79,0.47,3,0.58,P2,Team_B,Medium,3
9252,High,0.9,0.76,1,0.3,0.56,0.76,1,0.741,P1,Team_C,High,4
9253,High,0.9,0.56,2,0.47,0.73,0.62,1,0.646,P2,Team_B,Medium,3
9254,High,0.9,0.55,1,0.58,0.67,0.64,3,0.692,P1,Team_C,High,5
9255,Medium,0.6,0.74,4,0.91,0.82,0.74,6,0.529,P2,Team_B,Medium,2
9256,Low,0.3,0.68,4,0.62,0.75,0.59,6,0.301,P3,Team_C,Low,1
9257,Medium,0.6,0.48,3,0.74,0.52,0.9,5,0.517,P2,Team_C,Medium,2
9258,Low,0.3,0.5,2,0.4,0.78,0.55,6,0.321,P3,Team_C,Low,1
9259,Low,0.3,0.45,4,0.63,0.98,0.44,2,0.24,P3,Team_B,Low,1
9260,Medium,0.6,0.6,3,0.91,0.9,0.48,2,0.579,P2,Team_B,Medium,2
9261,High,0.9,0.65,3,0.54,0.43,0.89,3,0.757,P1,Team_C,High,6
9262,Low,0.3,0.65,3,0.62,0.7,0.39,1,0.385,P3,Team_C,Low,1
9263,Medium,0.6,0.39,1,0.57,0.75,0.95,3,0.434,P2,Team_B,Medium,2
9264,High,0.9,0.31,3,0.93,0.39,0.78,4,0.594,P2,Team_A,Medium,2
9265,Low,0.3,0.24,3,0.59,0.58,0.91,7,0.321,P3,Team_B,Low,1
9266,Medium,0.6,0.67,3,0.37,0.54,0.91,4,0.588,P2,Team_A,Medium,3
9267,Low,0.3,0.43,1,0.66,0.72,0.37,2,0.374,P3,Team_B,Low,1
9268,Medium,0.6,0.62,3,0.7,0.46,0.64,6,0.488,P2,Team_C,Medium,3
9269,High,0.9,0.46,4,0.74,0.84,0.4,3,0.578,P2,Team_B,Medium,2
9270,Medium,0.6,0.54,4,0.97,0.81,0.95,1,0.384,P3,Team_B,Low,1
9271,Low,0.3,0.52,2,0.21,0.68,0.73,3,0.433,P2,Team_C,Medium,3
9272,Low,0.3,0.52,2,0.86,0.74,0.62,1,0.318,P3,Team_B,Low,1
9273,High,0.9,0.48,2,0.75,0.63,0.51,2,0.719,P1,Team_C,High,4
9274,Medium,0.6,0.73,4,0.55,0.72,0.55,3,0.633,P2,Team_C,Medium,3
9275,Low,0.3,0.45,1,0.7,0.66,0.34,2,0.36,P3,Team_B,Low,1
9276,Low,0.3,0.36,1,0.79,0.57,0.55,2,0.315,P3,Team_C,Low,1
9277,Low,0.3,0.64,2,0.72,0.69,0.71,4,0.391,P3,Team_C,Low,1
9278,Low,0.3,0.7,2,0.72,0.51,0.31,1,0.46,P2,Team_C,Medium,3
9279,Low,0.3,0.36,3,0.92,0.53,0.54,3,0.281,P3,Team_C,Low,1
9280,Medium,0.6,0.51,4,0.87,0.49,0.34,4,0.56,P2,Team_C,Medium,3
9281,High,0.9,0.41,3,0.91,0.53,0.54,4,0.712,P1,Team_A,High,5
9282,Medium,0.6,0.32,4,0.84,0.38,0.75,5,0.496,P2,Team_C,Medium,2
9283,Low,0.3,0.26,2,0.41,0.88,0.36,3,0.343,P3,Team_B,Low,1
9284,High,0.9,0.38,3,0.88,0.93,0.89,0,0.659,P1,Team_A,High,4
9285,Low,0.3,0.76,3,0.95,0.49,0.93,6,0.436,P2,Team_B,Medium,2
9286,Medium,0.6,0.33,2,0.78,0.83,0.82,2,0.437,P2,Team_B,Medium,2
9287,High,0.9,0.93,4,0.85,0.42,0.5,1,0.83,P1,Team_A,High,6
9288,High,0.9,0.55,2,0.45,0.83,0.85,1,0.601,P2,Team_B,Medium,2
9289,Medium,0.6,0.15,2,0.86,0.78,0.64,0,0.351,P3,Team_B,Low,1
9290,High,0.9,0.38,3,0.55,0.82,0.49,1,0.632,P2,Team_B,Medium,2
9291,Medium,0.6,0.65,2,0.74,0.74,0.88,2,0.535,P2,Team_C,Medium,2
9292,Low,0.3,0.42,3,0.71,0.63,0.71,5,0.303,P3,Team_B,Low,1
9293,Medium,0.6,0.47,2,0.59,0.69,0.58,2,0.585,P2,Team_C,Medium,2
9294,Medium,0.6,0.82,1,0.72,0.71,0.68,4,0.585,P2,Team_A,Medium,2
9295,Medium,0.6,0.47,2,0.45,0.7,0.45,1,0.465,P2,Team_C,Medium,3
9296,Low,0.3,0.25,2,0.99,0.7,0.34,2,0.29,P3,Team_C,Low,1
9297,High,0.9,0.44,4,0.42,0.9,0.42,3,0.726,P1,Team_B,High,5
9298,Medium,0.6,0.17,1,0.74,0.58,0.7,3,0.437,P2,Team_C,Medium,3
9299,High,0.9,0.42,2,0.76,0.53,0.82,5,0.658,P1,Team_C,High,4
9300,Medium,0.6,0.44,4,0.78,0.26,0.31,0,0.617,P2,Team_A,Medium,2
9301,Medium,0.6,0.84,1,0.74,0.65,0.71,1,0.565,P2,Team_A,Medium,3
9302,Medium,0.6,0.39,2,0.67,0.68,0.91,3,0.423,P2,Team_A,Medium,2
9303,Medium,0.6,0.28,1,0.89,0.71,0.36,6,0.473,P2,Team_C,Medium,2
9304,High,0.9,0.37,1,0.64,0.77,0.74,0,0.662,P1,Team_B,High,4
9305,Low,0.3,0.5,1,0.41,0.44,0.69,2,0.31,P3,Team_C,Low,1
9306,Medium,0.6,0.73,2,0.72,0.89,0.44,3,0.549,P2,Team_B,Medium,2
9307,Low,0.3,0.47,2,0.8,0.16,0.35,6,0.402,P3,Team_C,Low,1
9308,Low,0.3,0.43,1,0.73,0.76,0.48,4,0.249,P3,Team_C,Low,1
9309,High,0.9,0.24,2,0.62,0.9,0.54,3,0.726,P1,Team_B,High,5
9310,Medium,0.6,0.4,2,0.94,0.56,0.97,3,0.502,P2,Team_A,Medium,3
9311,Low,0.3,0.32,4,0.84,0.81,0.37,2,0.388,P3,Team_C,Low,1
9312,Medium,0.6,0.39,1,0.66,0.56,0.85,4,0.506,P2,Team_C,Medium,2
9313,Medium,0.6,0.39,2,0.82,0.57,0.33,1,0.598,P2,Team_C,Medium,2
9314,Medium,0.6,0.56,4,0.77,0.87,0.5,3,0.501,P2,Team_B,Medium,3
9315,Medium,0.6,0.52,1,0.72,0.43,0.77,5,0.566,P2,Team_C,Medium,2
9316,Low,0.3,0.37,3,0.89,0.51,0.92,2,0.317,P3,Team_B,Low,1
9317,High,0.9,0.69,4,0.59,0.78,0.89,7,0.611,P2,Team_B,Medium,2
9318,Medium,0.6,0.14,4,0.55,0.7,0.96,2,0.406,P3,Team_C,Low,1
9319,Medium,0.6,0.34,3,0.71,0.64,0.86,4,0.552,P2,Team_C,Medium,3
9320,Low,0.3,0.37,4,0.63,0.95,0.37,4,0.349,P3,Team_C,Low,1
9321,Medium,0.6,0.06,2,0.6,0.73,0.63,1,0.436,P2,Team_A,Medium,3
9322,Low,0.3,0.57,4,0.73,0.55,0.82,4,0.289,P3,Team_C,Low,1
9323,Low,0.3,0.29,1,0.47,0.65,0.54,2,0.344,P3,Team_C,Low,1
9324,Low,0.3,0.82,1,0.64,0.61,0.36,2,0.516,P2,Team_C,Medium,3
9325,High,0.9,0.94,2,0.78,0.59,0.31,4,0.711,P1,Team_C,High,5
9326,Low,0.3,0.2,1,0.64,0.87,0.84,2,0.147,P3,Team_B,Low,1
9327,High,0.9,0.66,3,0.59,0.76,0.6,0,0.722,P1,Team_B,High,4
9328,High,0.9,0.78,2,0.51,0.48,0.85,5,0.761,P1,Team_C,High,6
9329,High,0.9,0.47,4,0.86,0.86,0.93,5,0.668,P1,Team_A,High,5
9330,Low,0.3,0.76,3,0.23,0.62,0.68,6,0.418,P3,Team_C,Low,1
9331,Medium,0.6,0.75,2,0.53,0.58,0.41,1,0.604,P2,Team_C,Medium,3
9332,Low,0.3,0.2,1,0.89,0.83,0.71,5,0.237,P3,Team_B,Low,1
9333,Low,0.3,0.59,4,0.91,0.64,0.63,3,0.302,P3,Team_B,Low,1
9334,Low,0.3,0.38,1,0.49,0.45,0.92,4,0.264,P3,Team_C,Low,1
9335,Medium,0.6,0.72,2,0.93,0.77,0.51,2,0.559,P2,Team_B,Medium,2
9336,Low,0.3,0.49,4,0.61,0.6,0.74,5,0.498,P2,Team_B,Medium,2
9337,High,0.9,0.43,2,0.95,0.51,0.44,8,0.684,P1,Team_A,High,5
9338,Medium,0.6,0.47,4,0.6,0.86,0.98,1,0.453,P2,Team_B,Medium,2
9339,Medium,0.6,0.25,3,0.87,0.74,0.88,4,0.36,P3,Team_A,Low,1
9340,High,0.9,0.7,1,0.56,0.78,0.4,6,0.738,P1,Team_B,High,4
9341,Low,0.3,0.9,1,0.62,0.72,0.47,3,0.478,P2,Team_B,Medium,2
9342,High,0.9,0.04,1,0.45,0.55,0.31,3,0.647,P2,Team_C,Medium,2
9343,High,0.9,0.85,2,0.49,0.94,0.77,6,0.854,P1,Team_B,High,6
9344,Medium,0.6,0.42,1,0.71,0.84,0.61,3,0.474,P2,Team_B,Medium,2
9345,Low,0.3,0.72,1,0.65,0.64,0.72,2,0.44,P2,Team_B,Medium,3
9346,Low,0.3,0.61,4,0.74,0.84,0.93,5,0.362,P3,Team_C,Low,1
9347,Low,0.3,0.2,3,0.83,0.67,0.97,4,0.319,P3,Team_C,Low,1
9348,Medium,0.6,0.62,3,0.72,0.87,0.51,0,0.47,P2,Team_B,Medium,2
9349,High,0.9,0.57,1,0.93,0.85,0.45,9,0.693,P1,Team_A,High,6
9350,Low,0.3,0.63,2,0.88,0.51,0.68,3,0.384,P3,Team_C,Low,1
9351,Low,0.3,0.68,1,0.63,0.61,0.87,2,0.214,P3,Team_C,Low,1
9352,Medium,0.6,0.95,2,0.69,0.49,0.93,2,0.579,P2,Team_A,Medium,3
9353,Low,0.3,0.33,3,0.9,0.96,1.0,3,0.323,P3,Team_C,Low,1
9354,Low,0.3,0.81,3,0.8,0.89,0.42,2,0.447,P2,Team_B,Medium,3
9355,High,0.9,0.44,4,0.71,0.88,0.96,3,0.638,P2,Team_B,Medium,3
9356,Medium,0.6,0.25,1,0.86,0.73,0.76,6,0.449,P2,Team_A,Medium,3
9357,High,0.9,0.51,3,0.82,0.69,0.84,4,0.652,P1,Team_A,High,5
9358,Medium,0.6,0.59,1,0.7,0.92,0.68,4,0.564,P2,Team_B,Medium,3
9359,High,0.9,0.83,2,0.54,0.38,0.44,2,0.815,P1,Team_C,High,5
9360,Medium,0.6,0.42,3,0.45,0.8,0.66,3,0.453,P2,Team_B,Medium,2
9361,Low,0.3,0.78,4,0.46,0.39,0.61,7,0.415,P3,Team_B,Low,1
9362,High,0.9,0.41,3,0.68,0.57,0.77,3,0.68,P1,Team_C,High,4
9363,Low,0.3,0.68,1,0.72,0.83,0.32,3,0.398,P3,Team_C,Low,1
9364,Low,0.3,0.37,1,0.66,0.74,0.47,5,0.357,P3,Team_C,Low,1
9365,Medium,0.6,0.58,2,0.79,0.57,1.0,0,0.515,P2,Team_A,Medium,3
9366,High,0.9,0.77,1,0.81,0.56,0.75,3,0.636,P2,Team_A,Medium,3
9367,High,0.9,0.82,1,0.67,0.79,0.31,2,0.681,P1,Team_B,High,4
9368,High,0.9,0.59,2,0.53,0.6,0.44,0,0.604,P2,Team_C,Medium,3
9369,Low,0.3,0.53,2,0.93,0.76,0.85,2,0.372,P3,Team_B,Low,1
9370,Low,0.3,0.61,2,0.79,0.83,0.69,2,0.323,P3,Team_C,Low,1
9371,Medium,0.6,0.82,3,0.89,0.81,0.51,3,0.566,P2,Team_B,Medium,3
9372,Medium,0.6,0.93,1,0.93,0.61,0.85,1,0.496,P2,Team_C,Medium,2
9373,High,0.9,0.22,2,0.59,0.49,0.76,3,0.605,P2,Team_C,Medium,3
9374,High,0.9,0.37,1,0.69,0.88,0.38,3,0.66,P1,Team_B,High,5
9375,Medium,0.6,0.17,2,0.47,0.9,0.5,3,0.485,P2,Team_B,Medium,3
9376,Low,0.3,0.5,4,0.82,0.36,0.91,3,0.341,P3,Team_B,Low,1
9377,High,0.9,0.52,2,0.59,0.84,0.58,3,0.63,P2,Team_B,Medium,2
9378,Low,0.3,0.31,1,0.81,0.66,0.5,5,0.384,P3,Team_B,Low,1
9379,Medium,0.6,0.65,1,0.59,0.64,0.84,4,0.493,P2,Team_C,Medium,3
9380,Low,0.3,0.32,4,0.85,0.81,0.56,4,0.353,P3,Team_B,Low,1
9381,Low,0.3,0.25,2,0.7,0.55,0.46,5,0.304,P3,Team_B,Low,1
9382,Low,0.3,0.15,3,0.76,0.65,0.49,2,0.287,P3,Team_C,Low,1
9383,High,0.9,0.27,2,0.5,0.35,0.73,4,0.6,P2,Team_C,Medium,2
9384,Low,0.3,0.19,3,0.34,0.61,0.79,3,0.299,P3,Team_C,Low,1
9385,Low,0.3,0.66,2,0.61,0.74,0.84,4,0.331,P3,Team_B,Low,1
9386,Low,0.3,0.58,1,0.68,0.87,0.69,4,0.333,P3,Team_C,Low,1
9387,Medium,0.6,0.33,4,0.47,0.47,0.5,3,0.527,P2,Team_C,Medium,2
9388,High,0.9,0.36,1,0.89,0.79,0.86,3,0.604,P2,Team_A,Medium,3
9389,Low,0.3,0.47,1,0.6,0.74,0.81,3,0.323,P3,Team_C,Low,1
9390,High,0.9,0.2,2,0.84,0.54,0.53,3,0.637,P2,Team_A,Medium,3
9391,High,0.9,0.47,2,0.75,0.56,0.98,3,0.567,P2,Team_C,Medium,2
9392,Medium,0.6,0.11,3,0.68,0.91,0.95,2,0.407,P3,Team_B,Low,1
9393,Low,0.3,0.81,4,0.68,0.5,0.58,2,0.382,P3,Team_C,Low,1
9394,Medium,0.6,0.32,2,0.8,0.44,0.42,3,0.565,P2,Team_A,Medium,2
9395,Medium,0.6,0.34,4,0.92,0.64,0.97,1,0.564,P2,Team_C,Medium,3
9396,Low,0.3,0.19,2,0.37,0.51,0.48,4,0.271,P3,Team_B,Low,1
9397,Low,0.3,0.26,3,0.87,0.8,0.79,4,0.323,P3,Team_C,Low,1
9398,Medium,0.6,0.43,2,0.95,0.88,0.93,2,0.443,P2,Team_B,Medium,3
9399,Medium,0.6,0.23,4,0.72,0.74,0.82,2,0.4,P3,Team_C,Low,1
9400,High,0.9,0.24,3,0.91,0.8,0.37,0,0.74,P1,Team_A,High,5
9401,High,0.9,0.25,2,0.77,0.73,0.94,3,0.698,P1,Team_B,High,4
9402,Medium,0.6,0.5,4,0.74,0.51,0.43,2,0.583,P2,Team_A,Medium,2
9403,High,0.9,0.38,3,0.74,0.51,0.87,4,0.665,P1,Team_C,High,6
9404,Low,0.3,0.24,4,0.77,0.65,0.58,3,0.293,P3,Team_B,Low,1
9405,Medium,0.6,0.17,2,0.82,0.78,0.41,7,0.551,P2,Team_B,Medium,3
9406,High,0.9,0.79,1,0.35,0.89,0.85,3,0.683,P1,Team_B,High,5
9407,Medium,0.6,0.49,1,0.7,0.76,0.37,4,0.439,P2,Team_B,Medium,3
9408,High,0.9,0.42,2,0.88,0.74,0.74,2,0.664,P1,Team_A,High,4
9409,Medium,0.6,0.63,3,0.75,0.36,0.48,5,0.623,P2,Team_A,Medium,2
9410,High,0.9,0.46,3,0.44,0.89,0.8,5,0.69,P1,Team_B,High,5
9411,High,0.9,0.67,1,0.66,0.93,0.84,3,0.648,P2,Team_B,Medium,3
9412,Medium,0.6,0.58,3,0.54,0.54,0.72,4,0.488,P2,Team_A,Medium,3
9413,High,0.9,0.14,1,0.64,0.63,0.47,5,0.648,P2,Team_C,Medium,3
9414,Low,0.3,0.72,3,0.83,0.71,0.35,3,0.423,P2,Team_B,Medium,2
9415,Medium,0.6,0.43,2,0.89,0.56,0.92,4,0.495,P2,Team_C,Medium,2
9416,Low,0.3,0.22,2,0.73,0.92,0.75,4,0.24,P3,Team_C,Low,1
9417,Low,0.3,0.09,3,0.88,0.7,0.37,2,0.267,P3,Team_B,Low,1
9418,Low,0.3,0.51,1,0.69,0.43,0.85,4,0.464,P2,Team_C,Medium,3
9419,High,0.9,0.55,1,0.66,0.58,0.65,4,0.733,P1,Team_C,High,5
9420,Low,0.3,0.87,3,0.94,0.9,0.99,3,0.32,P3,Team_C,Low,1
9421,Medium,0.6,0.22,1,0.65,0.75,0.47,2,0.462,P2,Team_B,Medium,3
9422,Medium,0.6,0.58,4,0.85,0.4,0.38,5,0.624,P2,Team_A,Medium,3
9423,Medium,0.6,0.45,4,0.71,0.96,0.39,4,0.422,P2,Team_B,Medium,3
9424,Low,0.3,0.29,3,0.42,0.77,0.68,3,0.305,P3,Team_B,Low,1
9425,Medium,0.6,0.93,3,0.65,0.74,0.53,4,0.596,P2,Team_A,Medium,3
9426,Low,0.3,0.49,4,0.66,0.68,0.8,3,0.316,P3,Team_B,Low,1
9427,High,0.9,0.13,3,0.9,0.31,0.51,0,0.586,P2,Team_A,Medium,2
9428,Low,0.3,0.76,1,0.64,0.83,0.32,3,0.464,P2,Team_B,Medium,2
9429,Low,0.3,0.08,2,0.94,0.47,0.85,3,0.303,P3,Team_B,Low,1
9430,Low,0.3,0.6,1,0.86,0.35,0.8,3,0.363,P3,Team_C,Low,1
9431,Low,0.3,0.07,2,0.71,0.62,0.47,6,0.281,P3,Team_C,Low,1
9432,Low,0.3,0.96,4,0.75,0.67,0.99,1,0.37,P3,Team_B,Low,1
9433,Low,0.3,0.09,2,0.6,0.94,0.33,2,0.262,P3,Team_B,Low,1
9434,Medium,0.6,0.34,1,0.68,0.38,0.73,1,0.467,P2,Team_A,Medium,3
9435,Low,0.3,0.57,3,0.87,0.79,0.8,2,0.355,P3,Team_C,Low,1
9436,Low,0.3,0.31,4,0.68,0.71,0.63,4,0.312,P3,Team_C,Low,1
9437,Medium,0.6,0.53,2,0.66,0.96,0.34,2,0.563,P2,Team_B,Medium,2
9438,Medium,0.6,0.71,4,0.82,0.71,0.35,4,0.613,P2,Team_A,Medium,3
9439,High,0.9,0.31,2,0.9,0.75,0.81,9,0.564,P2,Team_A,Medium,2
9440,High,0.9,0.83,3,0.75,0.53,0.42,6,0.809,P1,Team_C,High,5
9441,High,0.9,0.33,1,0.32,0.56,0.99,3,0.644,P2,Team_C,Medium,3
9442,Medium,0.6,0.34,2,0.83,0.22,0.7,3,0.561,P2,Team_C,Medium,2
9443,Low,0.3,0.87,3,0.54,0.78,0.3,2,0.457,P2,Team_C,Medium,3
9444,Medium,0.6,0.38,4,0.85,0.51,0.77,3,0.479,P2,Team_A,Medium,3
9445,Medium,0.6,0.59,3,0.86,0.77,0.3,2,0.531,P2,Team_B,Medium,3
9446,Low,0.3,0.43,2,0.57,0.71,0.54,2,0.303,P3,Team_B,Low,1
9447,Medium,0.6,0.62,1,0.78,0.87,0.52,1,0.517,P2,Team_B,Medium,3
9448,Medium,0.6,0.61,3,0.59,0.86,0.98,3,0.404,P3,Team_B,Low,1
9449,Medium,0.6,0.12,4,0.57,0.83,0.75,5,0.414,P3,Team_B,Low,1
9450,Medium,0.6,0.52,3,0.4,0.44,0.38,3,0.563,P2,Team_A,Medium,3
9451,Low,0.3,0.16,3,0.68,0.75,0.41,5,0.326,P3,Team_C,Low,1
9452,High,0.9,0.07,2,0.53,0.44,0.84,4,0.693,P1,Team_C,High,6
9453,Low,0.3,0.7,1,0.93,0.84,0.7,4,0.344,P3,Team_C,Low,1
9454,High,0.9,0.78,2,0.6,0.63,0.39,2,0.737,P1,Team_C,High,6
9455,Low,0.3,0.89,1,0.91,0.77,0.83,5,0.537,P2,Team_C,Medium,3
9456,Low,0.3,0.12,4,0.81,0.76,0.72,4,0.238,P3,Team_C,Low,1
9457,Medium,0.6,0.75,2,0.52,0.87,0.46,3,0.61,P2,Team_B,Medium,2
9458,Medium,0.6,0.25,3,0.6,0.89,0.45,3,0.347,P3,Team_B,Low,1
9459,High,0.9,0.1,1,0.72,0.87,0.91,3,0.646,P2,Team_B,Medium,2
9460,Medium,0.6,0.83,2,0.57,0.38,0.36,3,0.638,P2,Team_A,Medium,2
9461,Medium,0.6,0.68,2,0.6,0.48,0.43,3,0.576,P2,Team_C,Medium,2
9462,High,0.9,0.44,4,0.5,0.94,0.76,2,0.659,P1,Team_B,High,6
9463,High,0.9,0.57,3,0.44,0.79,0.94,1,0.71,P1,Team_B,High,4
9464,High,0.9,0.78,2,0.78,0.9,0.36,1,0.775,P1,Team_B,High,4
9465,Low,0.3,0.42,2,0.54,0.22,0.95,1,0.42,P3,Team_B,Low,1
9466,High,0.9,0.72,2,0.91,0.29,0.91,2,0.686,P1,Team_A,High,6
9467,Low,0.3,0.11,2,0.57,0.56,0.35,4,0.329,P3,Team_B,Low,1
9468,Low,0.3,0.94,4,0.84,0.88,0.66,2,0.493,P2,Team_C,Medium,2
9469,Medium,0.6,0.83,2,0.94,0.95,0.34,1,0.702,P1,Team_B,High,5
9470,Low,0.3,0.34,2,0.93,0.76,0.37,3,0.413,P3,Team_B,Low,1
9471,High,0.9,0.29,3,0.98,0.85,0.89,5,0.632,P2,Team_A,Medium,2
9472,High,0.9,0.69,3,0.77,0.93,0.79,2,0.62,P2,Team_B,Medium,3
9473,Medium,0.6,0.52,1,0.92,0.98,0.62,1,0.407,P3,Team_B,Low,1
9474,Low,0.3,0.3,3,0.61,0.67,0.82,3,0.299,P3,Team_C,Low,1
9475,High,0.9,0.64,2,0.77,0.84,0.91,3,0.654,P1,Team_B,High,6
9476,Low,0.3,0.76,3,0.64,0.83,0.43,2,0.495,P2,Team_C,Medium,3
9477,High,0.9,0.89,1,0.84,0.85,0.49,5,0.7,P1,Team_A,High,6
9478,Low,0.3,0.94,3,0.85,0.58,0.37,2,0.565,P2,Team_B,Medium,3
9479,Medium,0.6,0.5,4,0.83,0.9,0.7,2,0.475,P2,Team_B,Medium,3
9480,Low,0.3,0.58,3,0.77,0.27,0.68,2,0.411,P3,Team_C,Low,1
9481,Medium,0.6,0.76,1,0.84,0.4,0.76,3,0.568,P2,Team_C,Medium,2
9482,Medium,0.6,0.41,2,0.68,0.28,0.84,5,0.497,P2,Team_A,Medium,2
9483,Low,0.3,0.21,3,0.62,0.85,0.96,4,0.266,P3,Team_C,Low,1
9484,Low,0.3,0.61,1,0.98,0.61,0.59,4,0.346,P3,Team_C,Low,1
9485,Medium,0.6,0.08,1,0.65,0.77,0.48,3,0.489,P2,Team_B,Medium,3
9486,Low,0.3,0.73,2,0.9,0.92,0.36,5,0.343,P3,Team_B,Low,1
9487,Medium,0.6,0.4,1,0.86,0.58,0.99,1,0.436,P2,Team_A,Medium,3
9488,Low,0.3,0.54,4,0.92,0.75,0.42,4,0.485,P2,Team_B,Medium,2
9489,Medium,0.6,0.21,2,0.52,0.53,0.37,4,0.528,P2,Team_C,Medium,3
9490,Low,0.3,0.54,1,0.59,0.52,0.7,2,0.486,P2,Team_B,Medium,2
9491,High,0.9,0.32,3,0.56,0.41,0.36,2,0.72,P1,Team_C,High,5
9492,High,0.9,0.84,2,0.7,0.65,0.42,1,0.81,P1,Team_C,High,5
9493,High,0.9,0.67,1,0.8,0.69,0.65,3,0.722,P1,Team_A,High,5
9494,Medium,0.6,0.65,2,0.74,0.79,0.56,1,0.553,P2,Team_B,Medium,3
9495,Low,0.3,0.75,3,0.65,0.92,0.47,2,0.394,P3,Team_C,Low,1
9496,Medium,0.6,0.42,2,0.55,0.52,0.71,3,0.577,P2,Team_C,Medium,2
9497,Medium,0.6,0.08,4,0.53,0.57,0.38,1,0.41,P3,Team_C,Low,1
9498,High,0.9,0.84,4,0.91,0.9,0.8,2,0.725,P1,Team_A,High,4
9499,High,0.9,0.62,2,0.76,0.45,0.83,4,0.655,P1,Team_C,High,5
9500,High,0.9,0.82,4,0.9,0.79,0.56,7,0.891,P1,Team_A,High,4
9501,High,0.9,0.67,3,0.46,0.45,0.77,3,0.787,P1,Team_C,High,5
9502,Medium,0.6,0.25,1,0.38,0.77,0.44,1,0.399,P3,Team_B,Low,1
9503,Medium,0.6,0.68,3,0.55,0.9,0.53,3,0.544,P2,Team_B,Medium,2
9504,High,0.9,0.67,2,0.9,0.38,0.5,1,0.692,P1,Team_A,High,5
9505,Low,0.3,0.37,1,0.98,0.81,0.3,0,0.346,P3,Team_B,Low,1
9506,Medium,0.6,0.69,3,0.7,0.37,0.88,2,0.526,P2,Team_C,Medium,2
9507,Medium,0.6,0.58,3,0.87,0.47,0.68,0,0.505,P2,Team_C,Medium,3
9508,Low,0.3,0.54,1,0.91,0.9,0.61,0,0.403,P3,Team_B,Low,1
9509,Low,0.3,0.83,2,0.62,0.74,0.9,7,0.445,P2,Team_B,Medium,3
9510,Medium,0.6,0.26,2,0.49,0.98,0.89,4,0.534,P2,Team_B,Medium,3
9511,High,0.9,0.08,3,0.68,0.78,0.79,6,0.615,P2,Team_B,Medium,2
9512,High,0.9,0.32,1,0.77,0.55,0.87,1,0.654,P1,Team_C,High,6
9513,High,0.9,0.92,3,0.66,0.54,0.8,2,0.72,P1,Team_C,High,5
9514,High,0.9,0.43,3,0.75,0.8,0.87,4,0.631,P2,Team_B,Medium,3
9515,Low,0.3,0.72,3,0.79,0.43,0.69,0,0.32,P3,Team_C,Low,1
9516,Low,0.3,0.64,1,0.9,0.79,0.85,3,0.348,P3,Team_C,Low,1
9517,Medium,0.6,0.53,2,0.83,0.52,0.33,2,0.582,P2,Team_A,Medium,2
9518,Medium,0.6,0.69,4,0.7,0.67,0.61,0,0.545,P2,Team_A,Medium,2
9519,Medium,0.6,0.67,2,0.86,0.71,0.56,1,0.507,P2,Team_C,Medium,2
9520,Medium,0.6,0.81,1,0.81,0.49,0.33,3,0.689,P1,Team_A,High,6
9521,Medium,0.6,0.4,2,0.4,0.99,0.62,3,0.565,P2,Team_B,Medium,2
9522,Low,0.3,0.71,4,0.91,0.28,0.89,8,0.458,P2,Team_C,Medium,2
9523,Low,0.3,0.55,3,0.87,0.55,0.57,2,0.411,P3,Team_B,Low,1
9524,High,0.9,0.61,1,0.54,0.5,0.79,1,0.661,P1,Team_C,High,5
9525,Medium,0.6,0.48,1,0.67,0.36,0.66,2,0.623,P2,Team_C,Medium,2
9526,Medium,0.6,0.72,1,0.56,0.7,0.32,3,0.556,P2,Team_A,Medium,3
9527,Medium,0.6,0.08,4,0.9,0.6,0.66,3,0.373,P3,Team_C,Low,1
9528,Low,0.3,0.15,3,0.57,0.73,0.84,4,0.254,P3,Team_B,Low,1
9529,High,0.9,0.35,4,0.95,0.55,0.5,1,0.692,P1,Team_A,High,5
9530,High,0.9,0.82,3,0.85,0.49,0.71,3,0.899,P1,Team_A,High,6
9531,Medium,0.6,0.66,3,0.87,0.6,0.39,0,0.562,P2,Team_C,Medium,3
9532,Low,0.3,0.27,1,0.49,0.95,0.66,4,0.288,P3,Team_C,Low,1
9533,Low,0.3,0.07,1,0.63,0.28,0.7,0,0.304,P3,Team_B,Low,1
9534,Medium,0.6,0.49,4,0.69,0.84,0.82,4,0.506,P2,Team_B,Medium,3
9535,Medium,0.6,0.9,2,0.57,0.68,0.82,3,0.498,P2,Team_C,Medium,3
9536,High,0.9,0.15,2,0.69,0.54,0.42,5,0.723,P1,Team_C,High,4
9537,High,0.9,0.43,2,0.7,0.55,0.81,2,0.676,P1,Team_C,High,5
9538,Low,0.3,0.55,4,0.48,0.81,0.85,0,0.302,P3,Team_C,Low,1
9539,High,0.9,0.43,2,0.46,0.74,0.39,2,0.647,P2,Team_B,Medium,2
9540,Low,0.3,0.4,1,0.87,0.62,0.76,2,0.339,P3,Team_B,Low,1
9541,High,0.9,0.83,2,0.67,0.77,0.37,2,0.76,P1,Team_B,High,5
9542,Low,0.3,0.58,3,0.62,0.26,0.82,4,0.297,P3,Team_C,Low,1
9543,Low,0.3,0.48,2,0.6,0.71,0.45,5,0.399,P3,Team_C,Low,1
9544,Low,0.3,0.42,2,0.93,0.45,0.5,2,0.407,P3,Team_B,Low,1
9545,Low,0.3,0.31,4,0.82,0.52,0.95,6,0.281,P3,Team_C,Low,1
9546,Low,0.3,0.08,3,0.78,0.68,0.9,2,0.269,P3,Team_B,Low,1
9547,High,0.9,0.59,4,0.53,0.65,0.4,7,0.701,P1,Team_C,High,4
9548,Medium,0.6,0.85,1,0.83,0.8,0.76,1,0.501,P2,Team_B,Medium,3
9549,Low,0.3,0.65,3,0.83,0.62,0.53,3,0.394,P3,Team_B,Low,1
9550,High,0.9,0.43,4,0.9,0.96,0.56,4,0.707,P1,Team_A,High,6
9551,High,0.9,0.73,1,0.69,0.43,0.84,5,0.689,P1,Team_C,High,6
9552,High,0.9,0.27,3,0.39,0.86,0.64,3,0.658,P1,Team_B,High,5
9553,Medium,0.6,0.38,2,0.97,0.27,0.9,6,0.534,P2,Team_C,Medium,3
9554,Medium,0.6,0.32,4,0.88,0.5,0.39,2,0.501,P2,Team_C,Medium,2
9555,Low,0.3,0.85,4,0.8,0.81,0.79,2,0.39,P3,Team_C,Low,1
9556,Medium,0.6,0.31,4,0.71,0.28,0.59,2,0.546,P2,Team_C,Medium,2
9557,Medium,0.6,0.63,1,0.75,0.84,0.85,1,0.496,P2,Team_B,Medium,3
9558,Low,0.3,0.27,3,0.74,0.23,0.71,4,0.434,P2,Team_B,Medium,3
9559,Low,0.3,0.88,4,0.77,0.61,0.73,1,0.386,P3,Team_C,Low,1
9560,High,0.9,0.05,3,0.21,0.35,0.6,1,0.647,P2,Team_C,Medium,2
9561,High,0.9,0.45,2,0.48,0.63,0.64,5,0.718,P1,Team_C,High,4
9562,High,0.9,0.72,2,0.93,0.9,0.53,1,0.754,P1,Team_A,High,6
9563,Medium,0.6,0.83,1,0.76,0.86,0.32,1,0.555,P2,Team_B,Medium,3
9564,Low,0.3,0.75,3,0.81,0.71,0.6,3,0.447,P2,Team_C,Medium,2
9565,High,0.9,0.34,4,0.85,0.41,0.51,4,0.692,P1,Team_A,High,4
9566,Low,0.3,0.54,4,0.48,0.89,0.79,5,0.32,P3,Team_C,Low,1
9567,Low,0.3,0.37,4,0.77,0.69,0.66,7,0.314,P3,Team_B,Low,1
9568,Medium,0.6,0.39,2,0.78,0.63,0.46,2,0.48,P2,Team_C,Medium,3
9569,Low,0.3,0.31,3,0.54,0.92,0.65,4,0.191,P3,Team_C,Low,1
9570,Low,0.3,0.63,3,0.51,0.72,0.33,1,0.385,P3,Team_B,Low,1
9571,Medium,0.6,0.57,1,0.7,0.34,0.73,2,0.576,P2,Team_C,Medium,3
9572,Medium,0.6,0.34,4,0.54,0.73,0.54,2,0.519,P2,Team_C,Medium,3
9573,Low,0.3,0.7,2,0.69,0.86,0.99,3,0.322,P3,Team_B,Low,1
9574,Low,0.3,0.33,2,0.56,0.53,0.41,1,0.298,P3,Team_B,Low,1
9575,Medium,0.6,0.5,4,0.87,0.7,0.98,5,0.466,P2,Team_A,Medium,3
9576,Low,0.3,0.89,1,0.85,0.47,0.51,1,0.398,P3,Team_C,Low,1
9577,Medium,0.6,0.48,1,0.76,0.65,0.83,5,0.53,P2,Team_A,Medium,3
9578,High,0.9,0.45,1,0.77,0.74,0.51,1,0.714,P1,Team_B,High,5
9579,Medium,0.6,0.36,1,0.81,0.73,0.8,2,0.501,P2,Team_C,Medium,3
9580,Low,0.3,0.71,3,0.34,0.84,0.51,3,0.38,P3,Team_B,Low,1
9581,High,0.9,0.45,4,0.8,0.55,0.59,6,0.769,P1,Team_A,High,4
9582,High,0.9,0.54,3,0.78,0.52,0.75,1,0.653,P1,Team_C,High,4
9583,Low,0.3,0.46,3,0.63,0.98,0.92,1,0.302,P3,Team_C,Low,1
9584,High,0.9,0.25,3,0.54,0.92,0.77,6,0.575,P2,Team_B,Medium,2
9585,Low,0.3,0.69,3,0.86,0.74,0.76,3,0.374,P3,Team_C,Low,1
9586,Low,0.3,0.13,1,0.72,0.8,0.47,1,0.333,P3,Team_C,Low,1
9587,Medium,0.6,0.62,1,0.44,0.89,0.42,1,0.544,P2,Team_B,Medium,3
9588,High,0.9,0.53,1,0.93,0.76,0.99,4,0.671,P1,Team_A,High,6
9589,Medium,0.6,0.74,3,0.7,0.38,0.98,3,0.555,P2,Team_C,Medium,3
9590,Medium,0.6,0.76,1,0.82,0.77,0.8,3,0.548,P2,Team_B,Medium,3
9591,High,0.9,0.15,4,0.84,0.84,0.73,3,0.597,P2,Team_A,Medium,2
9592,Low,0.3,0.38,1,0.43,0.86,0.73,1,0.248,P3,Team_C,Low,1
9593,High,0.9,0.76,2,0.67,0.85,0.75,4,0.752,P1,Team_B,High,6
9594,Medium,0.6,0.4,4,0.91,0.8,0.52,3,0.478,P2,Team_B,Medium,3
9595,High,0.9,0.25,3,0.61,0.73,0.97,4,0.588,P2,Team_B,Medium,3
9596,High,0.9,0.16,1,0.6,0.28,0.77,4,0.69,P1,Team_C,High,5
9597,Low,0.3,0.69,4,0.53,0.5,0.43,3,0.381,P3,Team_C,Low,1
9598,High,0.9,0.42,1,0.94,0.22,0.86,0,0.723,P1,Team_A,High,5
9599,Medium,0.6,0.61,3,0.87,0.99,0.63,4,0.555,P2,Team_B,Medium,3
9600,Low,0.3,0.81,4,0.96,0.73,0.62,5,0.406,P3,Team_C,Low,1
9601,High,0.9,0.27,2,0.92,0.62,0.91,2,0.698,P1,Team_A,High,6
9602,Medium,0.6,0.15,1,0.43,0.75,0.56,4,0.461,P2,Team_B,Medium,3
9603,High,0.9,0.75,1,0.76,0.39,0.55,3,0.809,P1,Team_C,High,4
9604,Low,0.3,0.79,4,0.78,0.77,0.9,1,0.333,P3,Team_B,Low,1
9605,Medium,0.6,0.67,3,0.67,0.98,0.67,5,0.53,P2,Team_B,Medium,2
9606,Medium,0.6,0.28,4,0.87,0.7,0.56,7,0.452,P2,Team_C,Medium,2
9607,Low,0.3,0.48,4,0.78,0.64,0.4,0,0.28,P3,Team_B,Low,1
9608,High,0.9,0.57,4,0.76,0.91,0.58,4,0.69,P1,Team_B,High,6
9609,Low,0.3,0.7,3,0.78,0.29,0.92,2,0.486,P2,Team_B,Medium,3
9610,Low,0.3,0.39,4,0.6,0.95,0.55,7,0.367,P3,Team_C,Low,1
9611,High,0.9,0.58,3,0.68,0.59,0.51,6,0.69,P1,Team_C,High,4
9612,Low,0.3,0.52,4,0.84,0.74,0.66,1,0.222,P3,Team_B,Low,1
9613,Medium,0.6,0.84,3,0.6,0.87,0.95,3,0.585,P2,Team_B,Medium,3
9614,Low,0.3,0.5,4,0.82,0.61,0.98,1,0.324,P3,Team_C,Low,1
9615,Medium,0.6,0.25,3,0.76,0.87,0.53,2,0.544,P2,Team_B,Medium,2
9616,Low,0.3,0.25,1,0.78,0.76,0.9,5,0.384,P3,Team_B,Low,1
9617,High,0.9,0.42,4,0.45,0.25,0.4,4,0.694,P1,Team_C,High,4
9618,Low,0.3,0.74,1,0.68,0.79,0.69,5,0.438,P2,Team_B,Medium,2
9619,Low,0.3,0.13,1,0.89,0.49,0.74,1,0.289,P3,Team_C,Low,1
9620,Low,0.3,0.65,4,0.68,0.66,0.41,3,0.382,P3,Team_C,Low,1
9621,Low,0.3,0.33,3,0.93,0.53,0.37,1,0.323,P3,Team_B,Low,1
9622,Medium,0.6,0.37,4,0.82,0.56,0.66,3,0.483,P2,Team_C,Medium,2
9623,High,0.9,0.88,4,0.64,0.8,0.47,4,0.805,P1,Team_B,High,5
9624,Medium,0.6,0.21,4,0.72,0.76,0.95,3,0.407,P3,Team_B,Low,1
9625,Medium,0.6,0.66,3,0.77,0.78,0.42,3,0.534,P2,Team_B,Medium,2
9626,Medium,0.6,0.69,1,0.81,0.31,0.75,2,0.574,P2,Team_A,Medium,3
9627,Medium,0.6,0.69,2,0.84,0.4,0.39,2,0.613,P2,Team_A,Medium,3
9628,High,0.9,0.56,3,0.89,0.88,0.79,4,0.644,P2,Team_A,Medium,3
9629,Medium,0.6,0.1,4,0.63,0.78,0.5,5,0.358,P3,Team_B,Low,1
9630,High,0.9,0.47,3,0.72,0.65,0.59,2,0.618,P2,Team_C,Medium,2
9631,Low,0.3,0.24,4,0.61,0.78,0.69,3,0.331,P3,Team_B,Low,1
9632,Low,0.3,0.47,2,0.29,0.45,0.81,2,0.291,P3,Team_B,Low,1
9633,High,0.9,0.77,1,0.82,0.55,0.32,7,0.83,P1,Team_A,High,6
9634,Medium,0.6,0.51,1,0.63,0.57,0.59,5,0.554,P2,Team_C,Medium,3
9635,Medium,0.6,0.47,1,0.67,0.96,0.52,2,0.538,P2,Team_B,Medium,3
9636,Low,0.3,0.24,3,0.95,0.75,0.32,6,0.376,P3,Team_B,Low,1
9637,Medium,0.6,0.3,3,0.77,0.77,0.8,5,0.433,P2,Team_B,Medium,3
9638,Medium,0.6,0.68,2,0.57,0.44,0.31,0,0.657,P1,Team_A,High,4
9639,High,0.9,0.7,2,0.86,0.74,0.79,5,0.687,P1,Team_A,High,5
9640,Low,0.3,0.28,4,0.87,0.52,0.95,3,0.241,P3,Team_C,Low,1
9641,Low,0.3,0.52,3,0.96,0.75,0.51,1,0.351,P3,Team_B,Low,1
9642,Medium,0.6,0.49,3,0.47,0.88,0.36,4,0.583,P2,Team_B,Medium,2
9643,Medium,0.6,0.69,2,0.61,0.68,0.87,4,0.614,P2,Team_C,Medium,3
9644,Medium,0.6,0.24,1,0.59,0.49,0.73,3,0.348,P3,Team_A,Low,1
9645,Low,0.3,0.63,3,0.81,0.72,0.85,4,0.316,P3,Team_B,Low,1
9646,Low,0.3,0.38,3,0.79,0.34,0.78,2,0.293,P3,Team_C,Low,1
9647,High,0.9,0.42,1,0.91,0.59,0.44,2,0.656,P1,Team_A,High,5
9648,Medium,0.6,0.42,2,0.6,0.82,0.69,3,0.376,P3,Team_B,Low,1
9649,Low,0.3,0.1,2,0.72,0.49,0.43,2,0.321,P3,Team_C,Low,1
9650,Low,0.3,0.36,4,0.58,0.89,0.65,5,0.367,P3,Team_B,Low,1
9651,Medium,0.6,0.49,2,0.9,0.73,0.74,4,0.518,P2,Team_C,Medium,2
9652,High,0.9,0.2,2,0.88,0.75,0.44,2,0.656,P1,Team_A,High,5
9653,High,0.9,0.59,4,0.84,0.59,0.78,5,0.678,P1,Team_A,High,4
9654,High,0.9,0.55,3,0.68,0.78,0.75,6,0.622,P2,Team_B,Medium,2
9655,Medium,0.6,0.28,1,0.56,0.78,0.53,5,0.518,P2,Team_B,Medium,2
9656,Low,0.3,0.75,3,0.62,0.81,0.34,3,0.447,P2,Team_C,Medium,2
9657,Medium,0.6,0.29,2,0.76,0.65,0.58,4,0.51,P2,Team_C,Medium,2
9658,Low,0.3,0.4,2,0.5,0.73,0.65,5,0.345,P3,Team_B,Low,1
9659,High,0.9,0.18,2,0.92,0.83,0.86,5,0.544,P2,Team_A,Medium,2
9660,High,0.9,0.61,3,0.87,0.66,0.78,2,0.708,P1,Team_A,High,6
9661,Low,0.3,0.81,4,0.85,0.49,0.88,2,0.42,P2,Team_C,Medium,2
9662,Low,0.3,0.55,4,0.63,0.34,0.91,3,0.284,P3,Team_C,Low,1
9663,Medium,0.6,0.56,1,0.4,0.59,0.64,3,0.526,P2,Team_C,Medium,2
9664,Medium,0.6,0.71,2,0.7,0.69,0.98,3,0.513,P2,Team_C,Medium,2
9665,Low,0.3,0.6,3,0.46,0.76,0.8,1,0.329,P3,Team_B,Low,1
9666,Medium,0.6,0.01,2,0.95,0.59,0.36,0,0.439,P2,Team_C,Medium,2
9667,Medium,0.6,0.84,4,0.77,0.75,0.43,1,0.6,P2,Team_B,Medium,3
9668,Medium,0.6,0.71,4,0.82,0.67,0.73,1,0.582,P2,Team_C,Medium,2
9669,Medium,0.6,0.49,3,0.9,0.9,0.31,3,0.439,P2,Team_B,Medium,2
9670,Medium,0.6,0.32,3,0.71,0.9,0.61,1,0.433,P2,Team_B,Medium,2
9671,Medium,0.6,0.38,1,0.47,0.43,0.37,0,0.486,P2,Team_A,Medium,3
9672,Medium,0.6,0.28,3,0.36,0.52,0.85,3,0.416,P3,Team_A,Low,1
9673,Low,0.3,0.14,2,0.84,0.61,0.36,5,0.301,P3,Team_C,Low,1
9674,Medium,0.6,0.13,3,0.92,0.84,0.63,0,0.513,P2,Team_B,Medium,2
9675,Low,0.3,0.33,2,0.16,0.94,0.52,4,0.311,P3,Team_B,Low,1
9676,Low,0.3,0.48,2,0.62,0.71,0.6,3,0.329,P3,Team_B,Low,1
9677,Low,0.3,0.63,1,0.74,0.85,0.79,4,0.309,P3,Team_B,Low,1
9678,Medium,0.6,0.41,1,0.63,0.4,0.33,1,0.559,P2,Team_A,Medium,3
9679,Low,0.3,0.68,1,0.77,0.64,0.31,1,0.448,P2,Team_C,Medium,2
9680,High,0.9,0.73,1,0.89,0.7,0.78,5,0.685,P1,Team_A,High,4
9681,Low,0.3,0.61,1,0.74,0.43,0.45,2,0.331,P3,Team_C,Low,1
9682,Medium,0.6,0.74,1,0.87,0.58,0.79,4,0.576,P2,Team_A,Medium,2
9683,Low,0.3,0.06,1,0.86,0.89,0.61,5,0.252,P3,Team_B,Low,1
9684,Low,0.3,0.63,4,0.85,0.72,0.68,4,0.311,P3,Team_B,Low,1
9685,Low,0.3,0.39,2,0.91,0.68,0.63,1,0.293,P3,Team_C,Low,1
9686,Low,0.3,0.62,3,0.32,0.82,0.44,1,0.406,P3,Team_C,Low,1
9687,High,0.9,0.85,2,0.76,0.81,0.39,4,0.743,P1,Team_B,High,4
9688,Low,0.3,0.44,2,0.8,0.15,0.79,9,0.422,P2,Team_B,Medium,3
9689,Low,0.3,0.63,1,0.7,0.71,0.66,2,0.387,P3,Team_C,Low,1
9690,Medium,0.6,0.86,2,0.72,0.89,0.75,6,0.568,P2,Team_B,Medium,2
9691,Low,0.3,0.36,1,0.86,0.69,0.62,2,0.336,P3,Team_B,Low,1
9692,High,0.9,0.39,3,0.38,0.53,0.72,5,0.671,P1,Team_C,High,4
9693,Low,0.3,0.82,1,0.57,0.4,0.88,4,0.364,P3,Team_C,Low,1
9694,Low,0.3,0.81,3,0.83,0.58,0.34,2,0.477,P2,Team_C,Medium,3
9695,High,0.9,0.28,2,0.69,0.67,0.97,3,0.603,P2,Team_C,Medium,3
9696,Low,0.3,0.54,3,0.6,0.42,0.57,4,0.465,P2,Team_B,Medium,2
9697,Medium,0.6,0.72,4,0.98,0.24,0.38,3,0.639,P2,Team_C,Medium,2
9698,Low,0.3,0.63,3,0.88,0.68,0.37,1,0.391,P3,Team_C,Low,1
9699,Low,0.3,0.46,1,0.73,0.86,0.53,4,0.257,P3,Team_B,Low,1
9700,High,0.9,0.56,3,0.5,0.37,0.59,3,0.74,P1,Team_C,High,6
9701,Medium,0.6,0.28,2,0.84,0.53,0.78,4,0.472,P2,Team_A,Medium,3
9702,Low,0.3,0.25,3,0.66,0.57,0.54,4,0.34,P3,Team_B,Low,1
9703,High,0.9,0.36,3,0.49,0.96,0.85,1,0.612,P2,Team_B,Medium,3
9704,Medium,0.6,0.63,1,0.57,0.59,0.89,5,0.531,P2,Team_A,Medium,3
9705,Medium,0.6,0.65,3,0.78,0.28,0.99,5,0.58,P2,Team_A,Medium,3
9706,Low,0.3,0.53,1,0.77,0.57,0.49,2,0.401,P3,Team_B,Low,1
9707,Medium,0.6,0.95,4,0.7,0.76,0.85,3,0.546,P2,Team_B,Medium,2
9708,Medium,0.6,0.91,1,0.74,0.72,0.78,6,0.559,P2,Team_A,Medium,2
9709,Low,0.3,0.39,1,0.65,0.72,0.39,4,0.388,P3,Team_B,Low,1
9710,Medium,0.6,0.08,2,0.8,0.6,0.84,3,0.371,P3,Team_A,Low,1
9711,Low,0.3,0.54,3,0.49,0.76,0.99,5,0.241,P3,Team_C,Low,1
9712,Low,0.3,0.7,4,0.71,0.74,0.41,1,0.445,P2,Team_B,Medium,2
9713,Medium,0.6,0.74,3,0.76,0.68,0.43,2,0.639,P2,Team_C,Medium,3
9714,Medium,0.6,0.07,1,0.51,0.65,0.63,5,0.456,P2,Team_C,Medium,2
9715,High,0.9,0.85,1,0.8,0.94,0.34,0,0.788,P1,Team_A,High,5
9716,Low,0.3,0.2,3,0.34,0.59,0.4,2,0.351,P3,Team_B,Low,1
9717,Low,0.3,0.63,3,0.63,0.45,0.63,4,0.445,P2,Team_B,Medium,3
9718,High,0.9,0.88,3,0.5,0.48,0.35,5,0.808,P1,Team_C,High,4
9719,Low,0.3,0.21,2,0.88,0.82,0.47,1,0.248,P3,Team_C,Low,1
9720,Medium,0.6,0.75,4,0.8,0.58,0.77,4,0.635,P2,Team_A,Medium,3
9721,Medium,0.6,0.68,4,0.84,0.85,0.36,3,0.545,P2,Team_B,Medium,3
9722,High,0.9,0.62,2,0.81,0.52,0.7,0,0.629,P2,Team_A,Medium,3
9723,Low,0.3,0.72,2,0.72,0.26,0.43,4,0.444,P2,Team_B,Medium,3
9724,High,0.9,0.17,1,0.76,0.72,0.38,5,0.597,P2,Team_B,Medium,2
9725,Low,0.3,0.44,4,0.6,0.63,0.61,3,0.301,P3,Team_C,Low,1
9726,Medium,0.6,0.82,2,0.69,0.52,0.88,3,0.556,P2,Team_A,Medium,3
9727,Low,0.3,0.54,1,0.61,0.5,0.87,2,0.286,P3,Team_C,Low,1
9728,High,0.9,0.5,2,0.66,0.76,0.7,7,0.628,P2,Team_B,Medium,2
9729,High,0.9,0.26,4,0.64,0.49,0.96,2,0.707,P1,Team_C,High,5
9730,Low,0.3,0.1,2,0.48,0.82,0.8,7,0.305,P3,Team_C,Low,1
9731,Low,0.3,0.38,1,0.86,0.25,0.87,1,0.376,P3,Team_B,Low,1
9732,Medium,0.6,0.58,2,0.6,0.92,0.4,6,0.503,P2,Team_B,Medium,2
9733,Medium,0.6,0.16,2,0.8,0.63,0.53,3,0.414,P3,Team_A,Low,1
9734,Medium,0.6,0.12,2,0.97,0.88,0.77,5,0.369,P3,Team_B,Low,1
9735,Low,0.3,0.71,2,0.86,0.71,0.58,2,0.344,P3,Team_C,Low,1
9736,Low,0.3,0.53,2,0.67,0.8,0.66,0,0.281,P3,Team_C,Low,1
9737,Medium,0.6,0.51,4,0.78,0.73,0.49,2,0.527,P2,Team_C,Medium,3
9738,Low,0.3,0.66,2,0.43,0.58,0.81,2,0.408,P3,Team_C,Low,1
9739,High,0.9,0.76,2,0.92,0.84,0.36,1,0.777,P1,Team_A,High,4
9740,High,0.9,0.37,2,0.85,0.73,0.56,4,0.614,P2,Team_A,Medium,2
9741,High,0.9,0.34,4,0.78,0.72,0.94,2,0.561,P2,Team_B,Medium,3
9742,High,0.9,0.32,4,0.22,0.42,0.43,4,0.672,P1,Team_C,High,4
9743,High,0.9,0.24,4,0.98,0.49,0.62,5,0.722,P1,Team_A,High,6
9744,Medium,0.6,0.5,3,0.95,0.74,0.88,1,0.529,P2,Team_C,Medium,2
9745,High,0.9,0.82,1,0.2,0.47,0.41,1,0.774,P1,Team_C,High,6
9746,High,0.9,0.75,3,0.53,0.51,0.88,4,0.683,P1,Team_C,High,6
9747,Medium,0.6,0.59,1,0.56,0.83,0.94,4,0.612,P2,Team_B,Medium,3
9748,Medium,0.6,0.3,2,0.79,0.86,0.92,4,0.49,P2,Team_B,Medium,3
9749,Medium,0.6,0.61,1,0.58,0.81,0.94,1,0.559,P2,Team_B,Medium,3
9750,Medium,0.6,0.44,3,0.84,0.76,0.45,2,0.51,P2,Team_B,Medium,3
9751,Medium,0.6,0.69,1,0.84,0.59,0.59,1,0.61,P2,Team_C,Medium,2
9752,Medium,0.6,0.48,2,0.73,0.82,0.54,3,0.405,P3,Team_B,Low,1
9753,Low,0.3,0.28,3,0.64,0.89,0.76,4,0.236,P3,Team_B,Low,1
9754,High,0.9,0.23,4,0.89,0.97,0.84,1,0.465,P2,Team_A,Medium,2
9755,Medium,0.6,0.66,2,0.78,0.79,0.76,5,0.513,P2,Team_B,Medium,3
9756,Low,0.3,0.09,4,0.66,0.67,0.68,2,0.265,P3,Team_C,Low,1
9757,High,0.9,0.65,1,0.92,0.78,0.64,1,0.671,P1,Team_A,High,6
9758,High,0.9,0.58,3,0.61,0.76,0.7,5,0.635,P2,Team_B,Medium,3
9759,Medium,0.6,0.47,3,0.77,0.49,0.59,1,0.526,P2,Team_C,Medium,2
9760,Medium,0.6,0.19,1,0.72,0.82,0.52,2,0.428,P2,Team_B,Medium,3
9761,Medium,0.6,0.91,2,0.92,0.78,0.7,5,0.56,P2,Team_B,Medium,2
9762,High,0.9,0.26,4,0.69,0.73,0.6,1,0.598,P2,Team_B,Medium,3
9763,Low,0.3,0.69,3,0.41,0.73,0.79,4,0.384,P3,Team_B,Low,1
9764,Medium,0.6,0.69,2,0.8,0.86,0.39,4,0.512,P2,Team_B,Medium,3
9765,Low,0.3,0.04,3,0.65,0.77,0.93,1,0.259,P3,Team_C,Low,1
9766,Low,0.3,0.3,3,0.55,0.72,0.64,2,0.284,P3,Team_B,Low,1
9767,Low,0.3,0.52,4,0.42,0.6,0.88,8,0.313,P3,Team_C,Low,1
9768,Low,0.3,0.75,1,0.7,0.92,0.49,6,0.371,P3,Team_B,Low,1
9769,Low,0.3,0.55,1,0.93,0.7,0.44,4,0.367,P3,Team_C,Low,1
9770,Low,0.3,0.32,2,0.85,0.65,0.52,3,0.356,P3,Team_C,Low,1
9771,Low,0.3,0.72,3,0.89,0.82,0.99,1,0.253,P3,Team_B,Low,1
9772,High,0.9,0.38,1,0.79,0.57,0.76,3,0.62,P2,Team_C,Medium,3
9773,High,0.9,0.58,1,0.74,0.44,0.67,2,0.66,P1,Team_C,High,4
9774,Medium,0.6,0.59,3,0.79,0.51,0.83,6,0.587,P2,Team_C,Medium,3
9775,Low,0.3,0.86,4,0.55,0.53,0.68,4,0.317,P3,Team_C,Low,1
9776,Medium,0.6,0.41,4,0.91,0.44,0.97,3,0.522,P2,Team_C,Medium,3
9777,Medium,0.6,0.26,1,0.86,0.44,0.77,7,0.507,P2,Team_C,Medium,3
9778,Low,0.3,0.62,2,0.82,0.67,0.41,3,0.402,P3,Team_C,Low,1
9779,High,0.9,0.59,3,0.89,0.63,0.44,6,0.694,P1,Team_A,High,4
9780,Medium,0.6,0.49,2,0.49,0.54,0.73,6,0.595,P2,Team_A,Medium,2
9781,Low,0.3,0.53,2,0.79,0.76,0.6,3,0.289,P3,Team_B,Low,1
9782,Low,0.3,0.52,2,0.75,0.54,0.45,3,0.402,P3,Team_C,Low,1
9783,Medium,0.6,0.26,1,0.79,0.81,0.34,2,0.455,P2,Team_B,Medium,2
9784,Medium,0.6,0.14,3,0.82,0.78,0.59,1,0.422,P2,Team_B,Medium,3
9785,Low,0.3,0.58,1,0.81,0.53,0.32,4,0.404,P3,Team_C,Low,1
9786,High,0.9,0.54,4,0.82,0.84,0.51,4,0.704,P1,Team_A,High,5
9787,High,0.9,0.69,1,0.69,0.44,0.6,3,0.8,P1,Team_C,High,5
9788,High,0.9,0.47,2,0.67,0.44,0.7,3,0.652,P1,Team_C,High,6
9789,High,0.9,0.31,2,0.4,0.69,0.46,2,0.616,P2,Team_C,Medium,2
9790,Low,0.3,0.56,4,0.76,0.49,0.48,1,0.389,P3,Team_B,Low,1
9791,High,0.9,0.05,3,0.79,0.57,0.38,3,0.67,P1,Team_C,High,4
9792,Low,0.3,0.38,2,0.83,0.92,0.87,2,0.231,P3,Team_C,Low,1
9793,High,0.9,0.74,4,0.46,0.65,0.87,3,0.662,P1,Team_C,High,6
9794,Medium,0.6,0.43,3,0.7,0.61,0.44,4,0.538,P2,Team_C,Medium,2
9795,Low,0.3,0.52,3,0.63,0.87,0.48,3,0.333,P3,Team_B,Low,1
9796,Medium,0.6,0.75,1,0.72,0.55,0.99,3,0.65,P2,Team_A,Medium,3
9797,High,0.9,0.11,2,0.93,0.38,0.9,2,0.537,P2,Team_A,Medium,3
9798,Low,0.3,0.31,3,0.54,0.68,0.75,4,0.408,P3,Team_B,Low,1
9799,Low,0.3,0.62,4,0.84,0.98,0.45,5,0.467,P2,Team_B,Medium,2
9800,Low,0.3,0.28,4,0.46,0.8,0.74,1,0.36,P3,Team_B,Low,1
9801,Medium,0.6,0.59,4,0.96,0.56,0.75,6,0.538,P2,Team_A,Medium,2
9802,High,0.9,0.51,1,0.84,0.47,0.78,2,0.699,P1,Team_A,High,5
9803,Medium,0.6,0.05,3,0.75,0.64,0.74,4,0.44,P2,Team_A,Medium,2
9804,Low,0.3,0.63,2,0.64,0.74,0.66,4,0.267,P3,Team_C,Low,1
9805,Medium,0.6,0.27,4,0.56,0.76,0.39,3,0.522,P2,Team_B,Medium,2
9806,Medium,0.6,0.32,3,0.91,0.53,0.4,1,0.553,P2,Team_C,Medium,3
9807,Medium,0.6,0.4,1,0.8,0.3,0.34,0,0.583,P2,Team_C,Medium,2
9808,Low,0.3,0.47,2,0.63,0.91,0.35,3,0.315,P3,Team_C,Low,1
9809,Medium,0.6,0.74,2,0.57,0.63,0.78,5,0.635,P2,Team_C,Medium,2
9810,Low,0.3,0.65,4,0.94,0.54,0.94,1,0.399,P3,Team_C,Low,1
9811,Low,0.3,0.24,3,0.53,0.59,0.88,2,0.246,P3,Team_B,Low,1
9812,High,0.9,0.34,3,0.78,0.62,0.51,7,0.707,P1,Team_C,High,6
9813,Medium,0.6,0.5,2,0.96,0.7,1.0,2,0.45,P2,Team_A,Medium,2
9814,Medium,0.6,0.18,1,0.92,0.77,0.84,1,0.364,P3,Team_B,Low,1
9815,High,0.9,0.35,1,0.58,0.7,0.87,1,0.656,P1,Team_B,High,6
9816,Low,0.3,0.5,3,0.74,0.58,0.56,4,0.328,P3,Team_C,Low,1
9817,Low,0.3,0.28,2,0.68,0.72,0.84,3,0.326,P3,Team_C,Low,1
9818,Low,0.3,0.38,4,0.82,0.67,0.8,2,0.376,P3,Team_C,Low,1
9819,Medium,0.6,0.44,1,0.73,0.64,0.58,4,0.479,P2,Team_A,Medium,3
9820,High,0.9,0.32,1,0.58,0.52,0.73,3,0.652,P1,Team_C,High,5
9821,Low,0.3,0.27,4,0.78,0.82,0.71,2,0.255,P3,Team_C,Low,1
9822,Low,0.3,0.42,1,0.83,0.64,0.83,7,0.369,P3,Team_C,Low,1
9823,Low,0.3,0.36,1,0.57,0.56,0.76,3,0.393,P3,Team_C,Low,1
9824,Low,0.3,0.22,1,0.7,0.59,0.91,5,0.286,P3,Team_B,Low,1
9825,Low,0.3,0.32,2,0.76,0.5,0.45,5,0.301,P3,Team_C,Low,1
9826,Medium,0.6,0.45,1,0.87,0.93,0.39,1,0.508,P2,Team_B,Medium,2
9827,Medium,0.6,0.69,4,0.5,0.81,0.65,3,0.583,P2,Team_B,Medium,2
9828,Low,0.3,0.89,3,0.57,0.74,0.43,2,0.519,P2,Team_C,Medium,2
9829,Low,0.3,0.21,1,0.89,0.32,0.42,5,0.462,P2,Team_B,Medium,2
9830,Medium,0.6,0.69,3,0.78,0.9,0.64,1,0.516,P2,Team_B,Medium,2
9831,Low,0.3,0.59,2,0.73,0.84,0.74,5,0.38,P3,Team_B,Low,1
9832,Low,0.3,0.83,2,0.61,0.71,0.73,5,0.445,P2,Team_C,Medium,2
9833,Medium,0.6,0.79,3,0.95,0.32,0.43,2,0.606,P2,Team_A,Medium,2
9834,High,0.9,0.54,4,0.91,0.71,0.96,0,0.68,P1,Team_A,High,4
9835,Low,0.3,0.31,1,0.6,0.72,0.64,6,0.246,P3,Team_B,Low,1
9836,Medium,0.6,0.9,4,0.56,0.62,0.58,6,0.555,P2,Team_C,Medium,2
9837,Low,0.3,0.64,2,0.67,0.9,0.5,2,0.357,P3,Team_B,Low,1
9838,Low,0.3,0.14,2,0.66,0.56,0.84,2,0.222,P3,Team_C,Low,1
9839,High,0.9,0.74,2,0.88,0.54,0.53,3,0.696,P1,Team_A,High,6
9840,Low,0.3,0.32,2,0.7,0.72,0.73,9,0.282,P3,Team_B,Low,1
9841,High,0.9,0.31,3,0.72,0.75,0.44,3,0.623,P2,Team_B,Medium,2
9842,High,0.9,0.07,2,0.74,0.75,0.78,4,0.557,P2,Team_B,Medium,3
9843,Low,0.3,0.05,1,0.89,0.77,0.33,3,0.271,P3,Team_B,Low,1
9844,Medium,0.6,0.23,4,0.67,0.95,0.74,0,0.351,P3,Team_B,Low,1
9845,Low,0.3,0.64,1,0.81,0.77,0.94,1,0.364,P3,Team_C,Low,1
9846,Low,0.3,0.7,4,0.89,0.67,0.95,5,0.346,P3,Team_B,Low,1
9847,Medium,0.6,0.98,3,0.86,0.55,0.55,3,0.595,P2,Team_A,Medium,2
9848,High,0.9,0.18,1,0.82,0.94,0.48,4,0.63,P2,Team_A,Medium,2
9849,Medium,0.6,0.51,3,0.57,0.97,0.64,0,0.493,P2,Team_B,Medium,2
9850,High,0.9,0.47,4,0.38,0.87,0.54,2,0.754,P1,Team_B,High,4
9851,Low,0.3,0.33,1,0.72,0.62,0.31,1,0.323,P3,Team_C,Low,1
9852,Low,0.3,0.61,4,0.54,0.67,0.64,3,0.37,P3,Team_B,Low,1
9853,Low,0.3,0.56,3,0.55,0.58,0.49,2,0.306,P3,Team_C,Low,1
9854,Low,0.3,0.55,2,0.57,0.5,0.96,1,0.292,P3,Team_C,Low,1
9855,High,0.9,0.19,1,0.36,0.91,1.0,6,0.637,P2,Team_B,Medium,3
9856,Medium,0.6,0.75,1,0.82,0.7,0.89,3,0.47,P2,Team_A,Medium,3
9857,High,0.9,0.62,2,0.71,0.39,0.6,4,0.683,P1,Team_C,High,5
9858,Low,0.3,0.27,4,0.65,0.59,0.56,4,0.338,P3,Team_C,Low,1
9859,Low,0.3,0.68,4,0.82,0.94,0.86,3,0.298,P3,Team_C,Low,1
9860,High,0.9,0.28,1,0.66,0.72,0.57,4,0.693,P1,Team_B,High,5
9861,High,0.9,0.44,2,0.64,0.58,0.39,3,0.738,P1,Team_C,High,5
9862,Medium,0.6,0.27,4,0.81,0.89,0.84,3,0.524,P2,Team_B,Medium,2
9863,Medium,0.6,0.12,3,0.77,0.65,0.32,4,0.453,P2,Team_C,Medium,3
9864,Medium,0.6,0.7,2,0.53,0.85,0.44,3,0.603,P2,Team_B,Medium,3
9865,Low,0.3,0.46,2,0.73,0.81,0.76,3,0.367,P3,Team_C,Low,1
9866,High,0.9,0.84,1,0.57,0.87,0.37,5,0.858,P1,Team_B,High,4
9867,Low,0.3,0.98,3,0.41,0.79,0.52,1,0.486,P2,Team_C,Medium,2
9868,Medium,0.6,0.71,3,0.56,0.75,0.86,2,0.54,P2,Team_B,Medium,2
9869,Low,0.3,0.33,4,0.6,0.48,0.84,3,0.314,P3,Team_B,Low,1
9870,Medium,0.6,0.3,1,0.57,0.22,0.53,2,0.564,P2,Team_A,Medium,3
9871,Medium,0.6,0.72,4,0.6,0.86,0.54,8,0.572,P2,Team_B,Medium,2
9872,Low,0.3,0.61,3,0.33,0.59,0.42,3,0.346,P3,Team_C,Low,1
9873,Low,0.3,0.39,2,0.81,0.34,0.36,1,0.417,P3,Team_C,Low,1
9874,High,0.9,0.12,4,0.79,0.93,0.35,4,0.547,P2,Team_B,Medium,2
9875,Low,0.3,0.48,4,0.53,0.39,0.96,2,0.316,P3,Team_B,Low,1
9876,Medium,0.6,0.67,4,0.79,0.54,0.74,5,0.466,P2,Team_C,Medium,2
9877,Low,0.3,0.75,2,0.67,0.86,0.6,4,0.366,P3,Team_B,Low,1
9878,Low,0.3,0.69,2,0.69,0.3,0.76,5,0.399,P3,Team_C,Low,1
9879,Low,0.3,0.59,2,0.26,0.65,0.69,4,0.407,P3,Team_B,Low,1
9880,High,0.9,0.11,1,0.82,0.79,0.47,5,0.513,P2,Team_A,Medium,3
9881,High,0.9,0.25,3,0.87,0.29,0.73,7,0.677,P1,Team_A,High,4
9882,Medium,0.6,0.53,3,0.74,0.74,0.7,3,0.53,P2,Team_C,Medium,3
9883,Low,0.3,0.4,2,0.81,0.79,0.35,4,0.362,P3,Team_B,Low,1
9884,Medium,0.6,0.7,2,0.68,0.66,0.55,6,0.538,P2,Team_A,Medium,3
9885,Low,0.3,0.23,3,0.66,0.39,0.54,4,0.316,P3,Team_C,Low,1
9886,Medium,0.6,0.89,2,0.73,0.77,0.8,5,0.626,P2,Team_B,Medium,2
9887,Medium,0.6,0.69,2,0.7,0.81,0.47,2,0.595,P2,Team_B,Medium,2
9888,Low,0.3,0.31,1,0.69,0.72,0.71,1,0.376,P3,Team_C,Low,1
9889,Medium,0.6,0.52,2,0.93,0.73,0.64,1,0.403,P3,Team_C,Low,1
9890,Medium,0.6,0.8,1,0.42,0.44,0.31,1,0.688,P1,Team_A,High,6
9891,Low,0.3,0.71,2,0.8,0.89,0.82,5,0.338,P3,Team_B,Low,1
9892,Low,0.3,0.86,1,0.47,0.67,0.42,5,0.496,P2,Team_B,Medium,3
9893,Medium,0.6,0.86,3,0.98,0.98,0.6,8,0.619,P2,Team_B,Medium,3
9894,Medium,0.6,0.14,3,0.79,0.92,0.34,2,0.51,P2,Team_B,Medium,2
9895,Medium,0.6,0.6,2,0.68,0.52,0.82,3,0.545,P2,Team_C,Medium,2
9896,Medium,0.6,0.2,2,0.68,0.53,0.3,4,0.539,P2,Team_A,Medium,3
9897,Low,0.3,0.59,2,0.67,0.83,0.88,3,0.306,P3,Team_C,Low,1
9898,Medium,0.6,0.91,4,0.57,0.85,0.39,2,0.572,P2,Team_B,Medium,3
9899,Low,0.3,0.69,2,0.64,0.89,0.79,0,0.24,P3,Team_B,Low,1
9900,Low,0.3,0.45,2,0.67,0.58,0.74,5,0.338,P3,Team_C,Low,1
9901,Low,0.3,0.88,4,0.72,0.63,0.77,2,0.432,P2,Team_C,Medium,3
9902,Medium,0.6,0.45,4,0.95,0.94,0.54,5,0.561,P2,Team_B,Medium,3
9903,Low,0.3,0.34,3,0.81,0.75,0.7,2,0.234,P3,Team_B,Low,1
9904,Low,0.3,0.45,4,0.78,0.92,0.62,1,0.237,P3,Team_C,Low,1
9905,Low,0.3,0.18,2,0.77,0.68,0.36,3,0.313,P3,Team_B,Low,1
9906,Medium,0.6,0.88,2,0.73,0.68,0.89,2,0.544,P2,Team_A,Medium,2
9907,Medium,0.6,0.12,2,0.98,0.3,0.3,0,0.602,P2,Team_A,Medium,2
9908,Low,0.3,0.63,2,0.85,0.51,0.77,5,0.399,P3,Team_C,Low,1
9909,High,0.9,0.77,3,0.86,0.59,0.32,2,0.717,P1,Team_A,High,5
9910,Medium,0.6,0.27,2,0.74,0.81,0.71,2,0.429,P2,Team_B,Medium,2
9911,Low,0.3,0.16,1,0.68,0.98,0.93,2,0.193,P3,Team_B,Low,1
9912,High,0.9,0.78,3,0.85,0.76,0.89,2,0.704,P1,Team_A,High,4
9913,Low,0.3,0.08,1,0.71,0.87,0.73,2,0.22,P3,Team_B,Low,1
9914,High,0.9,0.54,3,0.57,0.67,0.33,2,0.659,P1,Team_C,High,5
9915,Low,0.3,0.75,4,0.81,0.74,0.75,3,0.479,P2,Team_C,Medium,2
9916,Low,0.3,0.53,2,0.85,0.93,0.69,3,0.39,P3,Team_C,Low,1
9917,Low,0.3,0.84,2,0.95,0.4,0.86,1,0.414,P3,Team_B,Low,1
9918,Low,0.3,0.19,1,0.52,0.65,0.5,5,0.253,P3,Team_B,Low,1
9919,High,0.9,0.65,1,0.3,0.62,0.41,2,0.716,P1,Team_C,High,5
9920,Low,0.3,0.58,4,0.49,0.57,0.51,1,0.419,P3,Team_B,Low,1
9921,Medium,0.6,0.19,1,0.77,0.59,0.61,3,0.386,P3,Team_A,Low,1
9922,Low,0.3,0.54,2,0.74,0.61,0.82,4,0.381,P3,Team_B,Low,1
9923,Medium,0.6,0.48,1,0.28,0.61,0.41,5,0.592,P2,Team_A,Medium,3
9924,Low,0.3,0.56,2,0.97,0.45,0.44,3,0.44,P2,Team_C,Medium,2
9925,Medium,0.6,0.41,4,0.97,0.92,0.64,2,0.465,P2,Team_B,Medium,3
9926,Medium,0.6,0.12,3,0.53,0.67,0.52,9,0.531,P2,Team_C,Medium,2
9927,High,0.9,0.64,4,0.9,0.77,0.94,2,0.75,P1,Team_A,High,5
9928,High,0.9,0.41,3,0.86,0.43,0.79,3,0.671,P1,Team_A,High,4
9929,Medium,0.6,0.36,3,0.78,0.79,0.93,3,0.41,P3,Team_B,Low,1
9930,Medium,0.6,0.24,3,0.88,0.83,0.75,3,0.34,P3,Team_B,Low,1
9931,Low,0.3,0.93,1,0.76,0.66,0.64,2,0.437,P2,Team_B,Medium,2
9932,Medium,0.6,0.34,2,0.61,0.77,0.58,2,0.439,P2,Team_B,Medium,2
9933,High,0.9,0.77,1,0.69,0.67,0.37,2,0.886,P1,Team_C,High,6
9934,Low,0.3,0.29,3,0.79,0.78,0.39,0,0.325,P3,Team_C,Low,1
9935,High,0.9,0.42,2,0.67,0.76,0.5,2,0.563,P2,Team_B,Medium,3
9936,Low,0.3,0.05,4,0.61,0.61,0.79,0,0.212,P3,Team_B,Low,1
9937,Medium,0.6,0.51,2,0.78,0.84,0.87,1,0.462,P2,Team_B,Medium,3
9938,Low,0.3,0.83,4,0.61,0.79,0.57,3,0.444,P2,Team_C,Medium,3
9939,High,0.9,0.45,2,0.85,0.36,0.54,3,0.692,P1,Team_A,High,4
9940,High,0.9,0.08,4,0.74,0.64,0.3,2,0.631,P2,Team_C,Medium,2
9941,Medium,0.6,0.29,4,0.67,0.79,0.92,3,0.507,P2,Team_B,Medium,2
9942,Low,0.3,0.21,2,0.82,0.73,0.63,2,0.326,P3,Team_B,Low,1
9943,High,0.9,0.41,4,0.76,0.47,0.84,7,0.649,P2,Team_C,Medium,2
9944,High,0.9,0.29,1,0.86,0.78,0.64,2,0.555,P2,Team_A,Medium,2
9945,Medium,0.6,0.66,1,0.78,0.61,0.36,3,0.482,P2,Team_A,Medium,2
9946,Medium,0.6,0.45,3,0.7,0.75,0.99,1,0.499,P2,Team_B,Medium,2
9947,Medium,0.6,0.4,3,0.52,0.33,0.82,2,0.453,P2,Team_A,Medium,3
9948,Medium,0.6,0.7,1,0.76,0.7,0.91,2,0.52,P2,Team_A,Medium,3
9949,Medium,0.6,0.92,3,0.63,0.57,0.79,1,0.629,P2,Team_C,Medium,3
9950,High,0.9,0.54,1,0.83,0.54,0.5,3,0.662,P1,Team_A,High,4
9951,Low,0.3,0.15,2,0.78,0.81,0.63,4,0.295,P3,Team_B,Low,1
9952,Medium,0.6,0.63,2,0.76,0.61,0.51,3,0.434,P2,Team_A,Medium,3
9953,Low,0.3,0.93,2,0.73,0.74,0.64,3,0.55,P2,Team_B,Medium,3
9954,Medium,0.6,0.34,1,0.56,0.52,0.83,3,0.461,P2,Team_A,Medium,3
9955,Medium,0.6,0.65,4,0.68,0.72,0.78,1,0.555,P2,Team_C,Medium,3
9956,Medium,0.6,0.78,2,0.94,0.55,0.51,5,0.546,P2,Team_A,Medium,2
9957,Low,0.3,0.34,1,0.84,0.8,0.96,9,0.267,P3,Team_B,Low,1
9958,Medium,0.6,0.95,1,0.83,0.59,1.0,3,0.615,P2,Team_A,Medium,2
9959,Low,0.3,0.14,3,0.77,0.88,0.68,4,0.266,P3,Team_C,Low,1
9960,Medium,0.6,0.74,1,0.87,0.75,0.39,2,0.589,P2,Team_B,Medium,2
9961,High,0.9,0.63,3,0.56,0.47,0.92,5,0.683,P1,Team_C,High,6
9962,Medium,0.6,0.77,3,0.77,0.87,0.5,2,0.52,P2,Team_B,Medium,2
9963,Medium,0.6,0.94,1,0.51,0.91,1.0,1,0.575,P2,Team_B,Medium,3
9964,Low,0.3,0.27,1,0.81,0.85,0.55,4,0.307,P3,Team_C,Low,1
9965,Medium,0.6,0.61,2,0.82,0.55,0.92,5,0.563,P2,Team_A,Medium,2
9966,Low,0.3,0.53,3,0.68,0.74,0.4,2,0.327,P3,Team_B,Low,1
9967,Low,0.3,0.94,2,0.66,0.67,0.65,1,0.516,P2,Team_C,Medium,2
9968,High,0.9,0.6,3,0.66,0.81,0.75,1,0.549,P2,Team_B,Medium,3
9969,Medium,0.6,0.43,3,0.43,0.38,0.51,1,0.489,P2,Team_C,Medium,2
9970,Medium,0.6,0.43,3,0.82,0.75,0.69,2,0.513,P2,Team_B,Medium,3
9971,Medium,0.6,0.64,4,0.4,0.5,0.85,2,0.528,P2,Team_C,Medium,2
9972,High,0.9,0.86,1,0.52,0.73,0.71,1,0.811,P1,Team_B,High,4
9973,High,0.9,0.23,4,0.67,0.56,0.52,3,0.652,P1,Team_C,High,4
9974,Low,0.3,0.87,4,0.77,0.52,0.92,2,0.39,P3,Team_C,Low,1
9975,Low,0.3,0.26,3,0.84,0.86,0.85,8,0.316,P3,Team_B,Low,1
9976,Medium,0.6,0.8,1,0.85,0.89,0.7,5,0.485,P2,Team_B,Medium,3
9977,Low,0.3,0.8,2,0.86,0.86,0.77,4,0.339,P3,Team_C,Low,1
9978,Medium,0.6,0.33,3,0.77,0.72,0.41,0,0.493,P2,Team_A,Medium,2
9979,Medium,0.6,0.3,1,0.67,0.89,0.77,4,0.338,P3,Team_B,Low,1
9980,High,0.9,0.55,2,0.49,0.75,0.75,2,0.658,P1,Team_B,High,5
9981,Low,0.3,0.45,2,0.92,0.7,0.62,6,0.306,P3,Team_C,Low,1
9982,Low,0.3,0.7,4,0.93,0.69,0.43,4,0.467,P2,Team_C,Medium,2
9983,Medium,0.6,0.34,4,0.71,0.87,0.81,1,0.371,P3,Team_B,Low,1
9984,Low,0.3,0.85,2,0.56,0.48,0.99,2,0.399,P3,Team_C,Low,1
9985,Low,0.3,0.39,1,0.49,0.61,0.45,1,0.367,P3,Team_C,Low,1
9986,Low,0.3,0.34,4,0.78,0.31,0.36,1,0.375,P3,Team_C,Low,1
9987,High,0.9,0.44,2,0.53,0.46,0.5,3,0.644,P2,Team_C,Medium,3
9988,Low,0.3,0.63,1,0.82,0.87,0.5,6,0.375,P3,Team_C,Low,1
9989,Medium,0.6,0.49,3,0.66,0.48,0.53,0,0.5,P2,Team_A,Medium,3
9990,Low,0.3,0.87,2,0.6,0.32,0.51,2,0.522,P2,Team_B,Medium,3
9991,Medium,0.6,0.76,3,0.75,0.82,0.48,5,0.541,P2,Team_B,Medium,2
9992,Medium,0.6,0.04,3,0.91,0.3,0.78,3,0.417,P3,Team_A,Low,1
9993,Low,0.3,0.7,4,0.66,0.83,0.99,4,0.263,P3,Team_B,Low,1
9994,Medium,0.6,0.28,4,0.73,0.75,0.34,3,0.469,P2,Team_B,Medium,2
9995,Medium,0.6,0.73,3,0.68,0.58,0.68,2,0.528,P2,Team_C,Medium,2
9996,High,0.9,0.36,4,0.73,0.75,0.62,3,0.652,P1,Team_B,High,4
9997,Medium,0.6,0.54,3,0.82,0.42,0.31,0,0.495,P2,Team_C,Medium,3
9998,Medium,0.6,0.26,2,0.91,0.9,0.55,5,0.491,P2,Team_B,Medium,2
9999,Low,0.3,0.53,3,0.47,0.92,0.52,3,0.4,P3,Team_C,Low,1
10000,Medium,0.6,0.61,1,0.52,0.77,0.59,8,0.579,P2,Team_B,Medium,2
10001,High,0.9,0.31,3,0.95,0.89,0.71,3,0.702,P1,Team_A,High,6
10002,Medium,0.6,0.66,1,0.75,0.68,0.42,2,0.536,P2,Team_A,Medium,3
10003,Low,0.3,0.71,2,0.42,0.42,0.73,1,0.468,P2,Team_B,Medium,3
10004,Low,0.3,0.65,2,0.87,0.77,0.44,8,0.402,P3,Team_C,Low,1
10005,Medium,0.6,0.61,1,0.8,0.57,0.63,5,0.543,P2,Team_C,Medium,2
10006,High,0.9,0.53,3,0.71,0.86,0.98,2,0.595,P2,Team_B,Medium,2
10007,Low,0.3,0.21,1,0.53,0.49,0.72,3,0.255,P3,Team_B,Low,1
10008,Medium,0.6,0.04,3,0.54,0.45,0.34,3,0.483,P2,Team_A,Medium,2
10009,Medium,0.6,0.41,2,0.38,0.89,0.95,3,0.423,P2,Team_B,Medium,2
10010,Medium,0.6,0.96,1,0.76,0.21,0.62,2,0.713,P1,Team_A,High,4
10011,Low,0.3,0.7,4,0.86,0.92,0.96,1,0.32,P3,Team_C,Low,1
10012,Low,0.3,0.78,3,0.81,0.4,0.43,1,0.405,P3,Team_C,Low,1
10013,High,0.9,0.63,3,0.63,0.38,0.82,4,0.762,P1,Team_C,High,4
10014,High,0.9,0.57,2,0.78,0.87,0.4,3,0.767,P1,Team_B,High,4
10015,Medium,0.6,0.62,3,0.64,0.33,0.31,6,0.598,P2,Team_A,Medium,2
10016,High,0.9,0.49,4,0.92,0.88,0.57,4,0.61,P2,Team_A,Medium,2
10017,Low,0.3,0.25,4,0.66,0.51,0.92,2,0.318,P3,Team_B,Low,1
10018,High,0.9,0.72,3,0.83,0.62,0.94,2,0.718,P1,Team_A,High,4
10019,Medium,0.6,0.7,4,0.58,0.52,0.7,1,0.533,P2,Team_A,Medium,2
10020,Low,0.3,0.51,2,0.36,0.41,0.58,3,0.338,P3,Team_C,Low,1
10021,Low,0.3,0.95,4,0.73,0.5,0.4,3,0.511,P2,Team_C,Medium,3
10022,Low,0.3,0.85,4,0.85,0.68,0.5,3,0.4,P3,Team_B,Low,1
10023,High,0.9,0.84,2,0.38,0.31,0.51,5,0.865,P1,Team_C,High,5
10024,Low,0.3,0.21,2,0.54,0.55,0.44,1,0.312,P3,Team_B,Low,1
10025,Medium,0.6,0.32,4,0.69,0.77,0.7,3,0.479,P2,Team_B,Medium,2
10026,Medium,0.6,0.53,4,0.67,0.91,0.46,1,0.443,P2,Team_B,Medium,3
10027,Low,0.3,0.75,1,0.67,0.8,0.42,5,0.358,P3,Team_B,Low,1
10028,Low,0.3,0.39,4,0.89,0.41,0.96,2,0.283,P3,Team_B,Low,1
10029,Low,0.3,0.58,3,0.71,0.38,0.53,4,0.503,P2,Team_B,Medium,3
10030,Low,0.3,0.58,4,0.88,0.48,0.57,3,0.302,P3,Team_B,Low,1
10031,Medium,0.6,0.46,3,0.66,0.53,0.33,1,0.543,P2,Team_A,Medium,3
10032,Low,0.3,0.78,1,0.48,0.8,0.95,4,0.414,P3,Team_B,Low,1
10033,High,0.9,0.48,4,0.79,0.83,1.0,2,0.647,P2,Team_B,Medium,2
10034,High,0.9,0.59,3,0.98,0.85,0.7,2,0.693,P1,Team_A,High,4
10035,Medium,0.6,0.25,1,0.69,0.74,0.57,1,0.566,P2,Team_A,Medium,3
10036,Low,0.3,0.75,4,0.93,0.79,0.92,1,0.352,P3,Team_C,Low,1
10037,Low,0.3,0.23,2,0.8,0.5,0.61,4,0.308,P3,Team_C,Low,1
10038,Medium,0.6,0.9,1,0.89,0.64,0.49,4,0.57,P2,Team_C,Medium,2
10039,Medium,0.6,0.3,3,0.7,0.59,0.49,1,0.494,P2,Team_A,Medium,2
10040,Medium,0.6,0.32,4,0.89,0.86,0.81,4,0.436,P2,Team_B,Medium,3
10041,Medium,0.6,0.34,2,0.89,0.48,0.63,2,0.481,P2,Team_C,Medium,2
10042,Low,0.3,0.23,1,0.9,0.95,0.63,2,0.279,P3,Team_B,Low,1
10043,Medium,0.6,0.03,4,0.52,0.67,0.8,3,0.41,P3,Team_A,Low,1
10044,Low,0.3,0.3,1,0.73,0.65,0.49,3,0.27,P3,Team_C,Low,1
10045,High,0.9,0.61,2,0.67,0.85,0.94,3,0.603,P2,Team_B,Medium,2
10046,Medium,0.6,0.7,3,0.88,0.87,0.82,1,0.449,P2,Team_B,Medium,3
10047,Low,0.3,0.33,1,0.45,0.94,0.61,1,0.334,P3,Team_C,Low,1
10048,Low,0.3,0.69,2,0.87,0.77,0.92,4,0.388,P3,Team_C,Low,1
10049,Low,0.3,0.47,4,0.82,0.78,0.62,5,0.29,P3,Team_C,Low,1
10050,Low,0.3,0.46,3,0.72,0.51,0.32,4,0.355,P3,Team_B,Low,1
10051,Low,0.3,0.78,1,0.76,0.64,0.95,2,0.306,P3,Team_C,Low,1
10052,Low,0.3,0.55,4,0.75,0.67,0.72,1,0.334,P3,Team_B,Low,1
10053,Medium,0.6,0.82,4,0.72,0.57,0.67,0,0.537,P2,Team_C,Medium,2
10054,Medium,0.6,0.49,1,0.73,0.85,0.55,3,0.436,P2,Team_B,Medium,3
10055,High,0.9,0.7,1,0.76,0.85,0.4,6,0.703,P1,Team_B,High,6
10056,Low,0.3,0.67,2,0.52,0.76,0.92,2,0.342,P3,Team_C,Low,1
10057,Medium,0.6,0.51,3,0.71,0.53,0.98,0,0.407,P3,Team_A,Low,1
10058,High,0.9,0.8,1,0.78,0.9,0.81,1,0.706,P1,Team_B,High,6
10059,High,0.9,0.18,4,0.74,0.87,0.9,2,0.572,P2,Team_B,Medium,3
10060,Low,0.3,0.81,4,0.47,0.73,0.37,3,0.504,P2,Team_B,Medium,2
10061,High,0.9,0.68,3,0.32,0.65,0.56,0,0.692,P1,Team_C,High,5
10062,Low,0.3,0.4,3,0.84,0.92,0.64,3,0.249,P3,Team_C,Low,1
10063,High,0.9,0.31,4,0.69,0.49,0.31,2,0.721,P1,Team_C,High,6
10064,Medium,0.6,0.73,3,0.82,0.42,0.55,7,0.635,P2,Team_C,Medium,3
10065,Low,0.3,0.55,2,0.45,0.74,0.96,1,0.361,P3,Team_B,Low,1
10066,High,0.9,0.81,3,0.78,0.51,0.67,4,0.839,P1,Team_C,High,4
10067,Low,0.3,0.04,1,0.58,0.93,0.58,3,0.229,P3,Team_C,Low,1
10068,Medium,0.6,0.66,1,0.6,0.72,0.6,2,0.523,P2,Team_A,Medium,2
10069,Low,0.3,0.99,2,0.89,0.33,0.94,3,0.433,P2,Team_B,Medium,2
10070,High,0.9,0.64,1,0.79,0.9,0.5,3,0.727,P1,Team_B,High,4
10071,High,0.9,0.41,2,0.65,0.59,0.89,3,0.731,P1,Team_C,High,6
10072,Medium,0.6,0.81,3,0.77,0.82,0.53,2,0.531,P2,Team_B,Medium,2
10073,Medium,0.6,0.76,2,0.79,0.78,0.64,5,0.506,P2,Team_B,Medium,3
10074,Medium,0.6,0.49,4,0.65,0.85,0.32,3,0.599,P2,Team_B,Medium,2
10075,High,0.9,0.36,2,0.89,0.71,0.9,1,0.715,P1,Team_A,High,4
10076,Low,0.3,0.77,1,0.91,0.92,0.54,3,0.281,P3,Team_C,Low,1
10077,Medium,0.6,0.25,1,0.55,0.67,0.35,2,0.488,P2,Team_A,Medium,3
10078,Low,0.3,0.62,1,0.93,0.55,0.83,5,0.287,P3,Team_B,Low,1
10079,Low,0.3,0.66,4,0.73,0.67,0.42,0,0.461,P2,Team_C,Medium,2
10080,High,0.9,0.04,4,0.94,0.56,0.83,7,0.574,P2,Team_A,Medium,3
10081,High,0.9,0.32,3,0.84,0.68,0.86,0,0.591,P2,Team_A,Medium,3
10082,Low,0.3,0.3,1,0.51,0.64,0.76,5,0.327,P3,Team_C,Low,1
10083,Low,0.3,0.54,4,0.91,0.57,0.58,4,0.408,P3,Team_C,Low,1
10084,Low,0.3,0.3,3,0.44,0.9,0.49,3,0.314,P3,Team_B,Low,1
10085,Low,0.3,0.78,1,0.69,0.78,0.63,2,0.303,P3,Team_C,Low,1
10086,Medium,0.6,0.72,1,0.83,0.96,0.88,3,0.466,P2,Team_B,Medium,2
10087,Medium,0.6,0.76,4,0.79,0.46,0.75,4,0.624,P2,Team_A,Medium,2
10088,High,0.9,0.85,1,0.8,0.41,0.39,2,0.813,P1,Team_A,High,4
10089,Low,0.3,0.42,4,0.85,0.87,0.99,6,0.426,P2,Team_C,Medium,2
10090,Low,0.3,0.29,2,0.67,0.69,0.97,3,0.242,P3,Team_C,Low,1
10091,Low,0.3,0.16,1,0.98,0.88,0.68,3,0.377,P3,Team_C,Low,1
10092,Medium,0.6,0.39,1,0.85,0.62,0.61,1,0.428,P2,Team_C,Medium,2
10093,High,0.9,0.62,1,0.59,0.8,0.93,1,0.537,P2,Team_B,Medium,2
10094,Medium,0.6,0.42,4,0.74,0.66,0.51,2,0.606,P2,Team_C,Medium,2
10095,Low,0.3,0.69,3,0.45,0.69,0.6,6,0.412,P3,Team_C,Low,1
10096,Low,0.3,0.46,4,0.66,0.81,0.82,2,0.337,P3,Team_C,Low,1
10097,Low,0.3,0.84,3,0.76,0.69,0.98,2,0.428,P2,Team_B,Medium,2
10098,Low,0.3,0.52,1,0.69,0.36,0.98,5,0.302,P3,Team_B,Low,1
10099,Low,0.3,0.31,4,0.59,0.61,0.32,6,0.439,P2,Team_C,Medium,3
10100,Medium,0.6,0.9,3,0.97,0.62,0.31,3,0.588,P2,Team_C,Medium,2
10101,Low,0.3,0.46,2,0.73,0.81,0.54,7,0.394,P3,Team_C,Low,1
10102,Medium,0.6,0.43,3,0.61,0.91,0.47,4,0.6,P2,Team_B,Medium,3
10103,High,0.9,0.67,3,0.88,0.63,0.67,2,0.66,P1,Team_A,High,5
10104,Low,0.3,0.71,4,0.64,0.56,0.3,1,0.497,P2,Team_C,Medium,2
10105,Low,0.3,0.6,1,0.84,0.76,0.74,2,0.319,P3,Team_C,Low,1
10106,High,0.9,0.28,2,0.8,0.54,0.77,5,0.606,P2,Team_A,Medium,2
10107,Low,0.3,0.28,2,0.95,0.59,0.67,7,0.39,P3,Team_B,Low,1
10108,Low,0.3,0.62,2,0.87,0.5,0.43,3,0.397,P3,Team_C,Low,1
10109,High,0.9,0.26,4,0.6,0.45,0.91,4,0.644,P2,Team_C,Medium,2
10110,Low,0.3,0.85,4,0.36,0.68,0.3,8,0.46,P2,Team_B,Medium,3
10111,High,0.9,0.41,1,0.66,0.62,0.54,2,0.652,P1,Team_C,High,6
10112,Low,0.3,0.5,4,0.67,0.9,0.58,1,0.23,P3,Team_B,Low,1
10113,High,0.9,0.91,1,0.47,0.44,0.9,4,0.686,P1,Team_C,High,4
10114,Low,0.3,0.59,3,0.85,0.74,0.8,2,0.292,P3,Team_C,Low,1
10115,High,0.9,0.57,4,0.97,0.35,0.89,3,0.738,P1,Team_A,High,6
10116,Medium,0.6,0.61,1,0.61,0.29,0.32,6,0.689,P1,Team_C,High,4
10117,High,0.9,0.36,2,0.36,0.95,0.65,3,0.581,P2,Team_B,Medium,2
10118,High,0.9,0.22,2,0.76,0.38,0.96,4,0.585,P2,Team_C,Medium,2
10119,Low,0.3,0.49,4,0.39,0.79,0.87,2,0.284,P3,Team_C,Low,1
10120,Medium,0.6,0.79,2,0.92,0.65,0.53,2,0.617,P2,Team_C,Medium,2
10121,Medium,0.6,0.25,2,0.65,0.46,0.76,5,0.499,P2,Team_A,Medium,2
10122,Medium,0.6,0.16,3,0.51,0.71,0.37,7,0.416,P3,Team_A,Low,1
10123,Low,0.3,0.9,1,0.89,0.63,0.92,1,0.335,P3,Team_C,Low,1
10124,Medium,0.6,0.2,4,0.86,0.92,0.63,1,0.498,P2,Team_B,Medium,2
10125,High,0.9,0.38,4,0.63,0.72,0.46,1,0.644,P2,Team_B,Medium,2
10126,Medium,0.6,0.14,4,0.65,0.71,0.96,4,0.501,P2,Team_C,Medium,2
10127,High,0.9,0.41,4,0.85,0.57,1.0,0,0.57,P2,Team_A,Medium,3
10128,Low,0.3,0.58,4,0.87,0.88,0.37,4,0.313,P3,Team_C,Low,1
10129,Low,0.3,0.68,4,0.65,0.5,0.91,5,0.405,P3,Team_C,Low,1
10130,Low,0.3,0.61,3,0.85,0.78,0.34,4,0.401,P3,Team_B,Low,1
10131,High,0.9,0.68,4,0.81,0.35,0.66,1,0.762,P1,Team_A,High,6
10132,High,0.9,0.98,1,0.55,0.64,0.77,2,0.723,P1,Team_C,High,6
10133,High,0.9,0.51,1,0.9,0.75,0.78,3,0.575,P2,Team_A,Medium,3
10134,Medium,0.6,0.54,2,0.97,0.21,0.79,4,0.507,P2,Team_C,Medium,3
10135,Low,0.3,0.28,1,0.78,0.95,0.73,3,0.189,P3,Team_C,Low,1
10136,High,0.9,0.53,1,0.6,0.42,0.35,2,0.762,P1,Team_C,High,4
10137,Low,0.3,0.77,3,0.92,0.7,0.51,3,0.365,P3,Team_B,Low,1
10138,High,0.9,0.59,1,0.71,0.73,0.76,2,0.635,P2,Team_B,Medium,2
10139,Low,0.3,0.7,2,0.65,0.46,0.59,4,0.477,P2,Team_C,Medium,3
10140,Medium,0.6,0.14,2,0.73,0.78,0.46,3,0.491,P2,Team_B,Medium,2
10141,Low,0.3,0.52,4,0.85,0.8,0.39,4,0.367,P3,Team_B,Low,1
10142,Low,0.3,0.88,4,0.62,0.36,0.31,5,0.387,P3,Team_C,Low,1
10143,Medium,0.6,0.43,1,0.76,0.85,0.76,2,0.495,P2,Team_B,Medium,3
10144,High,0.9,0.28,2,0.82,0.66,0.64,5,0.626,P2,Team_A,Medium,3
10145,Low,0.3,0.08,1,0.64,0.59,0.79,1,0.276,P3,Team_B,Low,1
10146,High,0.9,0.61,4,0.42,0.61,0.6,3,0.723,P1,Team_C,High,6
10147,Low,0.3,0.63,1,0.72,0.81,0.8,1,0.342,P3,Team_B,Low,1
10148,Low,0.3,0.86,2,0.66,0.19,0.63,2,0.428,P2,Team_C,Medium,3
10149,Low,0.3,0.27,1,0.62,0.4,0.63,4,0.302,P3,Team_C,Low,1
10150,Medium,0.6,0.04,2,0.54,0.65,0.84,7,0.399,P3,Team_C,Low,1
10151,Low,0.3,0.42,1,0.41,0.72,0.39,4,0.35,P3,Team_C,Low,1
10152,Low,0.3,0.8,4,0.57,0.46,0.96,2,0.427,P2,Team_C,Medium,3
10153,Medium,0.6,0.67,3,0.98,0.64,0.32,3,0.599,P2,Team_C,Medium,3
10154,Low,0.3,0.71,3,0.63,0.84,0.69,1,0.346,P3,Team_C,Low,1
10155,Low,0.3,0.42,1,0.77,0.39,0.84,2,0.307,P3,Team_B,Low,1
10156,Medium,0.6,0.41,3,0.82,0.75,0.52,1,0.558,P2,Team_B,Medium,3
10157,Medium,0.6,0.42,1,0.78,0.64,0.63,2,0.471,P2,Team_C,Medium,3
10158,Medium,0.6,0.53,1,0.74,0.76,0.64,2,0.527,P2,Team_B,Medium,3
10159,Low,0.3,0.07,3,0.96,0.51,0.83,5,0.25,P3,Team_B,Low,1
10160,Low,0.3,0.7,2,0.88,0.71,0.7,2,0.389,P3,Team_B,Low,1
10161,Medium,0.6,0.56,3,0.44,0.8,0.34,2,0.585,P2,Team_B,Medium,2
10162,Medium,0.6,0.94,3,0.7,0.91,0.65,3,0.615,P2,Team_B,Medium,3
10163,Medium,0.6,0.21,4,0.62,0.45,0.77,2,0.534,P2,Team_C,Medium,3
10164,Medium,0.6,0.57,3,0.68,0.73,0.64,2,0.616,P2,Team_C,Medium,2
10165,Low,0.3,0.47,1,0.95,0.87,0.55,4,0.36,P3,Team_B,Low,1
10166,Medium,0.6,0.51,2,0.86,0.93,0.43,6,0.478,P2,Team_B,Medium,3
10167,Low,0.3,0.57,2,0.93,0.76,0.37,3,0.409,P3,Team_B,Low,1
10168,Low,0.3,0.62,2,0.62,0.5,0.43,0,0.388,P3,Team_C,Low,1
10169,Medium,0.6,0.53,4,0.81,0.88,0.55,1,0.509,P2,Team_B,Medium,2
10170,Medium,0.6,0.18,1,0.52,0.86,0.32,6,0.413,P3,Team_B,Low,1
10171,High,0.9,0.42,4,0.75,0.53,0.74,3,0.692,P1,Team_C,High,4
10172,High,0.9,0.16,1,0.88,0.67,0.52,2,0.635,P2,Team_A,Medium,3
10173,Medium,0.6,0.84,1,0.82,0.84,0.87,6,0.495,P2,Team_B,Medium,2
10174,High,0.9,0.83,2,0.86,0.76,0.64,1,0.719,P1,Team_A,High,4
10175,Low,0.3,0.72,2,0.36,0.81,0.73,5,0.41,P3,Team_B,Low,1
10176,Low,0.3,0.24,1,0.76,0.67,0.74,9,0.365,P3,Team_B,Low,1
10177,Low,0.3,0.53,2,0.35,0.9,0.67,4,0.326,P3,Team_B,Low,1
10178,Low,0.3,0.53,3,0.76,0.46,0.56,4,0.294,P3,Team_C,Low,1
10179,Low,0.3,0.32,2,0.83,0.76,0.4,5,0.34,P3,Team_C,Low,1
10180,Low,0.3,0.4,4,0.59,0.65,0.67,2,0.266,P3,Team_C,Low,1
10181,Low,0.3,0.53,1,0.7,0.59,0.78,3,0.261,P3,Team_B,Low,1
10182,Medium,0.6,0.52,4,0.88,0.62,0.47,3,0.446,P2,Team_A,Medium,2
10183,Medium,0.6,0.62,4,0.9,0.71,0.93,1,0.495,P2,Team_C,Medium,2
10184,High,0.9,0.39,4,0.88,0.94,0.92,0,0.489,P2,Team_A,Medium,2
10185,High,0.9,0.58,4,0.67,0.74,0.48,0,0.762,P1,Team_B,High,4
10186,Low,0.3,0.48,2,0.77,0.81,0.7,3,0.264,P3,Team_C,Low,1
10187,Medium,0.6,0.55,2,0.42,0.75,0.66,2,0.428,P2,Team_B,Medium,2
10188,High,0.9,0.5,3,0.5,0.39,0.5,5,0.761,P1,Team_C,High,6
10189,Medium,0.6,0.42,4,0.84,0.21,0.86,5,0.569,P2,Team_C,Medium,3
10190,Low,0.3,0.84,3,0.87,0.56,0.87,2,0.421,P2,Team_B,Medium,2
10191,High,0.9,0.55,3,0.79,0.45,0.85,0,0.664,P1,Team_C,High,4
10192,Low,0.3,0.17,1,0.92,0.69,0.71,1,0.31,P3,Team_C,Low,1
10193,Medium,0.6,0.5,4,0.47,0.89,0.91,1,0.36,P3,Team_B,Low,1
10194,Low,0.3,0.46,1,0.79,0.23,0.57,0,0.411,P3,Team_C,Low,1
10195,Medium,0.6,0.61,1,0.22,0.39,0.77,2,0.58,P2,Team_A,Medium,3
10196,High,0.9,0.49,2,0.69,0.76,0.51,4,0.727,P1,Team_B,High,5
10197,Low,0.3,0.71,1,0.58,0.89,0.97,3,0.361,P3,Team_B,Low,1
10198,Low,0.3,0.35,1,0.64,0.71,0.64,3,0.398,P3,Team_B,Low,1
10199,Low,0.3,0.1,4,0.86,0.69,0.95,1,0.262,P3,Team_C,Low,1
10200,Medium,0.6,0.61,3,0.74,0.8,0.72,3,0.578,P2,Team_B,Medium,3
10201,Low,0.3,0.38,3,0.89,0.67,0.62,0,0.33,P3,Team_B,Low,1
10202,Low,0.3,0.41,3,0.69,0.96,0.75,4,0.357,P3,Team_B,Low,1
10203,Medium,0.6,0.61,4,0.75,0.62,0.49,0,0.56,P2,Team_A,Medium,2
10204,Medium,0.6,0.43,3,0.4,0.64,0.47,1,0.597,P2,Team_A,Medium,3
10205,Low,0.3,0.53,4,0.49,0.73,0.36,2,0.38,P3,Team_B,Low,1
10206,Low,0.3,0.49,4,0.64,0.72,0.87,3,0.353,P3,Team_B,Low,1
10207,High,0.9,0.61,3,0.58,0.84,0.93,3,0.706,P1,Team_B,High,6
10208,Low,0.3,0.7,4,0.6,0.56,0.34,2,0.437,P2,Team_C,Medium,2
10209,Low,0.3,0.69,2,0.63,0.85,0.92,2,0.242,P3,Team_C,Low,1
10210,Low,0.3,0.47,3,0.7,0.2,0.8,4,0.402,P3,Team_C,Low,1
10211,High,0.9,0.17,3,0.86,0.68,0.95,3,0.559,P2,Team_A,Medium,2
10212,Low,0.3,0.69,3,0.74,0.89,0.99,1,0.355,P3,Team_B,Low,1
10213,Low,0.3,0.68,4,0.74,0.53,0.6,0,0.338,P3,Team_C,Low,1
10214,High,0.9,0.49,3,0.97,0.65,0.71,2,0.608,P2,Team_A,Medium,2
10215,High,0.9,0.12,2,0.82,0.67,0.79,1,0.564,P2,Team_A,Medium,3
10216,Medium,0.6,0.22,3,0.69,0.98,0.73,4,0.425,P2,Team_B,Medium,2
10217,Medium,0.6,0.87,1,0.65,0.71,0.52,0,0.614,P2,Team_A,Medium,3
10218,High,0.9,0.32,4,0.93,0.43,0.73,3,0.653,P1,Team_A,High,4
10219,High,0.9,0.44,4,0.54,0.49,0.44,4,0.779,P1,Team_C,High,6
10220,Low,0.3,0.36,4,0.77,0.72,0.83,1,0.285,P3,Team_C,Low,1
10221,Medium,0.6,0.27,4,0.79,0.63,0.35,3,0.549,P2,Team_A,Medium,2
10222,Low,0.3,0.71,1,0.92,0.84,0.89,5,0.359,P3,Team_C,Low,1
10223,Low,0.3,0.49,2,0.41,0.9,0.73,3,0.266,P3,Team_C,Low,1
10224,Low,0.3,0.73,3,0.89,0.92,0.76,1,0.283,P3,Team_B,Low,1
10225,High,0.9,0.45,2,0.9,0.51,0.59,5,0.643,P2,Team_A,Medium,3
10226,Low,0.3,0.59,3,0.65,0.84,0.74,3,0.405,P3,Team_C,Low,1
10227,Medium,0.6,0.35,4,0.78,0.63,0.34,2,0.578,P2,Team_C,Medium,2
10228,Medium,0.6,0.54,4,0.92,0.91,0.68,2,0.574,P2,Team_B,Medium,2
10229,Low,0.3,0.35,1,0.73,0.18,0.53,4,0.384,P3,Team_B,Low,1
10230,Low,0.3,0.74,2,0.8,0.9,0.8,3,0.291,P3,Team_C,Low,1
10231,High,0.9,0.73,2,0.73,0.58,0.42,8,0.714,P1,Team_C,High,6
10232,Medium,0.6,0.28,3,0.14,0.68,0.33,1,0.488,P2,Team_C,Medium,2
10233,High,0.9,0.55,1,0.43,0.8,0.51,5,0.601,P2,Team_B,Medium,3
10234,High,0.9,0.53,4,0.58,0.95,0.69,1,0.645,P2,Team_B,Medium,2
10235,High,0.9,0.2,4,0.42,0.45,0.58,1,0.654,P1,Team_C,High,4
10236,High,0.9,0.46,1,0.67,0.41,0.87,1,0.717,P1,Team_C,High,4
10237,High,0.9,0.68,3,0.54,0.73,0.94,3,0.745,P1,Team_B,High,6
10238,High,0.9,0.78,1,0.71,0.53,0.9,4,0.743,P1,Team_C,High,6
10239,High,0.9,0.42,4,0.73,0.48,0.5,5,0.657,P1,Team_C,High,5
10240,Medium,0.6,0.49,4,0.73,0.76,0.66,2,0.453,P2,Team_B,Medium,3
10241,High,0.9,0.67,4,0.74,0.86,0.77,4,0.737,P1,Team_B,High,6
10242,High,0.9,0.48,1,0.83,0.74,0.44,2,0.721,P1,Team_A,High,5
10243,Medium,0.6,0.58,3,0.5,0.78,0.61,4,0.517,P2,Team_B,Medium,3
10244,Low,0.3,0.22,3,0.48,0.66,0.75,2,0.238,P3,Team_B,Low,1
10245,Low,0.3,0.39,3,0.72,0.55,0.52,1,0.331,P3,Team_C,Low,1
10246,Low,0.3,0.55,2,0.76,0.36,0.98,2,0.331,P3,Team_C,Low,1
10247,High,0.9,0.9,4,0.42,0.79,0.31,2,0.729,P1,Team_B,High,6
10248,Medium,0.6,0.2,3,0.56,0.89,0.76,3,0.438,P2,Team_B,Medium,3
10249,High,0.9,0.66,3,0.83,0.66,0.4,5,0.702,P1,Team_A,High,5
10250,Low,0.3,0.06,1,0.8,0.42,0.61,4,0.287,P3,Team_C,Low,1
10251,High,0.9,0.85,2,0.91,0.74,0.79,4,0.71,P1,Team_A,High,4
10252,High,0.9,0.24,1,0.65,0.26,0.47,3,0.582,P2,Team_C,Medium,3
10253,Low,0.3,0.89,2,0.58,0.6,0.49,2,0.391,P3,Team_C,Low,1
10254,High,0.9,0.66,4,0.74,0.7,0.98,4,0.676,P1,Team_B,High,5
10255,High,0.9,0.08,1,0.7,0.76,0.42,1,0.648,P2,Team_B,Medium,2
10256,Medium,0.6,0.58,1,0.8,0.67,0.84,2,0.449,P2,Team_C,Medium,2
10257,Low,0.3,0.22,3,0.77,0.5,0.73,2,0.181,P3,Team_C,Low,1
10258,Medium,0.6,0.61,1,0.74,0.92,0.95,1,0.593,P2,Team_B,Medium,3
10259,High,0.9,0.54,3,0.75,0.95,0.67,1,0.624,P2,Team_B,Medium,3
10260,Low,0.3,0.09,4,0.74,0.7,0.88,0,0.276,P3,Team_C,Low,1
10261,Low,0.3,0.81,4,0.51,0.83,0.71,1,0.323,P3,Team_B,Low,1
10262,Low,0.3,0.85,1,0.52,0.76,0.85,5,0.405,P3,Team_B,Low,1
10263,Medium,0.6,0.67,4,0.91,0.41,0.67,2,0.526,P2,Team_A,Medium,3
10264,Medium,0.6,0.14,1,0.63,0.49,0.72,5,0.459,P2,Team_A,Medium,3
10265,Medium,0.6,0.36,2,0.94,0.81,0.65,2,0.455,P2,Team_B,Medium,3
10266,High,0.9,0.47,3,0.9,0.65,0.44,6,0.729,P1,Team_A,High,6
10267,High,0.9,0.84,3,0.67,0.78,0.36,6,0.879,P1,Team_B,High,5
10268,High,0.9,0.24,1,0.64,0.36,0.56,4,0.712,P1,Team_C,High,5
10269,Low,0.3,0.13,4,0.67,0.54,0.32,1,0.387,P3,Team_C,Low,1
10270,Low,0.3,0.92,2,0.59,0.84,0.36,2,0.52,P2,Team_C,Medium,2
10271,Medium,0.6,0.65,2,0.98,0.63,0.66,1,0.509,P2,Team_C,Medium,3
10272,Low,0.3,0.21,4,0.85,0.8,0.56,2,0.317,P3,Team_B,Low,1
10273,Low,0.3,0.44,3,0.87,0.94,0.59,3,0.182,P3,Team_C,Low,1
10274,High,0.9,0.41,1,0.89,0.95,0.85,5,0.656,P1,Team_A,High,6
10275,High,0.9,0.07,1,0.35,0.77,0.32,6,0.578,P2,Team_B,Medium,2
10276,Medium,0.6,0.65,2,0.81,0.82,0.66,0,0.481,P2,Team_B,Medium,2
10277,Low,0.3,0.38,3,0.8,0.97,0.63,2,0.323,P3,Team_B,Low,1
10278,Low,0.3,0.88,3,0.71,0.38,0.64,3,0.44,P2,Team_C,Medium,2
10279,Medium,0.6,0.27,1,0.62,0.42,0.33,4,0.55,P2,Team_A,Medium,3
10280,High,0.9,0.33,3,0.68,0.78,0.33,3,0.734,P1,Team_B,High,5
10281,Medium,0.6,0.75,2,0.89,0.8,0.38,6,0.589,P2,Team_B,Medium,3
10282,Medium,0.6,0.5,4,0.73,0.83,0.74,3,0.401,P3,Team_B,Low,1
10283,Medium,0.6,0.44,1,0.89,0.78,0.69,3,0.465,P2,Team_B,Medium,2
10284,Low,0.3,0.69,2,0.71,0.83,0.48,6,0.392,P3,Team_B,Low,1
10285,Medium,0.6,0.58,4,0.8,0.57,1.0,1,0.501,P2,Team_C,Medium,3
10286,Medium,0.6,0.58,3,0.89,0.89,0.69,3,0.507,P2,Team_B,Medium,2
10287,Medium,0.6,0.1,2,0.43,0.92,0.64,1,0.457,P2,Team_B,Medium,3
10288,Low,0.3,0.27,2,0.93,0.9,0.88,1,0.218,P3,Team_B,Low,1
10289,Low,0.3,0.05,1,0.88,0.84,0.33,5,0.204,P3,Team_C,Low,1
10290,High,0.9,0.54,3,0.73,0.86,0.35,4,0.648,P2,Team_B,Medium,2
10291,Low,0.3,0.52,2,0.58,0.7,0.68,7,0.306,P3,Team_B,Low,1
10292,Medium,0.6,0.97,2,0.75,0.56,0.5,1,0.647,P2,Team_A,Medium,3
10293,High,0.9,0.55,3,0.73,0.72,0.59,3,0.73,P1,Team_B,High,5
10294,Low,0.3,0.47,4,0.95,0.57,0.3,1,0.34,P3,Team_C,Low,1
10295,Low,0.3,0.72,4,0.7,0.81,0.38,1,0.447,P2,Team_C,Medium,3
10296,High,0.9,0.63,1,0.85,0.5,0.69,1,0.717,P1,Team_A,High,4
10297,Low,0.3,0.26,2,0.89,0.74,0.57,3,0.263,P3,Team_C,Low,1
10298,Medium,0.6,0.19,2,0.65,0.56,0.36,1,0.502,P2,Team_A,Medium,2
10299,Low,0.3,0.17,3,0.85,0.71,0.49,6,0.3,P3,Team_C,Low,1
10300,Low,0.3,0.74,3,0.36,0.41,0.5,5,0.427,P2,Team_C,Medium,2
10301,Low,0.3,0.73,2,0.83,0.67,0.45,4,0.413,P3,Team_B,Low,1
10302,Low,0.3,0.85,3,0.54,0.52,0.34,0,0.456,P2,Team_C,Medium,3
10303,High,0.9,0.67,1,0.64,0.09,0.99,4,0.697,P1,Team_C,High,6
10304,Low,0.3,0.44,2,0.73,0.65,0.44,2,0.352,P3,Team_B,Low,1
10305,High,0.9,0.69,4,0.64,0.68,0.41,1,0.705,P1,Team_C,High,6
10306,Medium,0.6,0.93,4,0.85,0.28,0.36,5,0.782,P1,Team_C,High,6
10307,Medium,0.6,0.34,1,0.81,0.88,0.78,2,0.482,P2,Team_B,Medium,3
10308,High,0.9,0.33,2,0.73,0.55,0.4,4,0.653,P1,Team_C,High,4
10309,Medium,0.6,0.22,3,0.66,0.52,0.6,3,0.524,P2,Team_A,Medium,3
10310,Low,0.3,0.4,2,0.62,0.7,0.87,4,0.366,P3,Team_C,Low,1
10311,Medium,0.6,0.3,1,0.72,0.93,0.74,4,0.415,P3,Team_B,Low,1
10312,Low,0.3,0.28,3,0.76,0.78,0.77,1,0.298,P3,Team_C,Low,1
10313,High,0.9,0.33,1,0.51,0.35,0.84,2,0.642,P2,Team_C,Medium,3
10314,High,0.9,0.67,3,0.74,0.95,0.82,5,0.759,P1,Team_B,High,6
10315,Low,0.3,0.59,1,0.73,0.86,0.98,4,0.326,P3,Team_C,Low,1
10316,Medium,0.6,0.24,3,0.92,0.76,0.91,3,0.402,P3,Team_B,Low,1
10317,Low,0.3,0.45,3,0.75,0.56,0.65,1,0.391,P3,Team_C,Low,1
10318,High,0.9,0.64,3,0.79,0.43,0.98,3,0.712,P1,Team_C,High,4
10319,Low,0.3,0.69,1,0.77,0.82,0.62,5,0.392,P3,Team_B,Low,1
10320,Medium,0.6,0.52,3,0.63,0.5,0.88,5,0.542,P2,Team_A,Medium,2
10321,High,0.9,0.8,2,0.85,0.94,0.54,3,0.76,P1,Team_A,High,5
10322,Low,0.3,0.34,1,0.54,0.64,0.47,6,0.345,P3,Team_B,Low,1
10323,Low,0.3,0.87,2,0.62,0.52,0.72,2,0.392,P3,Team_B,Low,1
10324,Low,0.3,0.45,2,0.78,0.58,0.4,5,0.303,P3,Team_C,Low,1
10325,Low,0.3,0.86,1,0.71,0.7,0.65,2,0.475,P2,Team_C,Medium,3
10326,Low,0.3,0.38,2,0.79,0.66,0.78,2,0.324,P3,Team_C,Low,1
10327,Medium,0.6,0.34,4,0.37,0.6,0.82,2,0.416,P3,Team_C,Low,1
10328,Medium,0.6,0.27,2,0.94,0.87,0.57,2,0.432,P2,Team_B,Medium,2
10329,High,0.9,0.31,3,0.73,0.81,0.35,3,0.654,P1,Team_B,High,4
10330,High,0.9,0.6,2,0.54,0.63,0.4,2,0.731,P1,Team_C,High,4
10331,Medium,0.6,0.66,4,0.64,0.38,0.45,2,0.546,P2,Team_C,Medium,2
10332,Low,0.3,0.63,1,0.73,0.47,0.48,4,0.383,P3,Team_C,Low,1
10333,Low,0.3,0.52,4,0.68,0.89,0.33,3,0.432,P2,Team_B,Medium,2
10334,Low,0.3,0.74,2,0.93,0.8,0.65,5,0.349,P3,Team_B,Low,1
10335,Medium,0.6,0.18,4,0.64,0.44,0.85,6,0.553,P2,Team_C,Medium,2
10336,Low,0.3,0.42,4,0.55,0.69,0.71,2,0.297,P3,Team_C,Low,1
10337,Medium,0.6,0.36,4,0.87,0.29,0.71,3,0.473,P2,Team_C,Medium,3
10338,High,0.9,0.74,3,0.6,0.92,0.54,1,0.696,P1,Team_B,High,5
10339,Low,0.3,0.44,2,0.72,0.61,0.93,2,0.369,P3,Team_C,Low,1
10340,Medium,0.6,0.69,2,0.62,0.47,0.67,3,0.571,P2,Team_C,Medium,3
10341,Low,0.3,0.2,1,0.99,0.78,0.75,2,0.243,P3,Team_B,Low,1
10342,Medium,0.6,0.82,4,0.52,0.53,0.85,2,0.583,P2,Team_C,Medium,2
10343,High,0.9,0.23,3,0.43,0.86,0.33,4,0.514,P2,Team_B,Medium,2
10344,Medium,0.6,0.91,4,0.75,0.54,0.97,4,0.525,P2,Team_C,Medium,2
10345,Low,0.3,0.51,1,0.79,0.45,0.43,1,0.446,P2,Team_B,Medium,3
10346,Low,0.3,0.64,4,0.78,0.79,0.32,3,0.471,P2,Team_B,Medium,2
10347,High,0.9,0.27,2,0.92,0.45,0.81,3,0.652,P1,Team_A,High,4
10348,Medium,0.6,0.47,4,0.5,0.88,0.54,3,0.548,P2,Team_B,Medium,3
10349,High,0.9,0.54,3,0.78,0.86,0.55,3,0.761,P1,Team_B,High,4
10350,High,0.9,0.52,4,0.33,0.4,0.63,2,0.682,P1,Team_C,High,6
10351,Low,0.3,0.12,1,0.75,0.61,0.33,0,0.284,P3,Team_C,Low,1
10352,Low,0.3,0.52,2,0.69,0.71,0.49,2,0.284,P3,Team_B,Low,1
10353,Medium,0.6,0.61,3,0.71,0.58,0.86,2,0.461,P2,Team_A,Medium,3
10354,Low,0.3,0.02,2,0.84,0.69,0.89,2,0.243,P3,Team_C,Low,1
10355,Low,0.3,0.62,3,0.71,0.54,0.4,2,0.26,P3,Team_C,Low,1
10356,High,0.9,0.21,3,0.77,0.85,0.79,4,0.475,P2,Team_B,Medium,3
10357,Low,0.3,0.85,2,0.65,0.98,0.37,8,0.484,P2,Team_B,Medium,2
10358,Low,0.3,0.21,4,0.75,0.41,0.78,3,0.32,P3,Team_B,Low,1
10359,Medium,0.6,0.58,4,0.65,0.36,0.4,3,0.525,P2,Team_C,Medium,3
10360,Low,0.3,0.57,3,0.25,0.94,0.58,1,0.339,P3,Team_C,Low,1
10361,Medium,0.6,0.66,4,0.8,0.68,0.9,1,0.527,P2,Team_A,Medium,3
10362,High,0.9,0.58,1,0.87,0.87,0.66,3,0.71,P1,Team_A,High,4
10363,Medium,0.6,0.85,4,0.61,0.78,0.66,6,0.569,P2,Team_B,Medium,3
10364,Medium,0.6,0.45,2,0.82,0.68,0.67,1,0.539,P2,Team_A,Medium,3
10365,Low,0.3,0.7,2,0.61,0.92,0.44,0,0.42,P3,Team_B,Low,1
10366,Low,0.3,0.55,4,0.92,0.57,0.92,5,0.378,P3,Team_C,Low,1
10367,Medium,0.6,0.7,2,0.93,0.37,0.92,2,0.632,P2,Team_A,Medium,2
10368,Medium,0.6,0.29,2,0.5,0.81,0.68,1,0.441,P2,Team_B,Medium,3
10369,Medium,0.6,0.25,1,0.58,0.52,0.41,2,0.482,P2,Team_A,Medium,3
10370,Medium,0.6,0.15,1,0.78,0.4,0.89,4,0.51,P2,Team_A,Medium,2
10371,Medium,0.6,0.43,3,0.91,0.66,0.98,2,0.413,P3,Team_C,Low,1
10372,Medium,0.6,0.39,3,0.65,0.43,0.95,5,0.426,P2,Team_A,Medium,2
10373,Low,0.3,0.61,2,0.26,0.93,0.69,3,0.251,P3,Team_B,Low,1
10374,Medium,0.6,0.3,2,0.52,0.9,0.71,4,0.481,P2,Team_B,Medium,3
10375,High,0.9,0.33,3,0.82,0.87,0.75,2,0.618,P2,Team_A,Medium,2
10376,Medium,0.6,0.83,3,0.86,0.9,0.92,5,0.537,P2,Team_B,Medium,2
10377,High,0.9,0.7,1,0.48,0.7,0.46,4,0.752,P1,Team_B,High,6
10378,High,0.9,0.22,1,0.48,0.7,0.6,1,0.544,P2,Team_B,Medium,2
10379,Medium,0.6,0.69,3,0.39,0.72,0.95,4,0.42,P3,Team_A,Low,1
10380,Low,0.3,0.29,4,0.81,0.76,0.64,5,0.299,P3,Team_B,Low,1
10381,Low,0.3,0.39,4,0.67,0.71,0.61,2,0.37,P3,Team_B,Low,1
10382,High,0.9,0.25,3,0.59,0.78,0.33,3,0.592,P2,Team_B,Medium,2
10383,Low,0.3,0.65,4,0.73,0.78,0.82,3,0.384,P3,Team_C,Low,1
10384,Low,0.3,0.4,1,0.73,0.31,0.71,1,0.338,P3,Team_C,Low,1
10385,High,0.9,0.12,1,0.81,0.29,0.83,5,0.756,P1,Team_A,High,4
10386,Low,0.3,0.7,1,0.88,0.67,0.93,2,0.446,P2,Team_C,Medium,2
10387,Medium,0.6,0.84,4,0.91,0.91,0.62,5,0.638,P2,Team_B,Medium,3
10388,High,0.9,0.3,4,0.45,0.65,0.7,2,0.612,P2,Team_C,Medium,2
10389,Medium,0.6,0.64,2,0.58,0.46,0.54,4,0.539,P2,Team_C,Medium,2
10390,Medium,0.6,0.6,4,0.35,0.81,0.54,4,0.573,P2,Team_B,Medium,2
10391,Low,0.3,0.72,2,0.64,0.58,0.7,3,0.477,P2,Team_C,Medium,2
10392,High,0.9,0.64,1,0.52,0.79,1.0,6,0.673,P1,Team_B,High,5
10393,High,0.9,0.58,4,0.65,0.57,0.8,2,0.631,P2,Team_C,Medium,2
10394,Medium,0.6,0.42,2,0.31,0.76,0.45,1,0.507,P2,Team_B,Medium,3
10395,High,0.9,0.37,3,0.38,0.77,0.64,3,0.747,P1,Team_B,High,4
10396,Low,0.3,0.59,4,0.52,0.79,0.6,4,0.316,P3,Team_B,Low,1
10397,Medium,0.6,0.51,1,0.63,0.59,0.81,3,0.553,P2,Team_C,Medium,3
10398,Medium,0.6,0.1,4,0.68,0.87,0.64,0,0.42,P2,Team_B,Medium,2
10399,Medium,0.6,0.82,1,0.65,0.42,0.77,1,0.614,P2,Team_C,Medium,3
10400,Medium,0.6,0.57,3,0.69,0.86,0.97,5,0.501,P2,Team_B,Medium,3
10401,Medium,0.6,0.24,4,0.82,0.72,0.44,4,0.521,P2,Team_C,Medium,2
10402,High,0.9,0.35,4,0.6,0.8,0.68,4,0.625,P2,Team_B,Medium,2
10403,Low,0.3,0.27,4,0.66,0.9,0.87,3,0.206,P3,Team_B,Low,1
10404,Medium,0.6,0.56,2,0.31,0.39,0.81,1,0.636,P2,Team_C,Medium,3
10405,High,0.9,0.47,3,0.85,0.76,0.84,4,0.634,P2,Team_A,Medium,3
10406,Medium,0.6,0.26,1,0.53,0.93,0.59,2,0.367,P3,Team_B,Low,1
10407,Medium,0.6,0.23,4,0.65,0.67,0.33,8,0.512,P2,Team_C,Medium,2
10408,Medium,0.6,0.89,4,0.65,0.68,0.56,3,0.504,P2,Team_A,Medium,3
10409,Medium,0.6,0.02,3,0.98,0.89,0.79,2,0.357,P3,Team_B,Low,1
10410,High,0.9,0.03,3,0.79,0.85,0.82,4,0.595,P2,Team_B,Medium,2
10411,Low,0.3,0.44,2,0.66,0.82,0.33,5,0.392,P3,Team_C,Low,1
10412,Low,0.3,0.83,2,0.39,0.53,0.8,6,0.391,P3,Team_B,Low,1
10413,Low,0.3,0.62,2,0.83,0.78,0.65,1,0.37,P3,Team_C,Low,1
10414,High,0.9,0.34,2,0.88,0.7,0.46,0,0.722,P1,Team_A,High,5
10415,High,0.9,0.26,3,0.76,0.59,0.93,1,0.569,P2,Team_C,Medium,2
10416,Low,0.3,0.92,2,0.56,0.6,0.94,3,0.416,P3,Team_B,Low,1
10417,Medium,0.6,0.24,3,0.98,0.94,0.9,6,0.503,P2,Team_B,Medium,2
10418,Low,0.3,0.51,1,0.77,0.25,0.59,4,0.441,P2,Team_C,Medium,2
10419,Low,0.3,0.19,3,0.97,0.83,0.72,6,0.272,P3,Team_B,Low,1
10420,Medium,0.6,0.39,2,0.33,0.85,0.49,7,0.64,P2,Team_B,Medium,3
10421,Medium,0.6,0.3,3,0.9,0.62,0.94,3,0.504,P2,Team_A,Medium,2
10422,High,0.9,0.58,3,0.53,0.91,0.99,2,0.581,P2,Team_B,Medium,3
10423,High,0.9,0.48,1,0.68,0.63,0.76,2,0.678,P1,Team_C,High,6
10424,Medium,0.6,0.43,4,0.94,0.86,0.88,3,0.502,P2,Team_B,Medium,2
10425,High,0.9,0.26,4,0.54,0.34,0.99,3,0.553,P2,Team_C,Medium,2
10426,Medium,0.6,0.35,4,0.73,0.7,0.56,4,0.353,P3,Team_A,Low,1
10427,Low,0.3,0.85,1,0.87,0.39,0.51,2,0.501,P2,Team_C,Medium,2
10428,Medium,0.6,0.54,3,0.78,0.5,0.67,4,0.498,P2,Team_C,Medium,2
10429,Low,0.3,0.48,4,0.38,0.62,0.95,2,0.299,P3,Team_C,Low,1
10430,Low,0.3,0.29,1,0.81,0.56,0.65,2,0.282,P3,Team_C,Low,1
10431,High,0.9,0.47,1,0.78,0.62,0.66,6,0.726,P1,Team_C,High,4
10432,Medium,0.6,0.67,1,0.54,0.32,0.38,4,0.655,P1,Team_A,High,6
10433,Medium,0.6,0.74,1,0.53,0.74,0.85,3,0.548,P2,Team_C,Medium,3
10434,Medium,0.6,0.73,3,0.89,0.82,0.54,4,0.514,P2,Team_B,Medium,3
10435,High,0.9,0.24,2,0.97,0.98,0.42,3,0.66,P1,Team_A,High,5
10436,High,0.9,0.74,1,0.93,0.65,0.66,2,0.785,P1,Team_A,High,5
10437,Medium,0.6,0.4,2,0.91,0.79,0.76,6,0.536,P2,Team_B,Medium,2
10438,Medium,0.6,0.5,3,0.79,0.97,0.87,6,0.487,P2,Team_B,Medium,2
10439,High,0.9,0.32,3,0.68,0.61,0.93,2,0.587,P2,Team_C,Medium,2
10440,Low,0.3,0.03,1,0.38,0.83,0.88,4,0.087,P3,Team_C,Low,1
10441,High,0.9,0.51,4,0.3,0.72,0.6,4,0.64,P2,Team_B,Medium,3
10442,Low,0.3,0.11,4,0.72,0.86,0.48,2,0.249,P3,Team_C,Low,1
10443,Low,0.3,0.71,4,0.7,0.46,0.89,5,0.403,P3,Team_C,Low,1
10444,Low,0.3,0.67,3,0.64,0.63,0.49,2,0.386,P3,Team_C,Low,1
10445,Medium,0.6,0.2,4,0.89,0.87,0.63,1,0.494,P2,Team_B,Medium,2
10446,Medium,0.6,0.78,1,0.78,0.58,0.74,2,0.59,P2,Team_A,Medium,2
10447,Low,0.3,0.94,1,0.82,0.6,0.98,3,0.491,P2,Team_C,Medium,2
10448,Low,0.3,0.26,2,0.88,0.44,0.66,7,0.377,P3,Team_C,Low,1
10449,Low,0.3,0.71,3,0.68,0.56,0.75,3,0.326,P3,Team_B,Low,1
10450,Medium,0.6,0.52,4,0.83,0.82,0.91,2,0.372,P3,Team_B,Low,1
10451,Low,0.3,0.08,1,0.57,0.67,0.48,1,0.251,P3,Team_C,Low,1
10452,High,0.9,0.37,1,0.26,0.75,0.71,9,0.743,P1,Team_B,High,5
10453,Low,0.3,0.14,1,0.64,0.9,0.86,2,0.209,P3,Team_B,Low,1
10454,Medium,0.6,0.22,3,0.68,0.36,0.88,2,0.401,P3,Team_A,Low,1
10455,Medium,0.6,0.65,2,0.95,0.36,0.39,2,0.639,P2,Team_C,Medium,3
10456,Low,0.3,0.91,2,0.61,0.64,0.41,2,0.472,P2,Team_B,Medium,2
10457,High,0.9,0.65,2,0.54,0.47,0.32,5,0.73,P1,Team_C,High,5
10458,High,0.9,0.68,2,0.72,0.19,0.36,3,0.747,P1,Team_C,High,5
10459,Low,0.3,0.33,4,0.88,0.69,0.66,4,0.237,P3,Team_B,Low,1
10460,High,0.9,0.49,1,0.68,0.77,0.92,4,0.552,P2,Team_B,Medium,2
10461,Low,0.3,0.13,4,0.88,0.52,0.93,7,0.257,P3,Team_C,Low,1
10462,Medium,0.6,0.57,2,0.91,0.91,0.48,3,0.581,P2,Team_B,Medium,3
10463,High,0.9,0.26,2,0.86,0.74,0.64,5,0.689,P1,Team_A,High,6
10464,Medium,0.6,0.77,2,0.86,0.75,0.8,2,0.624,P2,Team_B,Medium,3
10465,Low,0.3,0.16,1,0.7,0.49,0.83,1,0.225,P3,Team_B,Low,1
10466,High,0.9,0.61,4,0.67,0.79,0.89,3,0.651,P1,Team_B,High,4
10467,High,0.9,0.49,3,0.47,0.94,0.35,4,0.663,P1,Team_B,High,6
10468,Low,0.3,0.85,4,0.59,0.94,0.6,4,0.404,P3,Team_C,Low,1
10469,Medium,0.6,0.07,2,0.91,0.74,0.33,4,0.432,P2,Team_A,Medium,2
10470,Low,0.3,0.61,2,0.68,0.69,0.65,2,0.312,P3,Team_B,Low,1
10471,High,0.9,0.79,4,0.19,0.46,0.68,4,0.743,P1,Team_C,High,4
10472,Medium,0.6,0.25,2,0.68,0.85,0.41,1,0.388,P3,Team_B,Low,1
10473,Low,0.3,0.3,2,0.85,0.83,0.9,8,0.258,P3,Team_C,Low,1
10474,Medium,0.6,0.58,4,0.82,0.51,0.43,4,0.557,P2,Team_A,Medium,2
10475,Medium,0.6,0.41,2,0.79,0.65,0.58,4,0.482,P2,Team_A,Medium,3
10476,High,0.9,0.16,2,0.67,0.81,0.59,2,0.51,P2,Team_B,Medium,2
10477,Low,0.3,0.45,2,0.93,0.58,0.49,5,0.406,P3,Team_B,Low,1
10478,High,0.9,0.33,3,0.89,0.3,0.34,4,0.77,P1,Team_A,High,5
10479,High,0.9,0.04,3,0.56,0.5,0.98,2,0.603,P2,Team_C,Medium,2
10480,High,0.9,0.62,1,0.9,0.48,0.56,4,0.704,P1,Team_A,High,5
10481,Low,0.3,0.39,2,0.81,0.92,0.67,4,0.213,P3,Team_B,Low,1
10482,Medium,0.6,0.49,1,0.67,0.68,0.66,4,0.484,P2,Team_C,Medium,2
10483,Medium,0.6,0.83,1,0.77,0.95,0.72,3,0.571,P2,Team_B,Medium,3
10484,High,0.9,0.97,3,0.49,0.74,0.75,2,0.66,P1,Team_B,High,6
10485,High,0.9,0.31,2,0.86,0.91,0.6,6,0.613,P2,Team_A,Medium,2
10486,High,0.9,0.5,3,0.75,0.55,0.83,0,0.595,P2,Team_C,Medium,3
10487,Medium,0.6,0.52,1,0.44,0.57,0.48,7,0.581,P2,Team_A,Medium,3
10488,Low,0.3,0.43,1,0.81,0.72,0.38,1,0.425,P2,Team_B,Medium,3
10489,Medium,0.6,0.65,1,0.51,0.46,0.91,5,0.526,P2,Team_C,Medium,3
10490,Medium,0.6,0.39,4,0.87,0.9,0.81,2,0.503,P2,Team_B,Medium,3
10491,Medium,0.6,0.52,4,0.47,0.58,0.89,5,0.539,P2,Team_C,Medium,3
10492,Medium,0.6,0.57,3,0.96,0.77,0.74,3,0.481,P2,Team_B,Medium,3
10493,Low,0.3,0.29,3,0.95,0.77,0.96,1,0.275,P3,Team_B,Low,1
10494,Medium,0.6,0.48,2,0.7,0.5,0.77,2,0.539,P2,Team_C,Medium,3
10495,Medium,0.6,0.42,4,0.85,0.98,0.47,2,0.476,P2,Team_B,Medium,3
10496,Low,0.3,0.57,4,0.8,0.63,0.65,0,0.329,P3,Team_C,Low,1
10497,Low,0.3,0.2,4,0.93,0.79,0.58,0,0.253,P3,Team_C,Low,1
10498,Medium,0.6,0.44,4,0.72,0.44,0.77,2,0.443,P2,Team_C,Medium,3
10499,Medium,0.6,0.26,3,0.67,0.81,0.55,3,0.469,P2,Team_B,Medium,2
10500,High,0.9,0.47,2,0.7,0.86,0.53,1,0.802,P1,Team_B,High,6
10501,Medium,0.6,0.26,3,0.71,0.52,0.41,5,0.457,P2,Team_A,Medium,2
10502,High,0.9,0.29,2,0.99,0.95,0.42,2,0.682,P1,Team_A,High,5
10503,Medium,0.6,0.29,3,0.67,0.21,0.6,1,0.464,P2,Team_C,Medium,3
10504,Low,0.3,0.56,4,0.54,0.68,0.91,4,0.339,P3,Team_C,Low,1
10505,Low,0.3,0.14,4,0.74,0.62,0.47,3,0.323,P3,Team_B,Low,1
10506,High,0.9,0.4,3,0.96,0.5,0.89,3,0.738,P1,Team_A,High,4
10507,Medium,0.6,0.84,1,0.42,0.69,0.59,4,0.585,P2,Team_C,Medium,3
10508,High,0.9,0.51,1,0.58,0.81,0.97,4,0.577,P2,Team_B,Medium,2
10509,Low,0.3,0.56,3,0.74,0.21,0.63,2,0.35,P3,Team_C,Low,1
10510,Low,0.3,0.81,4,0.45,0.46,0.8,4,0.372,P3,Team_B,Low,1
10511,Medium,0.6,0.42,4,0.91,0.43,0.54,6,0.517,P2,Team_C,Medium,3
10512,Medium,0.6,0.7,1,0.94,0.72,0.59,3,0.544,P2,Team_A,Medium,3
10513,High,0.9,0.74,1,0.63,0.47,0.84,0,0.702,P1,Team_C,High,4
10514,Low,0.3,0.8,1,0.77,0.59,0.54,4,0.393,P3,Team_C,Low,1
10515,High,0.9,0.71,4,0.89,0.59,0.37,3,0.727,P1,Team_A,High,4
10516,Low,0.3,0.31,3,0.66,0.58,0.83,2,0.296,P3,Team_C,Low,1
10517,High,0.9,0.83,3,0.81,0.82,0.88,1,0.666,P1,Team_A,High,4
10518,Low,0.3,0.22,2,0.52,0.88,0.9,11,0.308,P3,Team_C,Low,1
10519,High,0.9,0.91,1,0.94,0.52,0.86,1,0.679,P1,Team_A,High,5
10520,Low,0.3,0.8,4,0.56,0.73,0.33,2,0.373,P3,Team_C,Low,1
10521,Medium,0.6,0.64,3,0.89,0.44,0.31,7,0.619,P2,Team_C,Medium,3
10522,Medium,0.6,0.76,1,0.56,0.78,0.6,3,0.588,P2,Team_B,Medium,2
10523,Medium,0.6,0.6,1,0.69,0.9,0.94,4,0.501,P2,Team_B,Medium,2
10524,Medium,0.6,0.22,3,0.82,0.33,0.83,6,0.499,P2,Team_C,Medium,3
10525,Low,0.3,0.35,1,0.69,0.85,0.45,4,0.283,P3,Team_C,Low,1
10526,High,0.9,0.13,4,0.84,0.56,0.85,2,0.656,P1,Team_A,High,6
10527,Medium,0.6,0.24,3,0.93,0.88,0.6,3,0.339,P3,Team_B,Low,1
10528,Medium,0.6,0.5,3,0.81,0.89,0.88,4,0.479,P2,Team_B,Medium,3
10529,Low,0.3,0.78,2,0.92,0.87,0.57,2,0.444,P2,Team_B,Medium,3
10530,Low,0.3,0.36,1,0.38,0.33,0.63,3,0.359,P3,Team_C,Low,1
10531,Low,0.3,0.86,2,0.55,0.31,0.4,1,0.437,P2,Team_C,Medium,2
10532,Medium,0.6,0.53,3,0.74,0.69,0.77,1,0.489,P2,Team_C,Medium,2
10533,Low,0.3,0.05,2,0.7,0.71,0.49,5,0.423,P2,Team_C,Medium,3
10534,Low,0.3,0.75,1,0.72,0.54,0.37,2,0.406,P3,Team_C,Low,1
10535,High,0.9,0.29,2,0.78,0.62,0.9,3,0.589,P2,Team_C,Medium,3
10536,Low,0.3,0.68,3,0.84,0.7,0.39,1,0.442,P2,Team_B,Medium,2
10537,Medium,0.6,0.3,3,0.8,0.14,0.44,3,0.637,P2,Team_A,Medium,3
10538,High,0.9,0.33,2,0.67,0.57,0.98,4,0.647,P2,Team_C,Medium,2
10539,Medium,0.6,0.73,1,0.89,0.91,0.97,3,0.439,P2,Team_B,Medium,2
10540,High,0.9,0.93,2,0.88,0.81,0.86,2,0.646,P2,Team_A,Medium,2
10541,Low,0.3,0.53,1,0.86,0.55,0.51,1,0.374,P3,Team_B,Low,1
10542,Low,0.3,0.17,3,0.69,0.51,0.57,5,0.358,P3,Team_C,Low,1
10543,Low,0.3,0.69,2,0.73,0.36,0.63,1,0.444,P2,Team_B,Medium,3
10544,Low,0.3,0.46,4,0.59,0.79,0.52,6,0.34,P3,Team_B,Low,1
10545,Medium,0.6,0.68,2,0.57,0.51,0.3,2,0.513,P2,Team_C,Medium,3
10546,Low,0.3,0.36,4,0.63,0.69,0.33,3,0.393,P3,Team_C,Low,1
10547,Medium,0.6,0.16,4,0.8,0.82,0.44,2,0.48,P2,Team_B,Medium,3
10548,Low,0.3,0.64,1,0.58,0.36,0.32,4,0.367,P3,Team_B,Low,1
10549,Medium,0.6,0.52,4,0.76,0.75,0.62,1,0.575,P2,Team_B,Medium,3
10550,High,0.9,0.37,2,0.73,0.58,0.7,6,0.626,P2,Team_C,Medium,2
10551,Medium,0.6,0.67,1,0.56,0.73,0.62,4,0.522,P2,Team_A,Medium,3
10552,Low,0.3,0.44,3,0.68,0.78,0.6,1,0.345,P3,Team_B,Low,1
10553,Low,0.3,0.67,1,0.74,0.72,0.63,4,0.41,P3,Team_C,Low,1
10554,High,0.9,0.42,3,0.25,0.93,0.8,3,0.611,P2,Team_B,Medium,2
10555,Low,0.3,0.63,3,0.97,0.95,0.53,7,0.373,P3,Team_B,Low,1
10556,Medium,0.6,0.64,2,0.8,0.66,0.42,4,0.58,P2,Team_A,Medium,2
10557,Medium,0.6,0.79,1,0.82,0.84,0.36,5,0.578,P2,Team_B,Medium,2
10558,Low,0.3,0.72,1,0.85,0.31,0.89,3,0.354,P3,Team_B,Low,1
10559,High,0.9,0.47,4,0.7,0.86,0.77,3,0.62,P2,Team_B,Medium,3
10560,Medium,0.6,0.65,1,0.88,0.52,0.96,2,0.531,P2,Team_C,Medium,3
10561,Medium,0.6,0.42,1,0.85,0.89,0.39,2,0.622,P2,Team_B,Medium,3
10562,Medium,0.6,0.85,2,0.85,0.59,0.56,3,0.603,P2,Team_C,Medium,3
10563,Medium,0.6,0.42,3,0.47,0.78,0.34,4,0.57,P2,Team_B,Medium,3
10564,High,0.9,0.65,4,0.71,0.76,0.45,3,0.747,P1,Team_B,High,4
10565,Medium,0.6,0.51,3,0.76,0.54,0.86,3,0.501,P2,Team_C,Medium,2
10566,Medium,0.6,0.21,2,0.83,0.69,0.93,7,0.518,P2,Team_A,Medium,2
10567,Low,0.3,0.15,2,0.72,0.97,0.33,5,0.265,P3,Team_C,Low,1
10568,Low,0.3,0.78,2,0.76,0.78,0.33,3,0.489,P2,Team_C,Medium,2
10569,High,0.9,0.46,1,0.56,0.59,0.53,1,0.746,P1,Team_C,High,4
10570,Medium,0.6,0.68,4,0.51,0.82,0.86,5,0.52,P2,Team_B,Medium,2
10571,Low,0.3,0.17,2,0.57,0.56,0.44,2,0.365,P3,Team_B,Low,1
10572,Low,0.3,0.45,1,0.59,0.38,0.46,3,0.452,P2,Team_C,Medium,2
10573,High,0.9,0.36,1,0.52,0.44,0.99,1,0.595,P2,Team_C,Medium,2
10574,Low,0.3,0.25,3,0.96,0.84,0.6,3,0.183,P3,Team_B,Low,1
10575,Low,0.3,0.35,4,0.83,0.68,0.86,0,0.287,P3,Team_B,Low,1
10576,High,0.9,0.22,4,0.85,0.64,0.65,1,0.631,P2,Team_A,Medium,2
10577,Low,0.3,0.77,3,0.43,0.61,0.54,4,0.375,P3,Team_B,Low,1
10578,Low,0.3,0.76,2,0.67,0.74,0.76,4,0.384,P3,Team_C,Low,1
10579,Low,0.3,0.72,3,0.84,0.51,0.35,1,0.439,P2,Team_B,Medium,2
10580,Low,0.3,0.51,1,0.79,0.66,0.59,4,0.335,P3,Team_C,Low,1
10581,Medium,0.6,0.84,4,0.91,0.64,0.77,2,0.547,P2,Team_C,Medium,3
10582,Low,0.3,0.63,3,0.83,0.35,1.0,1,0.341,P3,Team_C,Low,1
10583,Medium,0.6,0.36,4,0.72,0.65,0.42,5,0.484,P2,Team_A,Medium,2
10584,Low,0.3,0.68,2,0.86,0.6,0.61,1,0.483,P2,Team_B,Medium,2
10585,Medium,0.6,0.16,3,0.9,0.73,0.51,1,0.47,P2,Team_C,Medium,2
10586,Low,0.3,0.12,4,0.84,0.67,0.58,3,0.236,P3,Team_B,Low,1
10587,Medium,0.6,0.48,4,0.8,0.84,0.33,2,0.538,P2,Team_B,Medium,3
10588,High,0.9,0.91,3,0.91,0.69,0.95,2,0.782,P1,Team_A,High,4
10589,Low,0.3,0.69,3,0.96,0.57,0.94,3,0.332,P3,Team_C,Low,1
10590,Low,0.3,0.7,2,0.72,0.49,0.97,5,0.347,P3,Team_C,Low,1
10591,Medium,0.6,0.34,2,0.92,0.63,0.73,2,0.505,P2,Team_A,Medium,3
10592,Medium,0.6,0.15,2,0.78,0.53,0.74,4,0.437,P2,Team_A,Medium,2
10593,Low,0.3,0.29,4,0.7,0.96,0.85,3,0.288,P3,Team_B,Low,1
10594,Low,0.3,0.89,2,0.87,0.62,0.68,4,0.454,P2,Team_C,Medium,2
10595,Medium,0.6,0.68,2,0.65,0.46,0.43,1,0.604,P2,Team_C,Medium,3
10596,Medium,0.6,0.35,3,0.62,0.87,0.31,2,0.522,P2,Team_B,Medium,3
10597,High,0.9,0.19,1,0.4,0.43,0.53,5,0.651,P1,Team_C,High,4
10598,High,0.9,0.44,4,0.53,0.36,0.44,1,0.69,P1,Team_C,High,4
10599,High,0.9,0.53,3,0.85,0.62,0.88,6,0.613,P2,Team_A,Medium,2
10600,High,0.9,0.59,4,0.4,0.63,0.34,3,0.864,P1,Team_C,High,5
10601,Medium,0.6,0.34,1,0.67,0.2,0.75,1,0.452,P2,Team_C,Medium,2
10602,Medium,0.6,0.69,1,0.87,0.97,0.83,4,0.503,P2,Team_B,Medium,3
10603,Low,0.3,0.7,1,0.85,0.59,0.74,2,0.441,P2,Team_C,Medium,3
10604,High,0.9,0.37,4,0.9,0.81,0.63,4,0.669,P1,Team_A,High,4
10605,High,0.9,0.88,4,0.71,0.97,0.81,5,0.794,P1,Team_B,High,4
10606,Medium,0.6,0.6,2,0.92,0.69,0.9,4,0.46,P2,Team_C,Medium,2
10607,Low,0.3,0.85,1,0.58,0.73,0.86,7,0.395,P3,Team_C,Low,1
10608,High,0.9,0.58,4,0.41,0.84,0.36,5,0.744,P1,Team_B,High,4
10609,Medium,0.6,0.85,1,0.53,0.62,0.38,2,0.597,P2,Team_C,Medium,2
10610,Low,0.3,0.68,3,0.42,0.71,0.91,5,0.333,P3,Team_B,Low,1
10611,High,0.9,0.25,1,0.64,0.43,0.87,4,0.568,P2,Team_C,Medium,3
10612,Medium,0.6,0.31,1,0.55,0.77,0.51,3,0.436,P2,Team_B,Medium,3
10613,Medium,0.6,0.16,2,0.83,0.46,0.95,6,0.39,P3,Team_C,Low,1
10614,High,0.9,0.49,4,0.71,0.61,0.81,1,0.68,P1,Team_C,High,6
10615,Low,0.3,0.35,3,0.88,0.73,0.38,2,0.376,P3,Team_C,Low,1
10616,Medium,0.6,0.19,4,0.87,0.27,0.88,5,0.494,P2,Team_A,Medium,3
10617,Low,0.3,0.47,4,0.88,0.43,0.47,4,0.358,P3,Team_B,Low,1
10618,Low,0.3,0.81,2,0.54,0.46,0.4,5,0.498,P2,Team_C,Medium,2
10619,Medium,0.6,0.38,2,0.69,0.82,0.96,2,0.392,P3,Team_B,Low,1
10620,Low,0.3,0.91,2,0.48,0.9,0.88,4,0.488,P2,Team_B,Medium,3
10621,Low,0.3,0.56,3,0.94,0.78,0.86,2,0.315,P3,Team_B,Low,1
10622,High,0.9,0.12,2,0.82,0.65,0.64,3,0.577,P2,Team_A,Medium,3
10623,Low,0.3,0.53,4,0.33,0.65,0.92,4,0.293,P3,Team_B,Low,1
10624,Medium,0.6,0.21,1,0.98,0.67,0.76,6,0.559,P2,Team_A,Medium,3
10625,Medium,0.6,0.73,4,0.89,0.63,0.33,4,0.61,P2,Team_A,Medium,3
10626,Medium,0.6,0.59,4,0.59,0.27,0.92,2,0.526,P2,Team_C,Medium,3
10627,Medium,0.6,0.54,1,0.74,0.54,0.54,3,0.535,P2,Team_A,Medium,3
10628,High,0.9,0.68,4,0.79,0.59,0.92,3,0.697,P1,Team_C,High,6
10629,Medium,0.6,0.24,3,0.88,0.7,0.47,1,0.508,P2,Team_C,Medium,2
10630,High,0.9,0.42,1,0.91,0.49,0.9,5,0.655,P1,Team_A,High,4
10631,Low,0.3,0.41,3,0.68,0.88,0.31,2,0.286,P3,Team_C,Low,1
10632,Low,0.3,0.4,3,0.73,0.87,0.73,2,0.228,P3,Team_B,Low,1
10633,High,0.9,0.47,1,0.84,0.8,0.31,3,0.716,P1,Team_A,High,5
10634,Low,0.3,0.9,3,0.87,0.33,0.82,3,0.439,P2,Team_C,Medium,2
10635,Medium,0.6,0.58,3,0.55,0.63,0.59,4,0.594,P2,Team_A,Medium,2
10636,Low,0.3,0.67,4,0.82,0.74,0.41,1,0.376,P3,Team_B,Low,1
10637,High,0.9,0.25,2,0.38,0.34,0.73,0,0.637,P2,Team_C,Medium,2
10638,High,0.9,0.42,1,0.91,0.64,0.33,6,0.686,P1,Team_A,High,6
10639,Low,0.3,0.74,3,0.78,0.41,0.81,5,0.356,P3,Team_C,Low,1
10640,Medium,0.6,0.5,4,0.94,0.61,0.64,2,0.502,P2,Team_A,Medium,3
10641,Low,0.3,0.07,4,0.92,0.61,0.66,5,0.192,P3,Team_C,Low,1
10642,Medium,0.6,0.77,2,0.74,0.41,0.87,2,0.579,P2,Team_C,Medium,2
10643,High,0.9,0.87,4,0.68,0.76,0.55,2,0.732,P1,Team_B,High,6
10644,Low,0.3,0.34,2,0.87,0.86,0.48,3,0.284,P3,Team_C,Low,1
10645,Medium,0.6,0.29,2,0.5,0.51,0.92,5,0.48,P2,Team_C,Medium,2
10646,Medium,0.6,0.18,4,0.6,0.68,0.7,7,0.474,P2,Team_A,Medium,2
10647,Low,0.3,0.38,4,0.83,0.68,0.67,2,0.319,P3,Team_C,Low,1
10648,Medium,0.6,0.6,4,0.74,0.63,0.42,3,0.577,P2,Team_C,Medium,3
10649,Medium,0.6,0.97,4,0.71,0.58,0.67,2,0.594,P2,Team_C,Medium,3
10650,Low,0.3,0.35,4,0.78,0.88,0.43,1,0.371,P3,Team_C,Low,1
10651,Low,0.3,0.66,3,0.64,0.46,0.5,2,0.501,P2,Team_C,Medium,2
10652,Medium,0.6,0.15,4,0.54,0.65,0.99,1,0.386,P3,Team_A,Low,1
10653,Low,0.3,0.48,2,0.37,0.97,0.41,3,0.41,P3,Team_C,Low,1
10654,Low,0.3,0.12,1,0.57,0.64,0.77,1,0.205,P3,Team_C,Low,1
10655,Low,0.3,0.44,3,0.75,0.7,0.35,7,0.362,P3,Team_B,Low,1
10656,Medium,0.6,0.29,4,0.96,0.45,0.91,1,0.532,P2,Team_C,Medium,3
10657,High,0.9,0.29,4,0.36,0.73,0.87,3,0.569,P2,Team_B,Medium,3
10658,Low,0.3,0.45,1,0.5,0.6,0.54,4,0.271,P3,Team_C,Low,1
10659,High,0.9,0.18,4,0.89,0.73,0.39,4,0.628,P2,Team_A,Medium,2
10660,Medium,0.6,0.49,1,0.65,0.47,0.66,4,0.544,P2,Team_A,Medium,3
10661,Low,0.3,0.69,4,0.59,0.9,0.43,4,0.496,P2,Team_B,Medium,2
10662,Low,0.3,0.83,4,0.92,0.81,0.72,2,0.312,P3,Team_B,Low,1
10663,High,0.9,0.63,2,0.77,0.76,0.36,6,0.709,P1,Team_B,High,6
10664,Medium,0.6,0.16,2,0.91,0.89,0.58,5,0.433,P2,Team_B,Medium,2
10665,Medium,0.6,0.85,2,0.68,0.61,0.59,2,0.514,P2,Team_A,Medium,2
10666,Medium,0.6,0.03,2,0.54,0.32,0.4,0,0.512,P2,Team_A,Medium,2
10667,Low,0.3,0.56,3,0.82,0.36,0.56,0,0.343,P3,Team_B,Low,1
10668,Low,0.3,0.25,3,0.68,0.6,0.32,2,0.291,P3,Team_B,Low,1
10669,Medium,0.6,0.87,3,0.82,0.84,0.47,5,0.717,P1,Team_B,High,4
10670,Medium,0.6,0.37,2,0.87,0.46,0.32,0,0.521,P2,Team_A,Medium,2
10671,Low,0.3,0.51,4,0.61,0.7,0.37,0,0.295,P3,Team_C,Low,1
10672,Medium,0.6,0.41,2,0.63,0.69,0.86,2,0.455,P2,Team_C,Medium,3
10673,Medium,0.6,0.29,1,0.74,0.81,0.45,1,0.439,P2,Team_B,Medium,3
10674,Medium,0.6,0.25,2,0.64,0.58,0.3,3,0.48,P2,Team_A,Medium,3
10675,Medium,0.6,0.15,1,0.9,0.53,0.51,4,0.426,P2,Team_A,Medium,3
10676,Medium,0.6,0.35,4,0.46,0.61,0.44,6,0.487,P2,Team_C,Medium,2
10677,Medium,0.6,0.63,4,0.74,0.64,0.85,6,0.564,P2,Team_A,Medium,2
10678,Low,0.3,0.8,3,0.62,0.87,0.81,3,0.402,P3,Team_C,Low,1
10679,High,0.9,0.39,4,0.65,0.29,0.35,2,0.703,P1,Team_C,High,4
10680,Medium,0.6,0.27,2,0.62,0.63,0.98,3,0.393,P3,Team_C,Low,1
10681,High,0.9,0.88,4,0.62,0.7,0.36,1,0.748,P1,Team_B,High,5
10682,Low,0.3,0.32,4,0.82,0.99,0.95,1,0.152,P3,Team_C,Low,1
10683,High,0.9,0.87,1,0.92,0.75,0.74,4,0.717,P1,Team_A,High,5
10684,Low,0.3,0.4,1,0.91,0.53,0.44,5,0.48,P2,Team_C,Medium,3
10685,High,0.9,0.79,2,0.8,0.81,0.42,1,0.692,P1,Team_A,High,6
10686,Low,0.3,0.24,1,0.87,0.65,0.51,1,0.331,P3,Team_B,Low,1
10687,Low,0.3,0.7,1,0.85,0.22,0.91,6,0.411,P3,Team_C,Low,1
10688,Medium,0.6,0.62,3,0.48,0.45,0.51,3,0.547,P2,Team_C,Medium,2
10689,Medium,0.6,0.59,1,0.55,0.8,0.5,5,0.472,P2,Team_B,Medium,2
10690,High,0.9,0.35,4,0.29,0.86,0.93,1,0.573,P2,Team_B,Medium,2
10691,Low,0.3,0.54,2,0.71,0.64,0.83,4,0.363,P3,Team_C,Low,1
10692,Low,0.3,0.47,1,0.77,0.7,0.53,7,0.38,P3,Team_B,Low,1
10693,Medium,0.6,0.45,1,0.9,0.81,0.79,3,0.476,P2,Team_B,Medium,2
10694,Medium,0.6,0.46,3,0.84,0.79,0.62,1,0.439,P2,Team_B,Medium,2
10695,Medium,0.6,0.25,2,0.59,0.69,0.98,4,0.428,P2,Team_C,Medium,2
10696,High,0.9,0.35,1,0.81,0.71,0.56,7,0.617,P2,Team_A,Medium,2
10697,Medium,0.6,0.61,2,0.76,0.7,0.88,5,0.406,P3,Team_C,Low,1
10698,Low,0.3,0.49,1,0.8,0.18,0.6,2,0.435,P2,Team_B,Medium,2
10699,High,0.9,0.75,4,0.46,0.93,0.92,3,0.753,P1,Team_B,High,5
10700,High,0.9,0.3,3,0.62,0.94,0.37,3,0.648,P2,Team_B,Medium,2
10701,High,0.9,0.6,1,0.89,0.92,0.49,4,0.715,P1,Team_A,High,5
10702,Low,0.3,0.49,1,0.87,0.43,0.33,5,0.439,P2,Team_B,Medium,2
10703,Low,0.3,0.83,1,0.87,0.33,0.92,1,0.396,P3,Team_B,Low,1
10704,Medium,0.6,0.59,1,0.5,0.78,0.65,5,0.466,P2,Team_B,Medium,3
10705,Medium,0.6,0.17,1,0.35,0.99,0.94,5,0.55,P2,Team_B,Medium,3
10706,High,0.9,0.34,1,0.95,0.25,0.97,2,0.627,P2,Team_A,Medium,3
10707,High,0.9,0.73,3,0.74,0.76,0.44,4,0.712,P1,Team_B,High,4
10708,Medium,0.6,0.26,3,0.84,0.6,0.76,3,0.367,P3,Team_C,Low,1
10709,Low,0.3,0.11,3,0.63,0.86,0.61,3,0.271,P3,Team_B,Low,1
10710,Low,0.3,0.3,3,0.69,0.83,0.6,3,0.324,P3,Team_C,Low,1
10711,Low,0.3,0.29,1,0.72,0.43,0.38,4,0.394,P3,Team_B,Low,1
10712,Low,0.3,0.72,2,0.4,0.51,0.53,5,0.324,P3,Team_C,Low,1
10713,Medium,0.6,0.25,1,0.88,0.59,0.44,6,0.507,P2,Team_A,Medium,3
10714,Medium,0.6,0.84,4,0.68,0.66,0.57,3,0.535,P2,Team_C,Medium,3
10715,Low,0.3,0.31,2,0.9,0.57,0.35,3,0.324,P3,Team_B,Low,1
10716,Medium,0.6,0.38,4,0.65,0.85,0.6,4,0.533,P2,Team_B,Medium,3
10717,High,0.9,0.77,2,0.76,0.95,0.43,2,0.599,P2,Team_B,Medium,3
10718,Low,0.3,0.44,3,0.81,0.58,0.55,5,0.45,P2,Team_C,Medium,2
10719,Low,0.3,0.68,1,0.8,0.66,0.56,6,0.444,P2,Team_C,Medium,3
10720,Low,0.3,0.27,3,0.81,0.42,0.82,9,0.384,P3,Team_C,Low,1
10721,Low,0.3,0.34,1,0.56,0.5,0.57,4,0.308,P3,Team_B,Low,1
10722,Low,0.3,0.92,1,0.83,0.77,0.56,2,0.482,P2,Team_B,Medium,3
10723,Low,0.3,0.26,4,0.44,0.74,0.39,6,0.212,P3,Team_C,Low,1
10724,Low,0.3,0.28,2,0.63,0.74,0.35,4,0.415,P3,Team_B,Low,1
10725,Low,0.3,0.46,4,0.88,0.95,0.37,3,0.413,P3,Team_C,Low,1
10726,High,0.9,0.75,4,0.91,0.96,0.92,5,0.746,P1,Team_A,High,6
10727,High,0.9,0.16,3,0.49,0.75,0.36,1,0.532,P2,Team_B,Medium,3
10728,Medium,0.6,0.85,4,0.75,0.16,0.58,0,0.64,P2,Team_C,Medium,3
10729,Low,0.3,0.56,2,0.8,0.6,0.4,4,0.318,P3,Team_C,Low,1
10730,Medium,0.6,0.31,1,0.87,0.87,0.59,5,0.512,P2,Team_B,Medium,3
10731,High,0.9,0.84,2,0.91,0.67,0.3,5,0.771,P1,Team_A,High,5
10732,Medium,0.6,0.79,3,0.53,0.89,0.91,4,0.501,P2,Team_B,Medium,2
10733,Medium,0.6,0.24,3,0.8,0.59,0.44,2,0.467,P2,Team_A,Medium,3
10734,Medium,0.6,0.94,4,0.69,0.83,0.87,3,0.519,P2,Team_B,Medium,2
10735,Low,0.3,0.81,1,0.73,0.49,0.55,1,0.456,P2,Team_C,Medium,2
10736,High,0.9,0.77,2,0.49,0.47,0.42,5,0.855,P1,Team_C,High,6
10737,High,0.9,0.37,2,0.84,0.96,0.87,1,0.595,P2,Team_A,Medium,2
10738,High,0.9,0.67,4,0.82,0.62,0.72,0,0.674,P1,Team_A,High,6
10739,High,0.9,0.33,4,0.66,0.64,0.86,4,0.601,P2,Team_C,Medium,2
10740,Low,0.3,0.86,4,0.75,0.81,0.97,4,0.367,P3,Team_C,Low,1
10741,High,0.9,0.47,4,0.84,0.74,0.61,1,0.688,P1,Team_A,High,4
10742,Medium,0.6,0.16,1,0.72,0.47,0.48,2,0.505,P2,Team_A,Medium,3
10743,High,0.9,0.33,1,0.56,0.69,0.31,6,0.618,P2,Team_C,Medium,3
10744,Medium,0.6,0.38,3,0.69,0.8,0.64,0,0.394,P3,Team_B,Low,1
10745,Medium,0.6,0.66,4,0.7,0.42,0.67,4,0.627,P2,Team_A,Medium,2
10746,Low,0.3,0.52,1,0.87,0.61,0.57,6,0.487,P2,Team_B,Medium,2
10747,High,0.9,0.97,2,0.53,0.67,0.94,1,0.637,P2,Team_C,Medium,2
10748,Low,0.3,0.41,3,0.79,0.85,0.44,3,0.273,P3,Team_C,Low,1
10749,Medium,0.6,0.67,2,0.74,0.52,0.61,3,0.562,P2,Team_C,Medium,2
10750,Medium,0.6,0.48,3,0.79,0.9,0.39,5,0.431,P2,Team_B,Medium,3
10751,Low,0.3,0.57,4,0.81,0.74,0.92,2,0.38,P3,Team_B,Low,1
10752,Low,0.3,0.57,3,0.96,0.8,0.76,2,0.323,P3,Team_B,Low,1
10753,High,0.9,0.47,1,0.27,0.74,0.34,1,0.735,P1,Team_B,High,5
10754,Medium,0.6,0.19,2,0.67,0.43,0.35,3,0.498,P2,Team_A,Medium,2
10755,Medium,0.6,0.44,4,0.82,0.69,0.79,3,0.395,P3,Team_C,Low,1
10756,Low,0.3,0.57,3,0.43,0.55,0.7,2,0.358,P3,Team_C,Low,1
10757,High,0.9,0.76,2,0.85,0.83,0.91,1,0.699,P1,Team_A,High,6
10758,Low,0.3,0.5,1,0.73,0.53,0.67,0,0.37,P3,Team_B,Low,1
10759,High,0.9,0.11,1,0.95,0.85,0.91,0,0.557,P2,Team_A,Medium,3
10760,High,0.9,0.67,4,0.46,0.65,0.63,3,0.723,P1,Team_C,High,4
10761,Medium,0.6,0.75,3,0.66,0.3,0.45,3,0.615,P2,Team_C,Medium,2
10762,High,0.9,0.45,4,0.74,0.8,0.96,2,0.677,P1,Team_B,High,5
10763,High,0.9,0.46,4,0.73,0.67,0.31,1,0.672,P1,Team_C,High,4
10764,Medium,0.6,0.35,3,0.72,0.74,0.52,3,0.446,P2,Team_C,Medium,2
10765,Medium,0.6,0.41,4,0.9,0.64,0.4,1,0.525,P2,Team_C,Medium,3
10766,Low,0.3,0.67,4,0.78,0.67,0.78,0,0.369,P3,Team_C,Low,1
10767,Low,0.3,0.17,4,0.8,0.34,0.43,2,0.404,P3,Team_C,Low,1
10768,Medium,0.6,0.36,3,0.76,0.28,0.66,2,0.542,P2,Team_A,Medium,3
10769,Low,0.3,0.24,1,0.62,0.81,0.48,3,0.21,P3,Team_B,Low,1
10770,Medium,0.6,0.82,2,0.91,0.63,0.53,3,0.615,P2,Team_A,Medium,2
10771,Low,0.3,0.74,4,0.82,0.64,0.76,1,0.362,P3,Team_C,Low,1
10772,Medium,0.6,0.47,2,0.73,0.26,0.7,3,0.541,P2,Team_C,Medium,2
10773,Low,0.3,0.4,4,0.95,0.97,0.59,1,0.326,P3,Team_B,Low,1
10774,High,0.9,0.32,3,0.27,0.5,0.38,0,0.67,P1,Team_C,High,4
10775,High,0.9,0.31,1,0.65,0.62,0.42,8,0.711,P1,Team_C,High,4
10776,High,0.9,0.51,2,0.84,0.64,0.99,5,0.715,P1,Team_A,High,5
10777,Medium,0.6,0.38,1,0.43,0.61,0.68,4,0.53,P2,Team_A,Medium,3
10778,High,0.9,0.65,1,0.56,0.29,0.42,3,0.845,P1,Team_C,High,6
10779,Medium,0.6,0.4,4,0.7,0.43,0.6,6,0.568,P2,Team_C,Medium,3
10780,Low,0.3,0.24,3,0.86,0.32,0.34,4,0.462,P2,Team_B,Medium,3
10781,Low,0.3,0.17,4,0.78,0.8,0.73,2,0.238,P3,Team_C,Low,1
10782,High,0.9,0.32,2,0.92,0.85,0.39,4,0.665,P1,Team_A,High,5
10783,Low,0.3,0.34,3,0.56,0.81,0.5,2,0.285,P3,Team_C,Low,1
10784,Medium,0.6,0.68,1,0.75,0.52,0.52,4,0.578,P2,Team_A,Medium,2
10785,Low,0.3,0.48,3,0.96,0.53,0.33,2,0.35,P3,Team_B,Low,1
10786,Low,0.3,0.73,2,0.6,0.88,0.5,4,0.438,P2,Team_C,Medium,3
10787,Medium,0.6,0.43,4,0.94,0.92,0.58,3,0.534,P2,Team_B,Medium,3
10788,Medium,0.6,0.17,1,0.91,0.34,0.85,2,0.426,P2,Team_C,Medium,3
10789,Low,0.3,0.27,4,0.82,0.58,0.52,2,0.226,P3,Team_C,Low,1
10790,Medium,0.6,0.66,1,0.63,0.68,0.47,5,0.53,P2,Team_A,Medium,2
10791,Medium,0.6,0.67,1,0.88,0.62,0.52,3,0.55,P2,Team_C,Medium,3
10792,Medium,0.6,0.89,1,0.82,0.47,0.45,2,0.549,P2,Team_C,Medium,3
10793,Low,0.3,0.34,2,0.85,0.8,0.88,2,0.367,P3,Team_B,Low,1
10794,Medium,0.6,0.6,2,0.68,0.72,0.53,5,0.578,P2,Team_A,Medium,2
10795,Medium,0.6,0.54,3,0.7,0.35,0.39,1,0.501,P2,Team_A,Medium,3
10796,Medium,0.6,0.16,4,0.83,0.5,0.96,1,0.434,P2,Team_A,Medium,2
10797,Medium,0.6,0.24,1,0.59,0.67,0.3,5,0.542,P2,Team_C,Medium,3
10798,Low,0.3,0.79,1,0.85,0.89,0.84,5,0.395,P3,Team_B,Low,1
10799,Medium,0.6,0.3,3,0.6,0.93,0.91,1,0.431,P2,Team_B,Medium,2
10800,Medium,0.6,0.55,2,0.97,0.41,0.57,4,0.526,P2,Team_C,Medium,3
10801,High,0.9,0.41,4,0.37,0.96,0.47,5,0.722,P1,Team_B,High,4
10802,High,0.9,0.26,2,0.86,0.83,0.4,5,0.605,P2,Team_A,Medium,3
10803,Low,0.3,0.71,3,0.39,0.68,0.53,5,0.42,P2,Team_B,Medium,3
10804,Low,0.3,0.56,3,0.9,0.55,0.53,3,0.411,P3,Team_C,Low,1
10805,Medium,0.6,0.42,4,0.83,0.57,0.89,2,0.553,P2,Team_A,Medium,3
10806,Low,0.3,0.43,3,0.39,0.54,0.5,4,0.361,P3,Team_C,Low,1
10807,High,0.9,0.77,4,0.77,0.44,0.98,1,0.587,P2,Team_C,Medium,3
10808,Low,0.3,0.29,1,0.55,0.89,0.45,4,0.322,P3,Team_C,Low,1
10809,High,0.9,0.96,2,0.68,0.9,0.6,3,0.719,P1,Team_B,High,6
10810,Low,0.3,0.45,3,0.7,0.77,0.72,5,0.384,P3,Team_B,Low,1
10811,Low,0.3,0.37,3,0.77,0.63,0.64,1,0.275,P3,Team_C,Low,1
10812,High,0.9,0.69,3,0.88,0.89,0.98,4,0.585,P2,Team_A,Medium,3
10813,Medium,0.6,0.4,4,0.75,0.82,0.72,1,0.421,P2,Team_B,Medium,2
10814,Medium,0.6,0.72,3,0.89,0.47,0.92,1,0.575,P2,Team_A,Medium,3
10815,Low,0.3,0.51,1,0.87,0.87,0.55,3,0.369,P3,Team_B,Low,1
10816,High,0.9,0.54,1,0.83,0.71,0.99,3,0.655,P1,Team_A,High,6
10817,Medium,0.6,0.92,3,0.86,0.72,0.95,4,0.523,P2,Team_A,Medium,3
10818,Medium,0.6,0.3,2,0.67,0.66,0.64,3,0.531,P2,Team_A,Medium,2
10819,High,0.9,0.35,1,0.56,0.2,0.68,3,0.712,P1,Team_C,High,6
10820,Low,0.3,0.43,1,0.85,0.74,0.35,0,0.323,P3,Team_C,Low,1
10821,High,0.9,0.37,2,0.69,0.64,0.51,3,0.735,P1,Team_C,High,5
10822,Medium,0.6,0.57,1,0.87,0.68,0.41,4,0.599,P2,Team_A,Medium,3
10823,Medium,0.6,0.67,3,0.88,0.66,0.76,5,0.605,P2,Team_A,Medium,2
10824,Medium,0.6,0.66,4,0.88,0.44,0.7,7,0.536,P2,Team_A,Medium,2
10825,Low,0.3,0.64,2,0.7,0.75,0.43,3,0.455,P2,Team_B,Medium,3
10826,Medium,0.6,0.87,4,0.53,0.5,0.33,2,0.613,P2,Team_C,Medium,2
10827,Medium,0.6,0.48,1,0.79,0.92,0.52,1,0.652,P1,Team_B,High,6
10828,Medium,0.6,0.87,1,0.8,0.79,0.61,1,0.681,P1,Team_B,High,4
10829,High,0.9,0.5,4,0.57,0.75,0.39,6,0.731,P1,Team_B,High,6
10830,Low,0.3,0.83,1,0.63,0.74,0.45,1,0.371,P3,Team_C,Low,1
10831,Medium,0.6,0.68,2,0.95,0.79,0.68,4,0.547,P2,Team_B,Medium,2
10832,High,0.9,0.83,2,0.52,0.56,0.66,1,0.748,P1,Team_C,High,6
10833,Low,0.3,0.87,2,0.74,0.93,0.68,4,0.404,P3,Team_C,Low,1
10834,Low,0.3,0.74,3,0.79,0.7,0.49,2,0.457,P2,Team_C,Medium,3
10835,Low,0.3,0.29,3,0.74,0.81,0.67,3,0.275,P3,Team_C,Low,1
10836,Low,0.3,0.38,2,0.69,0.45,0.44,6,0.342,P3,Team_B,Low,1
10837,High,0.9,0.35,4,0.89,0.6,0.69,7,0.645,P2,Team_A,Medium,2
10838,High,0.9,0.41,3,0.49,0.77,0.86,4,0.584,P2,Team_B,Medium,3
10839,Low,0.3,0.65,1,0.6,0.58,0.74,5,0.37,P3,Team_C,Low,1
10840,Medium,0.6,0.48,4,0.86,0.71,0.56,0,0.581,P2,Team_A,Medium,3
10841,Low,0.3,0.55,4,0.75,0.57,0.93,1,0.383,P3,Team_C,Low,1
10842,Low,0.3,0.07,4,0.89,0.4,0.42,2,0.28,P3,Team_C,Low,1
10843,High,0.9,0.29,3,0.8,0.5,0.87,1,0.603,P2,Team_A,Medium,3
10844,Low,0.3,0.58,3,0.76,0.61,0.77,0,0.233,P3,Team_C,Low,1
10845,Low,0.3,0.43,2,0.69,0.35,0.73,3,0.322,P3,Team_C,Low,1
10846,Medium,0.6,0.26,4,0.83,0.33,0.97,2,0.509,P2,Team_A,Medium,3
10847,Medium,0.6,0.9,4,0.81,0.41,0.34,2,0.645,P2,Team_A,Medium,3
10848,Medium,0.6,0.53,3,0.56,0.61,0.37,5,0.598,P2,Team_A,Medium,3
10849,Low,0.3,0.38,4,0.83,0.76,0.83,1,0.26,P3,Team_B,Low,1
10850,Medium,0.6,0.36,1,0.44,0.76,0.99,5,0.392,P3,Team_B,Low,1
10851,High,0.9,0.47,1,0.59,0.72,0.87,2,0.626,P2,Team_B,Medium,2
10852,Medium,0.6,0.43,2,0.86,0.52,0.69,2,0.465,P2,Team_A,Medium,3
10853,High,0.9,0.59,3,0.48,0.71,0.7,1,0.673,P1,Team_B,High,6
10854,Low,0.3,0.66,1,0.87,0.79,0.8,0,0.354,P3,Team_C,Low,1
10855,Medium,0.6,0.78,2,0.71,0.47,0.62,3,0.503,P2,Team_C,Medium,3
10856,Medium,0.6,0.41,2,0.66,0.75,0.42,2,0.525,P2,Team_B,Medium,3
10857,Low,0.3,0.58,3,0.69,0.77,0.32,4,0.381,P3,Team_C,Low,1
10858,High,0.9,0.44,1,0.82,0.61,0.72,3,0.681,P1,Team_A,High,4
10859,High,0.9,0.38,3,0.62,0.64,0.71,3,0.689,P1,Team_C,High,6
10860,Low,0.3,0.48,3,0.78,0.84,0.68,4,0.278,P3,Team_C,Low,1
10861,High,0.9,0.41,1,0.61,0.51,0.45,3,0.657,P1,Team_C,High,4
10862,Medium,0.6,0.27,4,0.72,0.82,0.57,4,0.468,P2,Team_B,Medium,2
10863,Medium,0.6,0.33,1,0.97,0.74,0.37,1,0.618,P2,Team_A,Medium,2
10864,High,0.9,0.57,3,0.7,0.84,0.5,5,0.736,P1,Team_B,High,4
10865,Low,0.3,0.42,2,0.93,0.61,0.64,4,0.426,P2,Team_B,Medium,2
10866,Low,0.3,0.51,3,0.79,0.75,0.86,3,0.304,P3,Team_C,Low,1
10867,High,0.9,0.15,1,0.98,0.53,0.5,2,0.634,P2,Team_A,Medium,3
10868,Low,0.3,0.25,2,0.59,0.5,0.87,5,0.294,P3,Team_C,Low,1
10869,Low,0.3,0.29,1,0.54,0.53,0.93,5,0.303,P3,Team_B,Low,1
10870,Medium,0.6,0.15,2,0.61,0.83,0.96,0,0.481,P2,Team_B,Medium,3
10871,Low,0.3,0.68,3,0.77,0.17,0.65,6,0.456,P2,Team_B,Medium,2
10872,Low,0.3,0.3,1,0.67,0.87,0.41,1,0.443,P2,Team_C,Medium,3
10873,Medium,0.6,0.5,4,0.52,0.68,0.3,3,0.493,P2,Team_C,Medium,3
10874,Medium,0.6,0.3,1,0.77,0.77,0.96,2,0.469,P2,Team_B,Medium,3
10875,Medium,0.6,0.33,4,0.83,0.79,0.32,3,0.434,P2,Team_B,Medium,2
10876,Medium,0.6,0.28,1,0.89,0.82,0.66,3,0.423,P2,Team_B,Medium,2
10877,Medium,0.6,0.48,4,0.58,0.47,0.56,1,0.538,P2,Team_A,Medium,3
10878,High,0.9,0.64,2,0.8,0.77,0.59,5,0.777,P1,Team_A,High,5
10879,High,0.9,0.13,2,0.97,0.57,0.55,3,0.595,P2,Team_A,Medium,2
10880,Medium,0.6,0.74,4,0.52,0.7,0.99,2,0.514,P2,Team_C,Medium,3
10881,Low,0.3,0.22,1,0.62,0.93,0.55,1,0.278,P3,Team_C,Low,1
10882,Medium,0.6,0.07,3,0.64,0.64,0.54,1,0.411,P3,Team_A,Low,1
10883,High,0.9,0.22,4,0.75,0.64,0.92,3,0.685,P1,Team_C,High,5
10884,Medium,0.6,0.09,3,0.92,0.2,0.73,1,0.482,P2,Team_C,Medium,2
10885,High,0.9,0.8,3,0.64,0.51,0.83,2,0.79,P1,Team_C,High,4
10886,Medium,0.6,0.3,1,0.73,0.89,0.68,3,0.438,P2,Team_B,Medium,2
10887,Medium,0.6,0.78,3,0.87,0.36,0.36,4,0.703,P1,Team_C,High,4
10888,High,0.9,0.71,1,0.65,0.66,0.39,2,0.637,P2,Team_C,Medium,2
10889,Low,0.3,0.4,2,0.82,0.69,0.37,1,0.403,P3,Team_C,Low,1
10890,High,0.9,0.45,1,0.92,0.65,0.75,4,0.666,P1,Team_A,High,4
10891,Medium,0.6,0.77,3,0.63,0.5,0.69,5,0.605,P2,Team_C,Medium,3
10892,Medium,0.6,0.17,1,0.7,0.49,0.3,1,0.458,P2,Team_C,Medium,2
10893,Low,0.3,0.4,2,0.64,0.69,0.46,2,0.412,P3,Team_C,Low,1
10894,Medium,0.6,0.15,3,0.84,0.89,0.82,5,0.385,P3,Team_B,Low,1
10895,Medium,0.6,0.43,1,0.48,0.62,0.6,7,0.559,P2,Team_C,Medium,3
10896,Low,0.3,0.57,3,0.93,0.84,0.41,1,0.474,P2,Team_B,Medium,2
10897,Low,0.3,0.4,3,0.78,0.65,0.89,3,0.342,P3,Team_C,Low,1
10898,Medium,0.6,0.18,4,0.91,0.51,0.5,7,0.546,P2,Team_C,Medium,2
10899,Medium,0.6,0.4,3,0.81,0.71,0.88,2,0.453,P2,Team_A,Medium,3
10900,Low,0.3,0.87,4,0.61,0.84,0.63,1,0.389,P3,Team_C,Low,1
10901,Medium,0.6,0.21,4,0.91,0.42,0.41,1,0.527,P2,Team_A,Medium,2
10902,Low,0.3,0.09,4,0.78,0.96,0.5,3,0.342,P3,Team_B,Low,1
10903,High,0.9,0.65,1,0.92,0.93,0.54,4,0.725,P1,Team_A,High,6
10904,Medium,0.6,0.64,2,0.5,0.85,0.47,9,0.455,P2,Team_B,Medium,2
10905,High,0.9,0.87,3,0.72,0.35,0.55,3,0.787,P1,Team_C,High,4
10906,Low,0.3,0.44,4,0.74,0.58,0.71,2,0.362,P3,Team_C,Low,1
10907,High,0.9,0.95,2,0.91,0.82,0.52,6,0.789,P1,Team_A,High,6
10908,High,0.9,0.23,3,0.75,0.42,0.73,3,0.655,P1,Team_C,High,4
10909,Low,0.3,0.63,3,0.4,0.52,0.43,1,0.42,P2,Team_B,Medium,3
10910,Medium,0.6,0.17,3,0.94,0.98,0.5,8,0.48,P2,Team_B,Medium,2
10911,Medium,0.6,0.08,2,0.94,0.5,0.97,2,0.393,P3,Team_A,Low,1
10912,Medium,0.6,0.94,2,0.62,0.66,0.75,1,0.55,P2,Team_C,Medium,2
10913,High,0.9,0.42,3,0.59,0.81,0.46,4,0.762,P1,Team_B,High,4
10914,Medium,0.6,0.61,4,0.94,0.37,0.42,1,0.523,P2,Team_C,Medium,2
10915,Medium,0.6,0.61,3,0.73,0.39,0.68,3,0.551,P2,Team_A,Medium,2
10916,High,0.9,0.45,1,0.7,0.5,0.45,4,0.778,P1,Team_C,High,5
10917,High,0.9,0.29,3,0.94,0.53,0.87,2,0.613,P2,Team_A,Medium,2
10918,Low,0.3,0.33,2,0.84,0.72,0.37,3,0.269,P3,Team_B,Low,1
10919,Medium,0.6,0.42,1,0.67,0.7,0.89,2,0.499,P2,Team_C,Medium,3
10920,Low,0.3,0.39,1,0.46,0.57,0.87,2,0.339,P3,Team_B,Low,1
10921,Low,0.3,0.79,2,0.47,0.65,0.75,4,0.422,P2,Team_C,Medium,3
10922,Low,0.3,0.54,1,0.38,0.41,0.54,3,0.442,P2,Team_B,Medium,3
10923,High,0.9,0.07,4,0.87,0.42,0.48,1,0.694,P1,Team_A,High,4
10924,Low,0.3,0.45,3,0.81,0.74,0.5,4,0.286,P3,Team_B,Low,1
10925,High,0.9,0.43,1,0.64,0.63,0.95,1,0.561,P2,Team_C,Medium,2
10926,Low,0.3,0.92,2,0.79,0.69,0.96,3,0.477,P2,Team_C,Medium,3
10927,Low,0.3,0.09,3,0.69,0.48,0.76,6,0.301,P3,Team_C,Low,1
10928,Low,0.3,0.77,2,0.7,0.78,0.34,2,0.375,P3,Team_B,Low,1
10929,Low,0.3,0.53,3,0.6,0.5,0.42,0,0.378,P3,Team_C,Low,1
10930,Low,0.3,0.78,4,0.47,0.53,0.56,5,0.464,P2,Team_C,Medium,2
10931,Medium,0.6,0.57,3,0.81,0.74,0.38,4,0.582,P2,Team_A,Medium,3
10932,Low,0.3,0.87,3,0.47,0.84,0.92,4,0.385,P3,Team_B,Low,1
10933,Medium,0.6,0.49,4,0.54,0.94,0.69,2,0.558,P2,Team_B,Medium,2
10934,High,0.9,0.27,2,0.88,0.96,0.32,4,0.56,P2,Team_A,Medium,2
10935,Medium,0.6,0.5,3,0.68,0.73,0.81,3,0.557,P2,Team_C,Medium,2
10936,Low,0.3,0.05,3,0.71,0.36,0.47,5,0.235,P3,Team_C,Low,1
10937,Medium,0.6,0.53,3,0.45,0.71,0.54,2,0.524,P2,Team_A,Medium,2
10938,High,0.9,0.56,1,0.65,0.77,0.74,2,0.706,P1,Team_B,High,5
10939,Low,0.3,0.51,1,0.85,0.67,0.89,3,0.395,P3,Team_B,Low,1
10940,Low,0.3,0.66,2,0.78,0.91,0.49,3,0.38,P3,Team_B,Low,1
10941,Medium,0.6,0.59,4,0.67,0.62,0.66,2,0.492,P2,Team_A,Medium,3
10942,Low,0.3,0.25,4,0.9,0.9,0.37,5,0.31,P3,Team_C,Low,1
10943,High,0.9,0.17,4,0.78,0.56,0.53,1,0.595,P2,Team_C,Medium,2
10944,Medium,0.6,0.47,4,0.82,0.94,0.31,6,0.495,P2,Team_B,Medium,3
10945,Low,0.3,0.41,2,0.44,0.68,0.7,6,0.333,P3,Team_C,Low,1
10946,Medium,0.6,0.12,4,0.64,0.75,0.53,2,0.443,P2,Team_B,Medium,3
10947,Low,0.3,0.66,4,0.88,0.49,0.56,0,0.378,P3,Team_B,Low,1
10948,Low,0.3,0.32,1,0.74,0.33,0.3,4,0.366,P3,Team_C,Low,1
10949,High,0.9,0.47,4,0.56,0.8,0.54,3,0.634,P2,Team_B,Medium,2
10950,High,0.9,0.78,4,0.96,0.35,0.8,1,0.721,P1,Team_A,High,4
10951,Low,0.3,0.61,4,0.66,0.84,0.54,2,0.321,P3,Team_B,Low,1
10952,Low,0.3,0.78,4,0.8,0.6,0.84,3,0.414,P3,Team_B,Low,1
10953,Low,0.3,0.81,4,0.44,0.43,0.41,4,0.495,P2,Team_C,Medium,2
10954,Low,0.3,0.68,2,0.87,0.76,0.54,1,0.419,P3,Team_C,Low,1
10955,Medium,0.6,0.83,3,0.94,0.42,0.46,1,0.595,P2,Team_A,Medium,2
10956,Medium,0.6,0.44,4,0.7,0.59,0.94,7,0.577,P2,Team_A,Medium,3
10957,Medium,0.6,0.34,4,0.98,0.81,0.83,2,0.454,P2,Team_B,Medium,3
10958,High,0.9,0.4,3,0.86,0.7,0.54,3,0.625,P2,Team_A,Medium,3
10959,Low,0.3,0.68,3,0.62,0.94,0.64,2,0.342,P3,Team_C,Low,1
10960,Low,0.3,0.35,1,0.85,0.7,0.97,5,0.301,P3,Team_B,Low,1
10961,Medium,0.6,0.85,3,0.35,0.66,0.96,5,0.491,P2,Team_C,Medium,3
10962,Low,0.3,0.25,2,0.77,0.58,0.98,3,0.355,P3,Team_C,Low,1
10963,Low,0.3,0.65,4,0.64,0.54,0.98,2,0.32,P3,Team_B,Low,1
10964,High,0.9,0.86,2,0.8,0.89,0.8,1,0.651,P1,Team_A,High,4
10965,Low,0.3,0.22,3,0.94,0.66,0.94,2,0.229,P3,Team_C,Low,1
10966,Low,0.3,0.86,1,0.85,0.82,0.89,4,0.378,P3,Team_B,Low,1
10967,Low,0.3,0.59,3,0.71,0.78,0.41,4,0.336,P3,Team_C,Low,1
10968,Low,0.3,0.4,2,0.98,0.65,0.81,3,0.401,P3,Team_C,Low,1
10969,Low,0.3,0.61,1,0.92,0.66,0.76,5,0.361,P3,Team_B,Low,1
10970,Low,0.3,0.89,3,0.67,0.84,0.65,1,0.397,P3,Team_C,Low,1
10971,Medium,0.6,0.26,3,0.52,0.49,0.75,2,0.495,P2,Team_A,Medium,3
10972,High,0.9,0.37,4,0.69,0.67,0.64,1,0.57,P2,Team_C,Medium,2
10973,High,0.9,0.2,1,0.78,0.37,0.8,2,0.614,P2,Team_C,Medium,2
10974,Medium,0.6,0.39,4,0.9,0.75,0.32,3,0.621,P2,Team_B,Medium,3
10975,Medium,0.6,0.29,3,0.73,0.65,0.84,3,0.385,P3,Team_C,Low,1
10976,High,0.9,0.65,4,0.61,0.82,0.6,1,0.639,P2,Team_B,Medium,3
10977,Low,0.3,0.69,1,0.86,0.58,0.61,7,0.441,P2,Team_B,Medium,3
10978,Low,0.3,0.79,1,0.43,0.69,0.36,5,0.46,P2,Team_C,Medium,2
10979,Medium,0.6,0.38,3,0.75,0.53,0.83,5,0.481,P2,Team_C,Medium,2
10980,Medium,0.6,0.57,2,0.53,0.51,0.7,3,0.609,P2,Team_C,Medium,2
10981,Medium,0.6,0.88,3,0.88,0.84,0.86,4,0.518,P2,Team_B,Medium,3
10982,High,0.9,0.49,3,0.84,0.64,0.78,4,0.636,P2,Team_A,Medium,3
10983,Low,0.3,0.44,3,0.78,0.78,0.86,3,0.24,P3,Team_C,Low,1
10984,Low,0.3,0.09,1,0.54,0.63,0.6,3,0.17,P3,Team_B,Low,1
10985,High,0.9,0.45,1,0.71,0.56,0.39,2,0.658,P1,Team_C,High,6
10986,Low,0.3,0.52,3,0.32,0.63,0.64,1,0.284,P3,Team_C,Low,1
10987,High,0.9,0.32,4,0.84,0.93,0.32,3,0.751,P1,Team_A,High,6
10988,Medium,0.6,0.08,3,0.6,0.65,0.96,1,0.378,P3,Team_A,Low,1
10989,High,0.9,0.62,1,0.89,0.57,0.91,3,0.578,P2,Team_A,Medium,3
10990,Medium,0.6,0.47,1,0.92,0.82,0.71,3,0.437,P2,Team_B,Medium,3
10991,Low,0.3,0.34,1,0.18,0.77,0.77,3,0.241,P3,Team_C,Low,1
10992,Medium,0.6,0.32,1,0.79,0.79,0.74,3,0.484,P2,Team_B,Medium,2
10993,Low,0.3,0.38,1,0.8,0.82,0.56,1,0.345,P3,Team_B,Low,1
10994,High,0.9,0.87,2,0.96,0.46,0.48,4,0.738,P1,Team_A,High,4
10995,Medium,0.6,0.65,3,0.97,0.52,0.38,2,0.565,P2,Team_C,Medium,2
10996,Medium,0.6,0.34,4,0.49,0.45,0.4,2,0.477,P2,Team_A,Medium,2
10997,Low,0.3,0.23,1,0.9,0.85,0.56,2,0.313,P3,Team_B,Low,1
10998,Medium,0.6,0.51,2,0.66,0.73,0.52,2,0.43,P2,Team_C,Medium,3
10999,Low,0.3,0.51,1,0.75,0.93,0.63,1,0.403,P3,Team_C,Low,1
11000,Low,0.3,0.61,2,0.58,0.88,0.53,1,0.426,P2,Team_B,Medium,2
11001,Medium,0.6,0.85,4,0.46,0.84,0.75,5,0.54,P2,Team_B,Medium,2
11002,Low,0.3,0.54,3,0.88,0.49,0.5,3,0.419,P3,Team_B,Low,1
11003,High,0.9,0.06,1,0.95,0.86,0.64,3,0.516,P2,Team_A,Medium,3
11004,High,0.9,0.59,4,0.6,0.63,0.38,1,0.726,P1,Team_C,High,5
11005,Medium,0.6,0.52,1,0.5,0.34,0.89,3,0.461,P2,Team_C,Medium,2
11006,Low,0.3,0.66,4,0.88,0.69,0.44,4,0.497,P2,Team_C,Medium,3
11007,High,0.9,0.56,4,0.73,0.58,0.87,2,0.671,P1,Team_C,High,4
11008,High,0.9,0.38,2,0.76,0.59,0.71,3,0.706,P1,Team_C,High,6
11009,Medium,0.6,0.31,3,0.49,0.67,0.99,3,0.453,P2,Team_A,Medium,3
11010,Medium,0.6,0.19,3,0.74,0.82,0.77,2,0.281,P3,Team_B,Low,1
11011,Medium,0.6,0.42,4,0.37,0.63,0.38,6,0.511,P2,Team_A,Medium,2
11012,Low,0.3,0.73,1,0.85,0.72,0.51,3,0.423,P2,Team_C,Medium,2
11013,Low,0.3,0.27,1,0.74,0.64,0.35,1,0.267,P3,Team_C,Low,1
11014,Low,0.3,0.75,3,0.47,0.65,0.67,2,0.383,P3,Team_C,Low,1
11015,High,0.9,0.85,4,0.72,0.54,0.69,4,0.766,P1,Team_C,High,4
11016,Low,0.3,0.73,1,0.7,0.87,0.7,4,0.392,P3,Team_C,Low,1
11017,Medium,0.6,0.23,3,0.77,0.82,0.47,3,0.509,P2,Team_B,Medium,3
11018,Low,0.3,0.42,2,0.89,0.48,0.64,3,0.293,P3,Team_B,Low,1
11019,Medium,0.6,0.23,4,0.85,0.78,0.73,3,0.499,P2,Team_B,Medium,2
11020,Medium,0.6,0.47,4,0.97,0.87,0.77,4,0.376,P3,Team_B,Low,1
11021,High,0.9,0.52,4,0.71,0.39,0.44,6,0.839,P1,Team_C,High,4
11022,High,0.9,0.24,4,0.92,0.77,0.9,3,0.6,P2,Team_A,Medium,2
11023,Medium,0.6,0.18,1,0.67,0.62,0.41,1,0.512,P2,Team_A,Medium,2
11024,High,0.9,0.39,2,0.78,0.76,0.73,5,0.713,P1,Team_B,High,4
11025,High,0.9,0.86,4,0.73,0.6,0.6,2,0.768,P1,Team_C,High,5
11026,Low,0.3,0.29,4,0.81,0.66,0.57,2,0.328,P3,Team_B,Low,1
11027,Low,0.3,0.9,4,0.66,0.54,0.3,2,0.569,P2,Team_B,Medium,3
11028,High,0.9,0.09,2,0.95,0.36,0.33,3,0.595,P2,Team_A,Medium,2
11029,Low,0.3,0.38,3,0.72,0.54,0.92,6,0.357,P3,Team_C,Low,1
11030,Low,0.3,0.45,4,0.81,0.56,0.46,1,0.312,P3,Team_C,Low,1
11031,High,0.9,0.52,4,0.37,0.84,0.62,8,0.787,P1,Team_B,High,5
11032,High,0.9,0.56,2,0.58,0.75,0.75,3,0.669,P1,Team_B,High,6
11033,High,0.9,0.64,1,0.89,0.79,0.43,4,0.731,P1,Team_A,High,6
11034,High,0.9,0.33,3,0.92,0.59,0.83,7,0.603,P2,Team_A,Medium,2
11035,High,0.9,0.17,4,0.68,0.39,0.56,2,0.622,P2,Team_C,Medium,2
11036,High,0.9,0.75,1,0.96,0.38,0.4,2,0.669,P1,Team_A,High,5
11037,High,0.9,0.33,3,0.51,0.79,0.36,1,0.696,P1,Team_B,High,6
11038,Medium,0.6,0.66,3,0.43,0.87,0.32,2,0.529,P2,Team_B,Medium,2
11039,High,0.9,0.38,1,0.54,0.68,0.42,4,0.646,P2,Team_C,Medium,3
11040,Medium,0.6,0.54,1,0.73,0.7,0.88,1,0.517,P2,Team_C,Medium,2
11041,Low,0.3,0.53,2,0.84,0.51,0.64,2,0.351,P3,Team_C,Low,1
11042,Low,0.3,0.71,3,0.68,0.5,0.75,2,0.376,P3,Team_C,Low,1
11043,Low,0.3,0.5,1,0.61,0.45,0.46,3,0.426,P2,Team_C,Medium,3
11044,High,0.9,0.13,4,0.4,0.82,0.44,1,0.697,P1,Team_B,High,6
11045,Low,0.3,0.27,3,0.61,0.69,0.46,3,0.308,P3,Team_B,Low,1
11046,Low,0.3,0.14,2,0.66,0.82,0.78,3,0.265,P3,Team_B,Low,1
11047,Medium,0.6,0.75,4,0.76,0.64,0.54,7,0.511,P2,Team_A,Medium,3
11048,Medium,0.6,0.29,2,0.73,0.59,0.82,4,0.435,P2,Team_A,Medium,2
11049,Medium,0.6,0.39,2,0.69,0.85,0.81,3,0.444,P2,Team_B,Medium,3
11050,High,0.9,0.31,4,0.9,0.91,0.42,1,0.648,P2,Team_A,Medium,2
11051,Low,0.3,0.89,1,0.67,0.75,0.85,2,0.353,P3,Team_C,Low,1
11052,Low,0.3,0.77,4,0.78,0.41,0.34,2,0.409,P3,Team_C,Low,1
11053,Medium,0.6,0.58,1,0.81,0.97,0.68,2,0.451,P2,Team_B,Medium,3
11054,Low,0.3,0.43,1,0.93,0.54,0.81,1,0.35,P3,Team_B,Low,1
11055,Medium,0.6,0.36,4,0.98,0.79,0.99,2,0.398,P3,Team_B,Low,1
11056,Low,0.3,0.41,4,0.8,0.69,0.53,4,0.362,P3,Team_B,Low,1
11057,Medium,0.6,0.31,4,0.8,0.65,0.54,3,0.569,P2,Team_C,Medium,3
11058,Low,0.3,0.23,3,0.62,0.78,0.37,2,0.334,P3,Team_B,Low,1
11059,Low,0.3,0.49,2,0.78,0.63,0.69,1,0.337,P3,Team_B,Low,1
11060,Medium,0.6,0.9,4,0.9,0.65,0.69,1,0.609,P2,Team_A,Medium,3
11061,High,0.9,0.8,3,0.68,0.68,0.45,2,0.644,P2,Team_C,Medium,3
11062,Low,0.3,0.52,4,0.56,0.44,0.51,3,0.389,P3,Team_C,Low,1
11063,Medium,0.6,0.33,2,0.86,0.45,0.81,5,0.493,P2,Team_A,Medium,2
11064,High,0.9,0.17,4,0.86,0.78,0.53,11,0.679,P1,Team_A,High,6
11065,Low,0.3,0.9,1,0.81,0.82,0.88,3,0.508,P2,Team_C,Medium,3
11066,High,0.9,0.17,1,0.5,0.47,0.59,2,0.588,P2,Team_C,Medium,2
11067,High,0.9,0.8,4,0.83,0.33,0.66,3,0.699,P1,Team_A,High,4
11068,Medium,0.6,0.67,2,0.44,0.54,0.47,2,0.526,P2,Team_A,Medium,2
11069,High,0.9,0.35,1,0.51,0.79,0.78,5,0.674,P1,Team_B,High,6
11070,Medium,0.6,0.7,2,0.56,0.7,0.31,3,0.625,P2,Team_C,Medium,2
11071,Low,0.3,0.4,3,0.45,0.43,0.6,2,0.399,P3,Team_B,Low,1
11072,High,0.9,0.46,3,0.73,0.61,0.99,3,0.678,P1,Team_C,High,4
11073,Low,0.3,0.38,1,0.69,0.82,0.84,5,0.321,P3,Team_C,Low,1
11074,Low,0.3,0.23,3,0.62,0.9,0.66,5,0.251,P3,Team_C,Low,1
11075,High,0.9,0.16,4,0.68,0.84,0.51,7,0.588,P2,Team_B,Medium,2
11076,Low,0.3,0.29,1,0.62,0.78,0.65,6,0.329,P3,Team_C,Low,1
11077,Medium,0.6,0.53,4,0.9,0.56,0.35,2,0.55,P2,Team_A,Medium,3
11078,Low,0.3,0.47,2,0.75,0.87,0.53,5,0.404,P3,Team_B,Low,1
11079,Low,0.3,0.33,4,0.87,0.58,0.99,3,0.244,P3,Team_B,Low,1
11080,Low,0.3,0.25,3,0.46,0.67,0.36,4,0.299,P3,Team_C,Low,1
11081,Low,0.3,0.59,1,0.82,0.55,0.45,2,0.411,P3,Team_B,Low,1
11082,Low,0.3,0.79,4,0.64,0.87,0.49,2,0.457,P2,Team_B,Medium,3
11083,High,0.9,0.5,4,0.75,0.69,0.76,6,0.712,P1,Team_C,High,6
11084,Low,0.3,0.5,2,0.93,0.68,0.35,3,0.351,P3,Team_C,Low,1
11085,Medium,0.6,0.44,3,0.82,0.59,0.71,4,0.487,P2,Team_A,Medium,3
11086,Medium,0.6,0.43,2,0.69,0.83,0.48,1,0.421,P2,Team_B,Medium,2
11087,High,0.9,0.21,3,0.46,0.36,0.76,3,0.619,P2,Team_C,Medium,3
11088,Low,0.3,0.47,4,0.73,0.51,0.58,2,0.377,P3,Team_B,Low,1
11089,Medium,0.6,0.33,4,0.82,0.62,0.88,6,0.483,P2,Team_C,Medium,2
11090,Low,0.3,0.68,4,0.48,0.38,0.66,1,0.5,P2,Team_C,Medium,2
11091,High,0.9,0.41,2,0.78,0.64,0.64,3,0.605,P2,Team_C,Medium,3
11092,High,0.9,0.56,1,0.76,0.82,0.75,4,0.788,P1,Team_B,High,4
11093,Medium,0.6,0.51,2,0.91,0.59,0.43,5,0.543,P2,Team_C,Medium,3
11094,Low,0.3,0.96,2,0.45,0.95,0.92,5,0.385,P3,Team_C,Low,1
11095,Low,0.3,0.59,1,0.66,0.6,0.74,4,0.298,P3,Team_B,Low,1
11096,Low,0.3,0.26,4,0.79,0.82,0.46,3,0.291,P3,Team_B,Low,1
11097,Medium,0.6,0.36,3,0.64,0.69,0.68,5,0.574,P2,Team_A,Medium,3
11098,High,0.9,0.6,1,0.78,0.72,0.86,1,0.759,P1,Team_B,High,6
11099,Low,0.3,0.46,3,0.67,0.77,0.84,3,0.218,P3,Team_B,Low,1
11100,High,0.9,0.82,3,0.82,0.92,0.4,3,0.76,P1,Team_A,High,5
11101,Medium,0.6,0.16,1,0.54,0.56,0.52,5,0.517,P2,Team_A,Medium,3
11102,Medium,0.6,0.58,1,0.91,0.77,0.57,4,0.567,P2,Team_B,Medium,3
11103,High,0.9,0.02,2,0.53,0.88,0.79,2,0.531,P2,Team_B,Medium,3
11104,Low,0.3,0.46,2,0.72,0.54,0.48,1,0.328,P3,Team_B,Low,1
11105,Low,0.3,0.76,1,0.73,0.71,0.89,6,0.426,P2,Team_B,Medium,3
11106,Medium,0.6,0.55,2,0.98,0.95,0.47,4,0.501,P2,Team_B,Medium,3
11107,Medium,0.6,0.33,4,0.36,0.58,0.66,4,0.508,P2,Team_A,Medium,3
11108,Medium,0.6,0.23,2,0.77,0.69,0.8,2,0.39,P3,Team_A,Low,1
11109,Medium,0.6,0.48,1,0.63,0.53,0.38,2,0.454,P2,Team_C,Medium,2
11110,Low,0.3,0.24,3,0.94,0.43,0.72,1,0.28,P3,Team_B,Low,1
11111,Medium,0.6,0.09,2,0.7,0.81,0.58,2,0.475,P2,Team_B,Medium,2
11112,High,0.9,0.34,3,0.53,0.95,0.54,4,0.623,P2,Team_B,Medium,3
11113,Medium,0.6,0.56,2,0.81,0.67,0.99,8,0.542,P2,Team_A,Medium,2
11114,High,0.9,0.91,2,0.79,0.89,0.38,5,0.894,P1,Team_B,High,6
11115,High,0.9,0.33,4,0.69,0.55,0.32,8,0.716,P1,Team_C,High,6
11116,Low,0.3,0.6,4,0.82,0.73,0.47,3,0.378,P3,Team_C,Low,1
11117,High,0.9,0.31,3,0.76,0.78,0.35,5,0.683,P1,Team_B,High,6
11118,Low,0.3,0.33,1,0.52,0.74,0.39,4,0.297,P3,Team_C,Low,1
11119,Low,0.3,0.47,2,0.51,0.72,0.57,4,0.372,P3,Team_C,Low,1
11120,High,0.9,0.29,3,0.78,0.43,0.51,0,0.692,P1,Team_C,High,6
11121,Low,0.3,0.79,1,0.83,0.95,0.89,2,0.387,P3,Team_B,Low,1
11122,Low,0.3,0.38,3,0.51,0.4,0.87,1,0.326,P3,Team_B,Low,1
11123,Low,0.3,0.2,1,0.82,0.18,0.77,5,0.307,P3,Team_B,Low,1
11124,High,0.9,0.41,4,0.78,0.54,0.37,2,0.699,P1,Team_C,High,5
11125,Medium,0.6,0.47,2,0.8,0.69,0.83,0,0.472,P2,Team_C,Medium,3
11126,Low,0.3,0.12,2,0.74,0.88,0.74,4,0.199,P3,Team_C,Low,1
11127,Medium,0.6,0.66,4,0.62,0.83,0.55,3,0.503,P2,Team_B,Medium,3
11128,Medium,0.6,0.72,1,0.47,0.87,0.38,3,0.539,P2,Team_B,Medium,2
11129,Low,0.3,0.49,1,0.82,0.34,0.69,3,0.382,P3,Team_C,Low,1
11130,High,0.9,0.69,2,0.62,0.85,0.53,4,0.717,P1,Team_B,High,6
11131,Low,0.3,0.3,4,0.89,0.6,0.93,5,0.265,P3,Team_B,Low,1
11132,Low,0.3,0.79,2,0.61,0.92,1.0,3,0.33,P3,Team_B,Low,1
11133,Low,0.3,0.4,3,0.78,0.8,0.64,4,0.371,P3,Team_B,Low,1
11134,Medium,0.6,0.71,1,0.78,0.45,0.69,3,0.546,P2,Team_C,Medium,2
11135,High,0.9,0.25,2,0.47,0.84,0.97,2,0.542,P2,Team_B,Medium,2
11136,Medium,0.6,0.24,1,0.72,0.66,0.66,1,0.413,P3,Team_A,Low,1
11137,Low,0.3,0.45,3,0.72,0.79,0.56,3,0.298,P3,Team_B,Low,1
11138,Medium,0.6,0.5,2,0.63,0.37,0.89,1,0.488,P2,Team_C,Medium,2
11139,Low,0.3,0.6,2,0.65,0.64,0.43,2,0.414,P3,Team_C,Low,1
11140,Medium,0.6,0.14,2,0.4,0.41,0.91,1,0.423,P2,Team_A,Medium,2
11141,Low,0.3,0.64,4,0.6,0.6,0.81,5,0.345,P3,Team_C,Low,1
11142,Medium,0.6,0.84,1,0.67,0.56,0.57,4,0.598,P2,Team_A,Medium,3
11143,Medium,0.6,0.24,1,0.69,0.82,0.32,2,0.53,P2,Team_B,Medium,2
11144,Low,0.3,0.63,2,0.92,0.75,0.44,3,0.373,P3,Team_C,Low,1
11145,Medium,0.6,0.1,4,0.94,0.62,0.99,4,0.36,P3,Team_C,Low,1
11146,Low,0.3,0.41,4,0.97,0.79,1.0,2,0.257,P3,Team_B,Low,1
11147,High,0.9,0.21,2,0.77,0.8,0.82,2,0.61,P2,Team_B,Medium,2
11148,Low,0.3,0.59,4,0.76,0.89,0.53,3,0.301,P3,Team_B,Low,1
11149,High,0.9,0.48,1,0.91,0.78,0.48,0,0.622,P2,Team_A,Medium,3
11150,Low,0.3,0.25,1,0.7,0.44,0.39,3,0.388,P3,Team_C,Low,1
11151,Low,0.3,0.69,3,0.86,0.77,0.31,1,0.349,P3,Team_C,Low,1
11152,Medium,0.6,0.59,2,0.78,0.67,0.77,2,0.577,P2,Team_C,Medium,2
11153,Low,0.3,0.28,1,0.94,0.41,0.69,3,0.361,P3,Team_B,Low,1
11154,Medium,0.6,0.57,1,0.76,0.86,0.83,4,0.532,P2,Team_B,Medium,2
11155,High,0.9,0.51,3,0.57,0.79,0.71,3,0.665,P1,Team_B,High,5
11156,High,0.9,0.37,3,0.27,0.5,0.9,1,0.579,P2,Team_C,Medium,3
11157,Low,0.3,0.77,1,0.9,0.59,0.95,3,0.356,P3,Team_B,Low,1
11158,Medium,0.6,0.27,3,0.37,0.79,0.61,1,0.41,P3,Team_B,Low,1
11159,High,0.9,0.92,4,0.65,0.63,0.88,5,0.717,P1,Team_C,High,5
11160,Low,0.3,0.41,1,0.38,0.75,0.47,1,0.3,P3,Team_C,Low,1
11161,Low,0.3,0.62,3,0.89,0.66,0.81,2,0.331,P3,Team_B,Low,1
11162,Medium,0.6,0.54,4,0.91,0.86,0.89,3,0.511,P2,Team_B,Medium,2
11163,Low,0.3,0.61,2,0.43,0.6,0.66,3,0.304,P3,Team_C,Low,1
11164,Low,0.3,0.67,3,0.87,0.41,0.31,4,0.501,P2,Team_C,Medium,2
11165,High,0.9,0.41,4,0.7,0.58,0.36,2,0.69,P1,Team_C,High,5
11166,Medium,0.6,0.83,4,0.88,0.65,0.66,2,0.642,P2,Team_C,Medium,3
11167,Low,0.3,0.53,3,0.35,0.66,0.36,2,0.457,P2,Team_B,Medium,2
11168,High,0.9,0.08,1,0.74,0.82,0.86,3,0.513,P2,Team_B,Medium,3
11169,Medium,0.6,0.33,2,0.26,0.78,0.68,4,0.395,P3,Team_B,Low,1
11170,Medium,0.6,0.24,4,0.32,0.95,0.62,2,0.374,P3,Team_B,Low,1
11171,Low,0.3,0.71,3,0.7,0.83,1.0,2,0.331,P3,Team_B,Low,1
11172,High,0.9,0.56,4,0.67,0.33,0.65,2,0.725,P1,Team_C,High,5
11173,High,0.9,0.76,3,0.92,0.45,0.88,1,0.802,P1,Team_A,High,6
11174,High,0.9,0.38,4,0.79,0.56,0.84,3,0.68,P1,Team_C,High,4
11175,Low,0.3,0.39,3,0.69,0.66,0.73,4,0.263,P3,Team_B,Low,1
11176,Medium,0.6,0.33,4,0.87,0.73,0.8,0,0.41,P3,Team_A,Low,1
11177,Medium,0.6,0.71,4,0.26,0.83,0.72,5,0.493,P2,Team_B,Medium,2
11178,Low,0.3,0.39,4,0.86,0.67,0.76,2,0.276,P3,Team_C,Low,1
11179,Medium,0.6,0.96,2,0.69,0.48,0.85,2,0.715,P1,Team_C,High,5
11180,Medium,0.6,0.28,2,0.48,0.69,0.44,1,0.538,P2,Team_A,Medium,3
11181,Low,0.3,0.39,1,0.75,0.8,0.82,3,0.342,P3,Team_C,Low,1
11182,Low,0.3,0.71,4,0.87,0.37,0.48,2,0.418,P3,Team_C,Low,1
11183,High,0.9,0.69,2,0.76,0.51,0.39,5,0.738,P1,Team_C,High,6
11184,High,0.9,0.66,3,0.44,0.82,0.76,4,0.667,P1,Team_B,High,4
11185,Low,0.3,0.8,2,0.72,0.75,0.54,4,0.445,P2,Team_B,Medium,3
11186,High,0.9,0.52,2,0.9,0.93,0.49,4,0.689,P1,Team_A,High,6
11187,Low,0.3,0.2,3,0.82,0.5,0.7,4,0.237,P3,Team_C,Low,1
11188,High,0.9,0.84,3,0.99,0.79,0.91,4,0.72,P1,Team_A,High,6
11189,Low,0.3,0.34,2,0.71,0.59,0.48,6,0.371,P3,Team_B,Low,1
11190,Low,0.3,0.56,1,0.78,0.48,0.66,2,0.361,P3,Team_B,Low,1
11191,High,0.9,0.53,3,0.59,0.69,0.93,4,0.603,P2,Team_C,Medium,3
11192,Low,0.3,0.25,3,0.52,0.79,0.33,3,0.315,P3,Team_B,Low,1
11193,Medium,0.6,0.41,2,0.55,0.36,0.71,2,0.657,P1,Team_C,High,5
11194,Medium,0.6,0.8,4,0.52,0.19,0.89,0,0.564,P2,Team_C,Medium,2
11195,Low,0.3,0.24,2,0.72,0.83,0.67,8,0.351,P3,Team_B,Low,1
11196,Low,0.3,0.48,4,0.74,0.74,0.69,3,0.319,P3,Team_B,Low,1
11197,Low,0.3,0.63,3,0.5,0.66,0.76,4,0.361,P3,Team_C,Low,1
11198,Medium,0.6,0.74,2,0.46,0.57,0.46,1,0.559,P2,Team_A,Medium,3
11199,Low,0.3,0.5,4,0.52,0.49,0.47,1,0.334,P3,Team_C,Low,1
11200,Low,0.3,0.85,1,0.59,0.47,0.84,3,0.413,P3,Team_B,Low,1
11201,Medium,0.6,0.12,3,0.77,0.5,0.34,2,0.525,P2,Team_A,Medium,2
11202,Medium,0.6,0.49,1,0.63,0.72,0.52,5,0.546,P2,Team_C,Medium,2
11203,High,0.9,0.31,3,0.87,0.84,0.63,4,0.645,P2,Team_A,Medium,3
11204,Low,0.3,0.33,1,0.9,0.41,0.65,1,0.321,P3,Team_C,Low,1
11205,Low,0.3,0.8,2,0.76,0.52,0.98,1,0.455,P2,Team_B,Medium,3
11206,Low,0.3,0.43,4,0.8,0.61,0.72,2,0.387,P3,Team_B,Low,1
11207,Low,0.3,0.97,4,0.7,0.63,0.88,3,0.52,P2,Team_B,Medium,3
11208,Medium,0.6,0.55,3,0.87,0.51,0.46,3,0.567,P2,Team_A,Medium,2
11209,Medium,0.6,0.97,1,0.8,0.51,0.5,0,0.564,P2,Team_C,Medium,3
11210,Low,0.3,0.46,4,0.66,0.75,0.89,2,0.312,P3,Team_C,Low,1
11211,High,0.9,0.28,1,0.93,0.48,0.53,3,0.647,P2,Team_A,Medium,3
11212,High,0.9,0.9,1,0.57,0.57,0.66,4,0.736,P1,Team_C,High,6
11213,High,0.9,0.82,4,0.53,0.79,0.39,7,0.74,P1,Team_B,High,4
11214,Low,0.3,0.56,1,0.71,0.55,0.89,3,0.386,P3,Team_B,Low,1
11215,High,0.9,0.83,2,0.84,0.83,0.97,2,0.658,P1,Team_A,High,6
11216,Low,0.3,0.56,3,0.83,0.6,0.68,3,0.296,P3,Team_C,Low,1
11217,Low,0.3,0.54,3,0.54,0.75,0.83,1,0.282,P3,Team_B,Low,1
11218,High,0.9,0.8,2,0.79,0.76,0.67,2,0.691,P1,Team_B,High,6
11219,Medium,0.6,0.47,1,0.93,0.73,0.46,4,0.545,P2,Team_A,Medium,2
11220,Medium,0.6,0.59,1,0.94,0.76,0.74,8,0.449,P2,Team_B,Medium,2
11221,High,0.9,0.16,4,0.62,0.57,0.49,4,0.606,P2,Team_C,Medium,2
11222,Low,0.3,0.64,1,0.87,0.88,0.43,2,0.27,P3,Team_B,Low,1
11223,Low,0.3,0.54,3,0.65,0.85,0.58,2,0.281,P3,Team_C,Low,1
11224,Medium,0.6,0.89,2,0.58,0.82,0.93,3,0.493,P2,Team_B,Medium,3
11225,Medium,0.6,0.44,1,0.38,0.97,0.93,2,0.505,P2,Team_B,Medium,3
11226,High,0.9,0.91,3,0.84,0.84,0.94,7,0.741,P1,Team_A,High,4
11227,High,0.9,0.72,2,0.66,0.8,0.6,4,0.774,P1,Team_B,High,5
11228,Low,0.3,0.78,4,0.63,0.67,0.56,6,0.429,P2,Team_C,Medium,2
11229,Low,0.3,0.35,1,0.43,0.69,0.75,4,0.297,P3,Team_B,Low,1
11230,Low,0.3,0.43,2,0.64,0.59,0.85,5,0.368,P3,Team_C,Low,1
11231,Medium,0.6,0.76,2,0.74,0.51,0.34,5,0.627,P2,Team_C,Medium,3
11232,Low,0.3,0.53,1,0.79,0.29,0.74,2,0.328,P3,Team_C,Low,1
11233,Low,0.3,0.8,3,0.52,0.71,0.57,4,0.457,P2,Team_C,Medium,3
11234,Low,0.3,0.34,4,0.81,0.51,0.36,0,0.253,P3,Team_C,Low,1
11235,Medium,0.6,0.28,2,0.68,0.91,0.31,5,0.496,P2,Team_B,Medium,2
11236,Medium,0.6,0.15,2,0.76,0.53,0.66,3,0.381,P3,Team_C,Low,1
11237,Low,0.3,0.39,1,0.67,0.77,0.68,3,0.278,P3,Team_C,Low,1
11238,High,0.9,0.4,4,0.34,0.95,0.44,2,0.585,P2,Team_B,Medium,2
11239,High,0.9,0.58,1,0.44,0.82,0.37,3,0.677,P1,Team_B,High,4
11240,Low,0.3,0.19,2,0.6,0.56,0.62,4,0.346,P3,Team_C,Low,1
11241,Low,0.3,0.42,4,0.71,0.82,0.71,2,0.327,P3,Team_B,Low,1
11242,Low,0.3,0.49,3,0.74,0.88,0.83,0,0.314,P3,Team_C,Low,1
11243,Low,0.3,0.49,1,0.54,0.29,0.72,3,0.391,P3,Team_B,Low,1
11244,Medium,0.6,0.28,2,0.67,0.74,0.75,2,0.471,P2,Team_C,Medium,2
11245,High,0.9,0.85,3,0.65,0.4,0.99,3,0.815,P1,Team_C,High,6
11246,Low,0.3,0.33,2,0.75,0.58,0.31,2,0.304,P3,Team_C,Low,1
11247,Low,0.3,0.84,4,0.74,0.88,0.49,2,0.436,P2,Team_B,Medium,2
11248,Medium,0.6,0.74,4,0.49,0.96,0.99,2,0.5,P2,Team_B,Medium,2
11249,Low,0.3,0.61,3,0.92,0.81,0.77,2,0.411,P3,Team_C,Low,1
11250,Medium,0.6,0.55,3,0.94,0.67,0.71,4,0.45,P2,Team_C,Medium,2
11251,Low,0.3,0.5,2,0.84,0.81,0.92,6,0.29,P3,Team_C,Low,1
11252,High,0.9,0.32,2,0.96,0.69,0.32,5,0.696,P1,Team_A,High,4
11253,Low,0.3,0.48,3,0.82,0.82,0.56,3,0.29,P3,Team_B,Low,1
11254,Medium,0.6,0.67,1,0.82,0.96,0.45,3,0.507,P2,Team_B,Medium,2
11255,Low,0.3,0.37,3,0.75,0.92,0.33,4,0.265,P3,Team_B,Low,1
11256,Low,0.3,0.16,4,0.68,0.26,0.89,2,0.23,P3,Team_B,Low,1
11257,High,0.9,0.36,2,0.57,0.61,0.96,4,0.554,P2,Team_C,Medium,2
11258,Low,0.3,0.65,3,0.5,0.78,0.94,0,0.366,P3,Team_C,Low,1
11259,Low,0.3,0.78,4,0.35,0.62,0.3,1,0.368,P3,Team_C,Low,1
11260,Low,0.3,0.74,1,0.62,0.58,0.49,5,0.424,P2,Team_B,Medium,2
11261,Medium,0.6,0.22,3,0.58,0.63,0.87,3,0.414,P3,Team_C,Low,1
11262,Low,0.3,0.49,3,0.58,0.89,1.0,2,0.243,P3,Team_B,Low,1
11263,Medium,0.6,0.32,2,0.52,0.79,0.9,3,0.426,P2,Team_B,Medium,2
11264,Medium,0.6,0.72,4,0.92,0.35,0.58,5,0.636,P2,Team_C,Medium,3
11265,Low,0.3,0.55,4,0.41,0.69,0.49,3,0.299,P3,Team_B,Low,1
11266,High,0.9,0.79,2,0.72,0.61,0.97,3,0.775,P1,Team_C,High,4
11267,Low,0.3,0.22,4,0.51,0.67,0.74,4,0.298,P3,Team_B,Low,1
11268,Medium,0.6,0.6,3,0.8,0.74,0.83,3,0.512,P2,Team_C,Medium,2
11269,Medium,0.6,0.48,2,0.68,0.42,0.31,3,0.545,P2,Team_C,Medium,3
11270,Low,0.3,0.65,1,0.62,0.85,0.5,5,0.326,P3,Team_B,Low,1
11271,High,0.9,0.45,4,0.83,0.54,0.6,4,0.725,P1,Team_A,High,6
11272,Medium,0.6,0.95,3,0.72,0.56,0.89,2,0.512,P2,Team_C,Medium,2
11273,Low,0.3,0.62,2,0.82,0.79,0.95,3,0.331,P3,Team_C,Low,1
11274,Medium,0.6,0.2,4,0.48,0.82,0.85,3,0.315,P3,Team_B,Low,1
11275,Low,0.3,0.64,3,0.37,0.9,0.39,4,0.408,P3,Team_B,Low,1
11276,Medium,0.6,0.82,3,0.72,0.92,0.75,3,0.532,P2,Team_B,Medium,2
11277,Medium,0.6,0.51,2,0.8,0.82,0.81,4,0.475,P2,Team_B,Medium,2
11278,Low,0.3,0.64,4,0.46,0.32,0.86,4,0.392,P3,Team_C,Low,1
11279,Low,0.3,0.68,2,0.86,0.66,0.63,5,0.451,P2,Team_C,Medium,3
11280,Medium,0.6,0.56,4,0.63,0.6,0.89,4,0.496,P2,Team_A,Medium,2
11281,Low,0.3,0.57,4,0.78,0.6,0.96,6,0.454,P2,Team_B,Medium,3
11282,High,0.9,0.76,1,0.49,0.57,0.44,7,0.743,P1,Team_C,High,4
11283,High,0.9,0.18,3,0.76,0.64,0.6,4,0.678,P1,Team_C,High,5
11284,High,0.9,0.74,3,0.72,0.78,0.88,3,0.672,P1,Team_B,High,5
11285,Medium,0.6,0.62,1,0.92,0.62,0.63,7,0.509,P2,Team_A,Medium,3
11286,Medium,0.6,0.07,1,0.9,0.15,0.9,1,0.414,P3,Team_C,Low,1
11287,Low,0.3,0.2,1,0.89,0.53,0.58,5,0.351,P3,Team_B,Low,1
11288,Medium,0.6,0.69,2,0.82,0.91,0.89,4,0.521,P2,Team_B,Medium,2
11289,Medium,0.6,0.65,2,0.62,0.61,0.59,3,0.578,P2,Team_C,Medium,2
11290,Medium,0.6,0.26,4,0.6,0.72,0.37,3,0.54,P2,Team_A,Medium,2
11291,High,0.9,0.77,1,0.72,0.76,0.92,5,0.684,P1,Team_B,High,4
11292,Low,0.3,0.58,3,0.54,0.41,0.8,1,0.349,P3,Team_C,Low,1
11293,Low,0.3,0.43,1,0.51,0.6,0.89,5,0.356,P3,Team_B,Low,1
11294,Low,0.3,0.71,3,0.95,0.72,0.78,3,0.464,P2,Team_B,Medium,2
11295,Low,0.3,0.49,2,0.88,0.67,0.61,3,0.413,P3,Team_C,Low,1
11296,Low,0.3,0.42,1,0.82,0.69,0.44,4,0.417,P3,Team_B,Low,1
11297,High,0.9,0.6,2,0.5,0.92,0.39,3,0.72,P1,Team_B,High,4
11298,Low,0.3,0.73,1,0.93,0.63,0.86,1,0.424,P2,Team_C,Medium,2
11299,Medium,0.6,0.17,1,0.53,0.47,0.69,1,0.378,P3,Team_C,Low,1
11300,Medium,0.6,0.4,4,0.81,0.57,0.81,6,0.495,P2,Team_A,Medium,2
11301,Low,0.3,0.72,4,0.7,0.73,0.65,4,0.359,P3,Team_C,Low,1
11302,Medium,0.6,0.11,1,0.84,0.55,0.31,1,0.395,P3,Team_A,Low,1
11303,Medium,0.6,0.16,4,0.9,0.7,0.79,1,0.406,P3,Team_A,Low,1
11304,Low,0.3,0.22,4,0.88,0.91,0.35,2,0.256,P3,Team_B,Low,1
11305,High,0.9,0.22,3,0.89,0.81,0.84,2,0.53,P2,Team_A,Medium,2
11306,High,0.9,0.65,3,0.8,0.72,0.97,4,0.689,P1,Team_A,High,5
11307,High,0.9,0.51,3,0.93,0.59,0.86,4,0.683,P1,Team_A,High,6
11308,High,0.9,0.34,2,0.84,0.78,0.76,2,0.548,P2,Team_A,Medium,2
11309,High,0.9,0.6,1,0.8,0.49,0.99,3,0.723,P1,Team_A,High,6
11310,Low,0.3,0.55,3,0.68,0.14,0.39,2,0.37,P3,Team_B,Low,1
11311,Medium,0.6,0.22,3,0.97,0.74,0.44,5,0.634,P2,Team_C,Medium,3
11312,Medium,0.6,0.2,2,0.85,0.56,0.77,2,0.416,P3,Team_A,Low,1
11313,Low,0.3,0.88,2,0.81,0.87,0.7,3,0.29,P3,Team_C,Low,1
11314,Low,0.3,0.41,3,0.8,0.86,0.72,6,0.338,P3,Team_B,Low,1
11315,High,0.9,0.57,2,0.8,0.77,0.31,2,0.696,P1,Team_A,High,5
11316,Medium,0.6,0.28,2,0.4,0.63,0.96,4,0.434,P2,Team_A,Medium,3
11317,Low,0.3,0.33,1,0.77,0.79,0.99,5,0.201,P3,Team_C,Low,1
11318,High,0.9,0.6,2,0.71,0.37,0.46,0,0.773,P1,Team_C,High,4
11319,Medium,0.6,0.8,2,0.9,0.45,0.71,5,0.698,P1,Team_A,High,6
11320,Low,0.3,0.26,4,0.4,0.76,0.84,3,0.317,P3,Team_C,Low,1
11321,Low,0.3,0.17,2,0.8,0.91,0.65,3,0.277,P3,Team_B,Low,1
11322,Medium,0.6,0.92,1,0.61,0.87,0.97,2,0.584,P2,Team_B,Medium,2
11323,Medium,0.6,0.62,2,0.95,0.85,0.51,2,0.496,P2,Team_B,Medium,3
11324,Medium,0.6,0.45,2,0.64,0.32,0.38,3,0.547,P2,Team_C,Medium,3
11325,High,0.9,0.68,4,0.87,0.57,0.77,3,0.726,P1,Team_A,High,4
11326,High,0.9,0.31,1,0.68,0.91,0.33,1,0.574,P2,Team_B,Medium,3
11327,Low,0.3,0.4,4,0.51,0.62,1.0,6,0.354,P3,Team_C,Low,1
11328,High,0.9,0.48,2,0.86,0.71,0.88,0,0.581,P2,Team_A,Medium,2
11329,High,0.9,0.42,1,0.63,0.76,0.45,7,0.713,P1,Team_B,High,4
11330,Low,0.3,0.32,1,0.7,0.53,0.46,5,0.317,P3,Team_B,Low,1
11331,Low,0.3,0.27,3,0.7,0.37,0.51,5,0.301,P3,Team_B,Low,1
11332,Low,0.3,0.53,1,0.8,0.49,0.44,2,0.397,P3,Team_C,Low,1
11333,High,0.9,0.75,4,0.87,0.88,0.42,2,0.714,P1,Team_A,High,6
11334,Low,0.3,0.6,2,0.88,0.69,0.52,2,0.413,P3,Team_C,Low,1
11335,Low,0.3,0.36,3,0.77,0.66,0.63,4,0.379,P3,Team_B,Low,1
11336,Medium,0.6,0.59,4,0.93,0.8,0.87,3,0.483,P2,Team_B,Medium,3
11337,Low,0.3,0.12,1,0.88,0.94,0.69,3,0.255,P3,Team_B,Low,1
11338,High,0.9,0.59,2,0.74,0.86,0.64,1,0.673,P1,Team_B,High,5
11339,Medium,0.6,0.54,4,0.83,0.97,0.98,2,0.548,P2,Team_B,Medium,3
11340,Low,0.3,0.72,2,0.73,0.37,0.65,4,0.427,P2,Team_C,Medium,2
11341,Medium,0.6,0.21,1,0.83,0.93,0.96,3,0.406,P3,Team_B,Low,1
11342,High,0.9,0.27,1,0.85,0.5,0.88,6,0.614,P2,Team_A,Medium,3
11343,Medium,0.6,0.28,1,0.75,0.64,0.58,1,0.394,P3,Team_C,Low,1
11344,Medium,0.6,0.87,1,0.87,0.93,0.85,4,0.546,P2,Team_B,Medium,3
11345,High,0.9,0.43,3,0.74,0.84,0.47,4,0.625,P2,Team_B,Medium,3
11346,Low,0.3,0.05,3,0.36,0.8,0.35,6,0.214,P3,Team_C,Low,1
11347,Low,0.3,0.88,2,0.8,0.53,0.79,2,0.368,P3,Team_C,Low,1
11348,High,0.9,0.3,3,0.74,0.79,0.44,1,0.654,P1,Team_B,High,6
11349,High,0.9,0.77,3,0.52,0.71,0.38,3,0.744,P1,Team_B,High,4
11350,Low,0.3,0.48,2,0.92,0.27,0.64,7,0.47,P2,Team_C,Medium,3
11351,Medium,0.6,0.76,4,0.83,0.61,0.84,4,0.547,P2,Team_A,Medium,3
11352,High,0.9,0.29,3,0.94,0.72,0.92,3,0.662,P1,Team_A,High,6
11353,Medium,0.6,0.44,4,0.76,0.62,0.43,2,0.532,P2,Team_C,Medium,3
11354,Low,0.3,0.61,4,1.0,0.78,0.54,1,0.375,P3,Team_C,Low,1
11355,Medium,0.6,0.72,1,0.56,0.16,0.76,2,0.567,P2,Team_C,Medium,3
11356,High,0.9,0.92,2,0.74,0.39,0.62,4,0.833,P1,Team_C,High,6
11357,High,0.9,0.89,1,0.76,0.54,0.74,2,0.765,P1,Team_C,High,4
11358,Medium,0.6,0.37,4,0.85,0.37,0.38,1,0.588,P2,Team_A,Medium,2
11359,Medium,0.6,0.94,4,0.74,0.61,0.34,4,0.642,P2,Team_A,Medium,2
11360,Low,0.3,0.4,3,0.76,0.76,0.33,6,0.446,P2,Team_B,Medium,2
11361,Low,0.3,0.51,4,0.57,0.84,0.84,4,0.327,P3,Team_B,Low,1
11362,Medium,0.6,0.47,2,0.97,0.69,0.34,3,0.525,P2,Team_C,Medium,3
11363,Low,0.3,0.3,1,0.65,0.44,0.96,3,0.342,P3,Team_C,Low,1
11364,Low,0.3,0.31,4,0.71,0.69,0.72,4,0.295,P3,Team_C,Low,1
11365,Medium,0.6,0.17,4,0.47,0.63,0.59,4,0.418,P3,Team_A,Low,1
11366,Low,0.3,0.32,1,0.79,0.33,0.55,6,0.365,P3,Team_B,Low,1
11367,Low,0.3,0.78,4,0.71,0.68,0.8,3,0.346,P3,Team_C,Low,1
11368,Low,0.3,0.75,1,0.65,0.57,0.51,4,0.408,P3,Team_B,Low,1
11369,Low,0.3,0.7,3,0.84,0.53,0.69,7,0.383,P3,Team_C,Low,1
11370,High,0.9,0.39,3,0.87,0.9,0.37,5,0.634,P2,Team_A,Medium,2
11371,High,0.9,0.32,4,0.8,0.98,0.83,2,0.645,P2,Team_A,Medium,3
11372,Medium,0.6,0.65,4,0.97,0.59,1.0,3,0.474,P2,Team_A,Medium,2
11373,Low,0.3,0.52,3,0.79,0.57,0.96,2,0.355,P3,Team_C,Low,1
11374,Low,0.3,0.1,2,0.72,0.94,0.78,1,0.237,P3,Team_B,Low,1
11375,Medium,0.6,0.44,1,0.77,0.82,0.61,3,0.479,P2,Team_B,Medium,3
11376,Medium,0.6,0.2,3,0.58,0.6,0.45,2,0.438,P2,Team_C,Medium,3
11377,High,0.9,0.48,4,0.52,0.78,0.33,5,0.699,P1,Team_B,High,6
11378,High,0.9,0.56,3,0.67,0.74,0.75,4,0.706,P1,Team_B,High,5
11379,Medium,0.6,0.93,4,0.58,0.41,0.45,5,0.691,P1,Team_A,High,6
11380,Low,0.3,0.46,1,0.79,0.51,0.99,4,0.367,P3,Team_C,Low,1
11381,Medium,0.6,0.35,4,0.4,0.59,0.92,4,0.485,P2,Team_A,Medium,3
11382,Low,0.3,0.69,2,0.59,0.66,0.32,7,0.369,P3,Team_B,Low,1
11383,Low,0.3,0.58,1,0.97,0.8,0.34,1,0.331,P3,Team_B,Low,1
11384,Low,0.3,0.25,3,0.64,0.95,0.68,2,0.259,P3,Team_B,Low,1
11385,Low,0.3,0.34,1,0.69,0.51,0.95,1,0.287,P3,Team_C,Low,1
11386,High,0.9,0.5,4,0.56,0.65,0.6,2,0.698,P1,Team_C,High,4
11387,Low,0.3,0.32,3,0.87,0.63,0.54,3,0.24,P3,Team_B,Low,1
11388,Medium,0.6,0.68,2,0.81,0.68,0.57,4,0.558,P2,Team_C,Medium,3
11389,Medium,0.6,0.7,3,0.76,0.81,0.58,1,0.54,P2,Team_B,Medium,2
11390,Low,0.3,0.52,2,0.58,0.91,0.74,4,0.395,P3,Team_C,Low,1
11391,High,0.9,0.28,4,0.66,0.49,0.42,5,0.657,P1,Team_C,High,6
11392,Low,0.3,0.39,3,0.53,0.52,0.31,1,0.412,P3,Team_C,Low,1
11393,Low,0.3,0.34,1,0.92,0.65,0.58,1,0.344,P3,Team_C,Low,1
11394,Medium,0.6,0.5,1,0.9,0.89,0.54,3,0.465,P2,Team_B,Medium,2
11395,Low,0.3,0.36,2,0.89,0.78,0.83,3,0.307,P3,Team_C,Low,1
11396,Medium,0.6,0.42,3,0.6,0.52,0.43,1,0.512,P2,Team_A,Medium,2
11397,Medium,0.6,0.1,2,0.81,0.86,0.91,1,0.419,P3,Team_B,Low,1
11398,Low,0.3,0.58,4,0.74,0.72,0.37,4,0.353,P3,Team_C,Low,1
11399,Low,0.3,0.75,4,0.81,0.56,0.68,2,0.413,P3,Team_C,Low,1
11400,Low,0.3,0.77,2,0.78,0.59,0.92,1,0.414,P3,Team_B,Low,1
11401,Low,0.3,0.44,2,0.57,0.58,0.52,2,0.363,P3,Team_B,Low,1
11402,Medium,0.6,0.77,4,0.72,0.6,0.7,1,0.49,P2,Team_C,Medium,3
11403,High,0.9,0.23,4,0.8,0.58,0.85,4,0.6,P2,Team_A,Medium,2
11404,Medium,0.6,0.61,4,0.79,0.89,0.6,4,0.529,P2,Team_B,Medium,2
11405,Medium,0.6,0.69,2,0.91,0.64,0.44,3,0.545,P2,Team_A,Medium,2
11406,Low,0.3,0.64,2,0.98,0.22,0.69,4,0.391,P3,Team_B,Low,1
11407,Medium,0.6,0.57,3,0.6,0.87,0.48,2,0.526,P2,Team_B,Medium,3
11408,High,0.9,0.54,1,0.56,0.77,0.34,5,0.662,P1,Team_B,High,6
11409,High,0.9,0.77,1,0.76,0.33,0.58,0,0.838,P1,Team_C,High,4
11410,Medium,0.6,0.77,4,0.84,0.69,0.67,4,0.61,P2,Team_C,Medium,2
11411,Low,0.3,0.15,1,0.89,0.57,0.62,3,0.309,P3,Team_C,Low,1
11412,Low,0.3,0.13,4,0.92,0.75,0.57,1,0.246,P3,Team_C,Low,1
11413,Medium,0.6,0.13,4,0.62,0.2,0.98,4,0.382,P3,Team_C,Low,1
11414,Medium,0.6,0.19,2,0.86,0.74,0.69,6,0.436,P2,Team_C,Medium,3
11415,Low,0.3,0.91,4,0.78,0.96,0.5,3,0.413,P3,Team_C,Low,1
11416,High,0.9,0.55,4,0.53,0.4,0.3,0,0.755,P1,Team_C,High,5
11417,High,0.9,0.35,1,0.7,0.79,0.48,1,0.598,P2,Team_B,Medium,2
11418,Low,0.3,0.25,2,0.84,0.79,0.92,3,0.331,P3,Team_C,Low,1
11419,High,0.9,0.79,3,0.65,0.71,0.59,2,0.705,P1,Team_B,High,4
11420,Low,0.3,0.56,4,0.92,0.82,0.42,4,0.407,P3,Team_B,Low,1
11421,Medium,0.6,0.53,4,0.77,0.48,0.89,1,0.501,P2,Team_A,Medium,2
11422,High,0.9,0.67,4,0.87,0.25,0.65,4,0.813,P1,Team_A,High,5
11423,High,0.9,0.41,1,0.59,0.4,0.97,2,0.634,P2,Team_C,Medium,2
11424,High,0.9,0.15,3,0.83,0.39,0.66,3,0.572,P2,Team_A,Medium,3
11425,Medium,0.6,0.46,3,0.94,0.76,0.92,3,0.558,P2,Team_B,Medium,2
11426,High,0.9,0.58,1,0.94,0.97,0.36,2,0.774,P1,Team_A,High,5
11427,High,0.9,0.54,4,0.51,0.63,0.41,1,0.701,P1,Team_C,High,5
11428,Medium,0.6,0.3,2,0.73,0.91,0.38,3,0.465,P2,Team_B,Medium,2
11429,Medium,0.6,0.85,4,0.57,0.72,0.34,1,0.615,P2,Team_C,Medium,2
11430,Medium,0.6,0.42,2,0.71,0.57,0.65,2,0.453,P2,Team_A,Medium,3
11431,Medium,0.6,0.33,4,0.8,0.8,0.65,6,0.54,P2,Team_B,Medium,2
11432,Medium,0.6,0.25,1,0.79,0.84,0.97,2,0.445,P2,Team_B,Medium,3
11433,Medium,0.6,0.53,4,0.78,0.74,0.5,1,0.48,P2,Team_A,Medium,2
11434,Medium,0.6,0.33,1,0.84,0.68,0.68,3,0.476,P2,Team_C,Medium,3
11435,Low,0.3,0.52,4,0.6,0.6,0.82,2,0.338,P3,Team_C,Low,1
11436,Low,0.3,0.17,2,0.61,0.75,0.7,5,0.221,P3,Team_B,Low,1
11437,Low,0.3,0.4,1,0.89,0.64,0.67,3,0.391,P3,Team_C,Low,1
11438,High,0.9,0.41,3,0.97,0.34,0.95,2,0.7,P1,Team_A,High,5
11439,High,0.9,0.44,1,0.43,0.5,0.37,3,0.735,P1,Team_C,High,4
11440,Low,0.3,0.01,2,0.5,0.4,0.81,3,0.239,P3,Team_B,Low,1
11441,Low,0.3,0.62,1,0.8,0.81,0.55,6,0.353,P3,Team_B,Low,1
11442,Medium,0.6,0.39,4,0.9,0.49,0.42,3,0.539,P2,Team_C,Medium,2
11443,Low,0.3,0.18,3,0.87,0.56,0.9,1,0.328,P3,Team_C,Low,1
11444,High,0.9,0.6,1,0.52,0.78,0.62,6,0.725,P1,Team_B,High,4
11445,Low,0.3,0.25,2,0.71,0.85,0.78,4,0.298,P3,Team_B,Low,1
11446,High,0.9,0.61,2,0.64,0.99,0.65,2,0.776,P1,Team_B,High,6
11447,Medium,0.6,0.31,4,0.62,0.64,0.71,2,0.512,P2,Team_A,Medium,3
11448,Low,0.3,0.81,4,0.91,0.64,0.94,1,0.35,P3,Team_B,Low,1
11449,Medium,0.6,0.56,2,0.63,0.54,0.59,4,0.534,P2,Team_A,Medium,2
11450,Medium,0.6,0.09,2,0.39,0.62,0.53,3,0.402,P3,Team_A,Low,1
11451,Medium,0.6,0.53,4,0.47,0.63,0.89,1,0.516,P2,Team_A,Medium,2
11452,Low,0.3,0.65,3,0.81,0.55,0.91,5,0.397,P3,Team_C,Low,1
11453,Low,0.3,0.39,2,0.84,0.87,0.64,4,0.337,P3,Team_B,Low,1
11454,Medium,0.6,0.79,4,0.96,0.66,0.98,5,0.534,P2,Team_C,Medium,2
11455,Low,0.3,0.65,1,0.92,0.59,0.34,4,0.44,P2,Team_C,Medium,3
11456,Medium,0.6,0.38,4,0.93,0.76,0.89,2,0.462,P2,Team_B,Medium,2
11457,Low,0.3,0.34,4,0.78,0.27,0.33,1,0.358,P3,Team_C,Low,1
11458,Medium,0.6,0.64,2,0.44,0.56,0.87,0,0.53,P2,Team_A,Medium,3
11459,Low,0.3,0.4,1,0.94,0.67,0.93,5,0.26,P3,Team_C,Low,1
11460,Low,0.3,0.28,2,0.83,0.61,0.52,2,0.341,P3,Team_B,Low,1
11461,Medium,0.6,0.47,3,0.92,0.7,0.67,6,0.459,P2,Team_C,Medium,2
11462,Medium,0.6,0.65,4,0.75,0.82,0.67,2,0.564,P2,Team_B,Medium,3
11463,Low,0.3,0.1,1,0.8,0.44,0.36,2,0.338,P3,Team_C,Low,1
11464,Low,0.3,0.26,1,0.65,0.41,0.76,4,0.288,P3,Team_C,Low,1
11465,Medium,0.6,0.15,3,0.84,0.84,0.94,4,0.402,P3,Team_B,Low,1
11466,Medium,0.6,0.1,1,0.66,0.66,0.88,1,0.392,P3,Team_A,Low,1
11467,Medium,0.6,0.27,1,0.81,0.92,0.82,4,0.415,P3,Team_B,Low,1
11468,High,0.9,0.49,3,0.58,0.44,0.67,6,0.768,P1,Team_C,High,5
11469,Low,0.3,0.43,3,0.49,0.89,0.62,3,0.268,P3,Team_C,Low,1
11470,Low,0.3,0.46,1,0.62,0.3,0.55,2,0.286,P3,Team_B,Low,1
11471,High,0.9,0.85,3,0.72,0.63,0.48,3,0.728,P1,Team_C,High,5
11472,Medium,0.6,0.79,3,0.54,0.69,0.79,4,0.612,P2,Team_C,Medium,3
11473,High,0.9,0.68,2,0.71,0.8,0.85,3,0.664,P1,Team_B,High,4
11474,Low,0.3,0.82,4,0.86,0.45,0.32,2,0.584,P2,Team_B,Medium,2
11475,Low,0.3,0.4,3,0.54,0.83,0.4,0,0.323,P3,Team_B,Low,1
11476,High,0.9,0.59,1,0.63,0.37,0.84,0,0.656,P1,Team_C,High,4
11477,High,0.9,0.82,3,0.67,0.67,0.56,2,0.757,P1,Team_C,High,4
11478,Medium,0.6,0.9,2,0.55,0.61,0.6,2,0.644,P2,Team_C,Medium,2
11479,Low,0.3,0.62,1,0.82,0.82,0.59,3,0.372,P3,Team_B,Low,1
11480,Medium,0.6,0.41,3,0.55,0.73,0.45,2,0.509,P2,Team_A,Medium,3
11481,Low,0.3,0.53,3,0.59,0.87,0.53,7,0.366,P3,Team_B,Low,1
11482,Low,0.3,0.68,2,0.49,0.69,0.74,2,0.406,P3,Team_B,Low,1
11483,Low,0.3,0.27,2,0.93,0.47,0.8,4,0.365,P3,Team_C,Low,1
11484,Low,0.3,0.59,1,0.78,0.47,0.63,3,0.272,P3,Team_B,Low,1
11485,Low,0.3,0.13,2,0.91,0.91,0.37,4,0.281,P3,Team_C,Low,1
11486,Low,0.3,0.67,2,0.65,0.45,0.52,3,0.415,P3,Team_C,Low,1
11487,Low,0.3,0.2,4,0.95,0.79,0.73,1,0.319,P3,Team_B,Low,1
11488,High,0.9,0.54,3,0.38,0.83,0.92,2,0.735,P1,Team_B,High,6
11489,Low,0.3,0.22,3,0.83,0.64,0.97,3,0.242,P3,Team_C,Low,1
11490,Low,0.3,0.44,3,0.54,0.77,0.49,2,0.426,P2,Team_C,Medium,3
11491,Medium,0.6,0.19,4,0.69,0.83,0.97,5,0.445,P2,Team_B,Medium,2
11492,Medium,0.6,0.84,1,0.57,0.68,0.99,1,0.48,P2,Team_C,Medium,2
11493,High,0.9,0.78,3,0.85,0.32,0.98,2,0.817,P1,Team_A,High,4
11494,High,0.9,0.52,4,0.73,0.69,0.58,4,0.592,P2,Team_C,Medium,3
11495,Medium,0.6,0.13,1,0.73,0.9,0.58,2,0.41,P3,Team_B,Low,1
11496,High,0.9,0.23,3,0.62,0.91,0.56,4,0.58,P2,Team_B,Medium,2
11497,Medium,0.6,0.79,1,0.7,0.63,0.85,5,0.629,P2,Team_A,Medium,2
11498,Medium,0.6,0.59,3,0.74,0.87,0.71,3,0.522,P2,Team_B,Medium,2
11499,High,0.9,0.6,4,0.58,0.63,0.31,8,0.738,P1,Team_C,High,6
11500,Low,0.3,0.71,1,0.87,0.71,0.34,3,0.399,P3,Team_B,Low,1
11501,Low,0.3,0.51,4,0.5,0.64,0.7,4,0.398,P3,Team_C,Low,1
11502,Medium,0.6,0.38,3,0.55,0.27,0.91,2,0.497,P2,Team_A,Medium,3
11503,Medium,0.6,0.77,4,0.37,0.78,0.72,6,0.57,P2,Team_B,Medium,3
11504,Medium,0.6,0.68,4,0.68,0.64,0.36,1,0.551,P2,Team_A,Medium,2
11505,High,0.9,0.42,1,0.91,0.53,0.48,1,0.672,P1,Team_A,High,4
11506,Low,0.3,0.84,4,0.55,0.71,0.98,4,0.411,P3,Team_B,Low,1
11507,High,0.9,0.57,4,0.9,0.86,0.88,5,0.68,P1,Team_A,High,4
11508,Low,0.3,0.34,4,0.6,0.89,0.43,3,0.316,P3,Team_B,Low,1
11509,Medium,0.6,0.53,1,0.71,0.28,0.86,2,0.589,P2,Team_C,Medium,3
11510,High,0.9,0.47,4,0.79,0.6,0.74,1,0.668,P1,Team_C,High,6
11511,Low,0.3,0.88,1,0.64,0.93,0.78,3,0.335,P3,Team_C,Low,1
11512,High,0.9,0.77,1,0.56,0.98,0.52,6,0.752,P1,Team_B,High,4
11513,Medium,0.6,0.31,4,0.31,0.8,0.45,4,0.474,P2,Team_B,Medium,2
11514,High,0.9,0.26,1,0.91,0.64,0.33,3,0.71,P1,Team_A,High,5
11515,Low,0.3,0.35,4,0.34,0.69,0.74,1,0.309,P3,Team_C,Low,1
11516,High,0.9,0.67,4,0.79,0.59,0.69,3,0.755,P1,Team_C,High,6
11517,Medium,0.6,0.32,3,0.71,0.4,0.68,2,0.551,P2,Team_A,Medium,2
11518,Medium,0.6,0.22,2,0.91,0.68,0.6,3,0.343,P3,Team_A,Low,1
11519,Low,0.3,0.69,1,0.9,0.31,0.35,4,0.374,P3,Team_C,Low,1
11520,Low,0.3,0.39,1,0.7,0.67,0.31,2,0.36,P3,Team_B,Low,1
11521,Low,0.3,0.69,2,0.81,0.62,0.47,1,0.439,P2,Team_C,Medium,2
11522,Low,0.3,0.72,3,0.85,0.83,0.61,4,0.377,P3,Team_B,Low,1
11523,Medium,0.6,0.38,3,0.95,0.65,0.62,1,0.569,P2,Team_C,Medium,2
11524,High,0.9,0.14,2,0.6,0.58,0.62,2,0.684,P1,Team_C,High,5
11525,High,0.9,0.24,3,0.97,0.57,0.66,3,0.74,P1,Team_A,High,5
11526,High,0.9,0.28,2,0.45,0.7,0.7,3,0.633,P2,Team_B,Medium,3
11527,High,0.9,0.16,1,0.5,0.96,0.32,4,0.612,P2,Team_B,Medium,3
11528,Low,0.3,0.58,1,0.67,0.39,0.54,3,0.387,P3,Team_C,Low,1
11529,Medium,0.6,0.44,1,0.58,0.84,0.73,2,0.425,P2,Team_B,Medium,2
11530,Medium,0.6,0.27,1,0.62,0.82,0.58,4,0.367,P3,Team_B,Low,1
11531,Medium,0.6,0.48,2,0.87,0.83,0.79,7,0.532,P2,Team_B,Medium,3
11532,Low,0.3,0.87,4,0.86,0.71,1.0,1,0.51,P2,Team_C,Medium,3
11533,Low,0.3,0.92,2,0.68,0.49,0.56,3,0.566,P2,Team_C,Medium,3
11534,Medium,0.6,0.62,4,0.79,0.45,0.92,3,0.471,P2,Team_C,Medium,3
11535,Low,0.3,0.7,4,0.54,0.86,0.66,1,0.345,P3,Team_C,Low,1
11536,Low,0.3,0.94,2,0.68,0.56,0.63,5,0.434,P2,Team_C,Medium,3
11537,Low,0.3,0.28,3,0.92,0.4,0.64,4,0.293,P3,Team_B,Low,1
11538,Medium,0.6,0.85,4,0.9,0.5,0.44,3,0.595,P2,Team_A,Medium,2
11539,High,0.9,0.21,3,0.75,0.71,0.44,4,0.602,P2,Team_B,Medium,2
11540,Low,0.3,0.29,3,0.84,0.75,0.35,4,0.337,P3,Team_C,Low,1
11541,Medium,0.6,0.1,2,0.65,0.47,0.65,5,0.483,P2,Team_C,Medium,2
11542,High,0.9,0.55,3,0.79,0.63,0.72,5,0.732,P1,Team_C,High,6
11543,Medium,0.6,0.66,3,0.83,0.72,0.47,2,0.612,P2,Team_A,Medium,2
11544,Medium,0.6,0.8,1,0.87,0.8,0.46,1,0.676,P1,Team_B,High,4
11545,Low,0.3,0.62,4,0.9,0.91,0.66,3,0.369,P3,Team_C,Low,1
11546,Medium,0.6,0.27,2,0.53,0.67,0.51,1,0.469,P2,Team_C,Medium,2
11547,Low,0.3,0.56,2,0.71,0.72,0.97,2,0.265,P3,Team_C,Low,1
11548,High,0.9,0.39,1,0.64,0.57,0.77,3,0.651,P1,Team_C,High,4
11549,High,0.9,0.41,4,0.39,0.21,0.54,4,0.7,P1,Team_C,High,6
11550,Low,0.3,0.2,3,0.66,0.43,0.62,3,0.194,P3,Team_C,Low,1
11551,Medium,0.6,0.23,1,0.66,0.81,0.84,2,0.378,P3,Team_B,Low,1
11552,Low,0.3,0.38,4,0.64,0.67,0.34,4,0.417,P3,Team_C,Low,1
11553,Low,0.3,0.28,2,0.74,0.76,0.52,2,0.238,P3,Team_C,Low,1
11554,Low,0.3,0.4,1,0.96,0.35,0.63,1,0.315,P3,Team_B,Low,1
11555,Medium,0.6,0.67,4,0.5,0.12,0.91,2,0.527,P2,Team_C,Medium,3
11556,Medium,0.6,0.45,3,0.97,0.67,0.9,3,0.522,P2,Team_C,Medium,2
11557,Medium,0.6,0.51,1,0.22,0.7,0.57,4,0.526,P2,Team_A,Medium,3
11558,Medium,0.6,0.47,2,0.86,0.92,0.31,3,0.566,P2,Team_B,Medium,3
11559,Medium,0.6,0.46,4,0.73,0.87,0.41,3,0.54,P2,Team_B,Medium,2
11560,High,0.9,0.72,2,0.36,0.51,0.57,3,0.899,P1,Team_C,High,5
11561,High,0.9,0.87,1,0.44,0.27,0.71,3,0.76,P1,Team_C,High,5
11562,Medium,0.6,0.61,1,0.84,0.92,0.56,4,0.462,P2,Team_B,Medium,2
11563,Low,0.3,0.48,1,0.36,0.78,0.33,2,0.418,P3,Team_C,Low,1
11564,Low,0.3,0.44,1,0.68,0.49,0.54,3,0.397,P3,Team_B,Low,1
11565,Low,0.3,0.67,3,0.82,0.57,0.7,2,0.383,P3,Team_C,Low,1
11566,Low,0.3,0.68,3,0.64,0.45,0.8,3,0.426,P2,Team_B,Medium,3
11567,Medium,0.6,0.33,2,0.61,0.89,0.99,3,0.44,P2,Team_B,Medium,3
11568,Medium,0.6,0.75,2,0.9,0.69,0.99,4,0.566,P2,Team_A,Medium,2
11569,Low,0.3,0.29,4,0.74,0.42,0.41,2,0.374,P3,Team_B,Low,1
11570,Low,0.3,0.56,1,0.67,0.77,0.81,1,0.271,P3,Team_C,Low,1
11571,Low,0.3,0.34,1,0.77,0.83,0.94,3,0.287,P3,Team_B,Low,1
11572,Medium,0.6,0.6,3,0.3,0.43,0.85,4,0.558,P2,Team_A,Medium,3
11573,Low,0.3,0.79,4,0.47,0.65,0.91,3,0.387,P3,Team_B,Low,1
11574,Low,0.3,0.22,4,0.62,0.59,0.57,3,0.193,P3,Team_B,Low,1
11575,Medium,0.6,0.6,1,0.64,0.94,0.44,1,0.559,P2,Team_B,Medium,2
11576,Low,0.3,0.12,4,0.55,0.43,0.94,3,0.311,P3,Team_C,Low,1
11577,Low,0.3,0.8,2,0.64,0.7,0.51,2,0.425,P2,Team_B,Medium,2
11578,Low,0.3,0.47,1,0.9,0.36,0.52,0,0.315,P3,Team_C,Low,1
11579,Low,0.3,0.23,4,0.9,0.76,0.73,4,0.295,P3,Team_C,Low,1
11580,Low,0.3,0.86,4,0.83,0.73,0.99,7,0.436,P2,Team_B,Medium,3
11581,Low,0.3,0.6,3,0.73,0.75,0.34,4,0.349,P3,Team_B,Low,1
11582,Medium,0.6,0.32,4,0.64,0.38,0.94,3,0.474,P2,Team_C,Medium,2
11583,Low,0.3,0.14,4,0.73,0.73,0.62,5,0.319,P3,Team_B,Low,1
11584,Low,0.3,0.75,2,0.9,0.3,0.31,4,0.376,P3,Team_B,Low,1
11585,Low,0.3,0.68,3,0.74,0.77,0.88,4,0.414,P3,Team_B,Low,1
11586,Medium,0.6,0.83,3,0.31,0.48,0.86,1,0.577,P2,Team_A,Medium,3
11587,High,0.9,0.42,2,0.74,0.8,0.66,1,0.672,P1,Team_B,High,6
11588,Low,0.3,0.65,4,0.49,0.85,0.71,3,0.354,P3,Team_B,Low,1
11589,Medium,0.6,0.85,1,0.52,0.57,0.55,5,0.651,P1,Team_A,High,5
11590,Medium,0.6,0.58,4,0.84,0.86,0.8,4,0.419,P3,Team_B,Low,1
11591,Medium,0.6,0.56,3,0.88,0.72,0.51,2,0.513,P2,Team_C,Medium,2
11592,Low,0.3,0.39,2,0.9,0.66,0.57,4,0.247,P3,Team_C,Low,1
11593,High,0.9,0.69,2,0.83,0.98,0.9,8,0.729,P1,Team_A,High,5
11594,High,0.9,0.5,3,0.63,0.75,0.86,3,0.66,P1,Team_B,High,6
11595,Low,0.3,0.7,2,0.41,0.44,0.51,4,0.408,P3,Team_C,Low,1
11596,High,0.9,0.19,2,0.89,0.88,0.79,1,0.627,P2,Team_A,Medium,2
11597,Low,0.3,0.08,4,0.92,0.86,0.86,1,0.146,P3,Team_C,Low,1
11598,Low,0.3,0.61,1,0.95,0.79,0.77,2,0.262,P3,Team_C,Low,1
11599,Medium,0.6,0.23,2,0.42,0.57,0.39,3,0.499,P2,Team_A,Medium,2
11600,Low,0.3,0.85,3,0.8,0.87,0.43,2,0.43,P2,Team_C,Medium,3
11601,Medium,0.6,0.71,1,0.75,0.45,0.9,3,0.519,P2,Team_C,Medium,3
11602,Low,0.3,0.61,1,0.49,0.7,0.83,3,0.29,P3,Team_B,Low,1
11603,Low,0.3,0.33,1,0.83,0.81,0.54,3,0.384,P3,Team_C,Low,1
11604,Medium,0.6,0.69,1,0.62,0.69,0.53,4,0.553,P2,Team_C,Medium,2
11605,High,0.9,0.48,4,0.83,0.75,0.58,2,0.737,P1,Team_A,High,5
11606,Medium,0.6,0.39,2,0.61,0.61,0.97,5,0.485,P2,Team_A,Medium,3
11607,Low,0.3,0.08,3,0.58,0.77,0.9,1,0.228,P3,Team_B,Low,1
11608,Low,0.3,0.24,4,0.71,0.65,0.52,6,0.378,P3,Team_B,Low,1
11609,High,0.9,0.63,3,0.56,0.71,0.38,2,0.811,P1,Team_B,High,4
11610,Low,0.3,0.94,2,0.91,0.8,0.87,3,0.389,P3,Team_B,Low,1
11611,Low,0.3,0.24,4,0.76,0.97,0.94,3,0.168,P3,Team_C,Low,1
11612,Medium,0.6,0.46,3,0.58,0.94,0.71,4,0.518,P2,Team_B,Medium,2
11613,Low,0.3,0.84,1,0.67,0.62,0.34,3,0.46,P2,Team_C,Medium,3
11614,Medium,0.6,0.7,3,0.51,0.58,0.91,3,0.535,P2,Team_C,Medium,2
11615,High,0.9,0.45,4,0.88,0.51,0.8,0,0.661,P1,Team_A,High,4
11616,Low,0.3,0.44,1,0.9,0.75,0.46,1,0.373,P3,Team_C,Low,1
11617,Low,0.3,0.31,4,0.81,0.7,0.39,5,0.409,P3,Team_B,Low,1
11618,Medium,0.6,0.64,2,0.83,0.85,0.75,2,0.503,P2,Team_B,Medium,3
11619,Low,0.3,0.37,1,0.4,0.78,0.75,4,0.268,P3,Team_B,Low,1
11620,Medium,0.6,0.62,3,0.78,0.62,0.74,2,0.47,P2,Team_C,Medium,3
11621,High,0.9,0.17,4,0.62,0.53,0.56,4,0.668,P1,Team_C,High,5
11622,Medium,0.6,0.25,1,0.72,0.97,0.37,3,0.395,P3,Team_B,Low,1
11623,High,0.9,0.43,4,0.84,0.81,0.88,3,0.708,P1,Team_A,High,5
11624,Low,0.3,0.36,3,0.78,0.84,0.72,1,0.261,P3,Team_C,Low,1
11625,High,0.9,0.71,4,0.87,0.83,0.45,1,0.719,P1,Team_A,High,6
11626,High,0.9,0.65,2,0.51,0.61,0.3,2,0.786,P1,Team_C,High,4
11627,Low,0.3,0.77,1,0.48,0.46,0.94,2,0.302,P3,Team_B,Low,1
11628,Low,0.3,0.63,3,0.68,0.78,0.37,1,0.376,P3,Team_B,Low,1
11629,Low,0.3,0.21,1,0.98,0.57,0.94,2,0.189,P3,Team_C,Low,1
11630,Medium,0.6,0.09,4,0.87,0.63,0.84,4,0.358,P3,Team_A,Low,1
11631,Medium,0.6,0.25,1,0.85,0.8,0.78,3,0.421,P2,Team_B,Medium,3
11632,Medium,0.6,0.8,4,0.69,0.79,0.95,2,0.526,P2,Team_B,Medium,3
11633,Medium,0.6,0.65,2,0.68,0.96,0.96,3,0.418,P3,Team_B,Low,1
11634,Medium,0.6,0.27,4,0.85,0.95,0.41,2,0.386,P3,Team_B,Low,1
11635,High,0.9,0.62,2,0.83,0.71,0.83,4,0.61,P2,Team_A,Medium,3
11636,High,0.9,0.71,4,0.73,0.64,0.7,5,0.734,P1,Team_C,High,6
11637,Low,0.3,0.46,1,0.74,0.75,0.52,0,0.278,P3,Team_C,Low,1
11638,Low,0.3,0.58,1,0.83,0.61,0.62,3,0.371,P3,Team_C,Low,1
11639,Medium,0.6,0.29,4,0.79,0.45,0.56,4,0.467,P2,Team_C,Medium,3
11640,Low,0.3,0.27,3,0.85,0.66,0.64,2,0.324,P3,Team_B,Low,1
11641,High,0.9,0.16,3,0.82,0.65,0.33,3,0.574,P2,Team_A,Medium,3
11642,Medium,0.6,0.51,4,0.78,0.71,0.52,3,0.564,P2,Team_A,Medium,3
11643,High,0.9,0.41,2,0.8,0.61,0.64,2,0.654,P1,Team_A,High,5
11644,Low,0.3,0.68,2,0.8,0.4,0.31,0,0.452,P2,Team_B,Medium,3
11645,Medium,0.6,0.86,3,0.6,0.88,0.38,8,0.604,P2,Team_B,Medium,2
11646,Medium,0.6,0.59,3,0.68,0.58,0.73,4,0.551,P2,Team_C,Medium,2
11647,Low,0.3,0.06,2,0.8,0.95,0.95,5,0.203,P3,Team_B,Low,1
11648,High,0.9,0.3,4,0.86,0.64,0.45,0,0.697,P1,Team_A,High,5
11649,Medium,0.6,0.31,1,0.75,0.84,0.86,1,0.292,P3,Team_B,Low,1
11650,Low,0.3,0.03,4,0.92,0.18,0.4,1,0.497,P2,Team_B,Medium,2
11651,Low,0.3,0.08,1,0.88,0.55,0.46,3,0.339,P3,Team_C,Low,1
11652,Medium,0.6,0.75,4,0.49,0.69,0.53,0,0.484,P2,Team_A,Medium,2
11653,Low,0.3,0.79,4,0.84,0.68,0.39,4,0.517,P2,Team_C,Medium,3
11654,Medium,0.6,0.73,4,0.4,0.64,0.61,4,0.638,P2,Team_A,Medium,3
11655,Medium,0.6,0.08,3,0.93,0.52,0.54,2,0.386,P3,Team_C,Low,1
11656,Low,0.3,0.93,2,0.63,0.34,0.97,2,0.427,P2,Team_C,Medium,3
11657,Low,0.3,0.62,1,0.2,0.62,0.83,3,0.374,P3,Team_B,Low,1
11658,Low,0.3,0.59,2,0.79,0.73,0.59,1,0.318,P3,Team_B,Low,1
11659,High,0.9,0.66,3,0.6,0.47,0.62,3,0.779,P1,Team_C,High,4
11660,Low,0.3,0.74,4,0.73,0.79,0.35,2,0.405,P3,Team_C,Low,1
11661,Medium,0.6,0.58,2,0.85,0.64,0.9,5,0.51,P2,Team_A,Medium,3
11662,Low,0.3,0.79,2,0.82,0.87,0.49,3,0.358,P3,Team_C,Low,1
11663,Low,0.3,0.82,2,0.9,0.58,0.97,3,0.39,P3,Team_C,Low,1
11664,High,0.9,0.22,1,0.62,0.65,0.84,4,0.631,P2,Team_C,Medium,3
11665,Low,0.3,0.58,2,0.57,0.2,0.96,3,0.392,P3,Team_B,Low,1
11666,Low,0.3,0.83,4,0.74,0.73,0.96,0,0.278,P3,Team_B,Low,1
11667,High,0.9,0.41,2,0.81,0.85,0.53,2,0.703,P1,Team_A,High,6
11668,Low,0.3,0.61,1,0.49,0.49,0.58,3,0.433,P2,Team_B,Medium,3
11669,High,0.9,0.32,4,0.54,0.52,0.6,3,0.803,P1,Team_C,High,5
11670,Low,0.3,0.44,1,0.74,0.52,0.88,2,0.212,P3,Team_B,Low,1
11671,Low,0.3,0.63,2,0.55,0.47,0.57,0,0.23,P3,Team_C,Low,1
11672,High,0.9,0.78,3,0.94,0.38,0.77,1,0.697,P1,Team_A,High,6
11673,Medium,0.6,0.98,1,0.31,0.61,0.38,0,0.655,P1,Team_C,High,4
11674,Medium,0.6,0.64,2,0.65,0.64,0.58,4,0.445,P2,Team_A,Medium,3
11675,Medium,0.6,0.46,2,0.84,0.83,0.41,6,0.564,P2,Team_B,Medium,2
11676,Low,0.3,0.77,1,0.74,0.43,0.34,4,0.402,P3,Team_B,Low,1
11677,High,0.9,0.75,1,0.76,0.61,0.39,2,0.742,P1,Team_C,High,6
11678,Low,0.3,0.85,1,0.68,0.9,0.84,0,0.473,P2,Team_B,Medium,2
11679,Medium,0.6,0.51,3,0.68,0.82,0.37,5,0.461,P2,Team_B,Medium,2
11680,Low,0.3,0.47,2,0.8,0.84,0.84,4,0.308,P3,Team_C,Low,1
11681,Low,0.3,0.45,4,0.84,0.77,0.69,2,0.227,P3,Team_B,Low,1
11682,High,0.9,0.32,1,0.65,0.88,0.75,5,0.609,P2,Team_B,Medium,2
11683,High,0.9,0.6,4,0.78,0.39,0.65,3,0.778,P1,Team_C,High,5
11684,Low,0.3,0.81,4,0.54,0.57,0.47,0,0.396,P3,Team_B,Low,1
11685,Medium,0.6,0.64,1,0.69,0.83,0.53,2,0.454,P2,Team_B,Medium,2
11686,High,0.9,0.64,4,0.84,0.88,0.34,2,0.627,P2,Team_A,Medium,3
11687,Low,0.3,0.82,1,0.63,0.76,0.5,8,0.441,P2,Team_C,Medium,3
11688,Low,0.3,0.33,1,0.48,0.33,0.51,2,0.412,P3,Team_B,Low,1
11689,High,0.9,0.2,1,0.67,0.81,0.73,2,0.619,P2,Team_B,Medium,2
11690,High,0.9,0.67,4,0.51,0.78,0.44,2,0.74,P1,Team_B,High,5
11691,Low,0.3,0.15,1,0.7,0.38,0.36,6,0.4,P3,Team_B,Low,1
11692,High,0.9,0.6,1,0.69,0.73,0.9,3,0.738,P1,Team_B,High,4
11693,Low,0.3,0.48,1,0.66,0.34,0.47,4,0.394,P3,Team_C,Low,1
11694,Low,0.3,0.1,4,0.83,0.65,0.67,6,0.315,P3,Team_B,Low,1
11695,Medium,0.6,0.36,2,0.37,0.4,0.48,3,0.531,P2,Team_C,Medium,3
11696,Low,0.3,0.68,2,0.9,0.59,0.95,2,0.373,P3,Team_C,Low,1
11697,High,0.9,0.33,3,0.52,0.35,0.42,3,0.726,P1,Team_C,High,5
11698,Low,0.3,0.06,1,0.46,0.77,0.96,5,0.236,P3,Team_B,Low,1
11699,Low,0.3,0.71,3,0.74,0.93,0.89,0,0.262,P3,Team_B,Low,1
11700,Medium,0.6,0.6,2,0.81,0.09,0.41,6,0.669,P1,Team_A,High,4
11701,High,0.9,0.57,3,0.84,0.67,0.45,4,0.637,P2,Team_A,Medium,2
11702,Medium,0.6,0.2,2,0.62,0.71,0.69,7,0.444,P2,Team_A,Medium,2
11703,Low,0.3,0.6,3,0.53,0.91,0.78,1,0.306,P3,Team_C,Low,1
11704,Medium,0.6,0.87,3,0.66,0.96,0.36,3,0.55,P2,Team_B,Medium,3
11705,Low,0.3,0.79,3,0.6,0.94,0.61,2,0.308,P3,Team_B,Low,1
11706,High,0.9,0.56,3,0.7,0.78,0.52,2,0.692,P1,Team_B,High,5
11707,Low,0.3,0.41,2,0.31,0.82,0.5,2,0.329,P3,Team_C,Low,1
11708,High,0.9,0.86,3,0.73,0.66,0.62,0,0.68,P1,Team_C,High,4
11709,Low,0.3,0.36,1,0.64,0.84,0.81,4,0.333,P3,Team_B,Low,1
11710,High,0.9,0.48,2,0.71,0.92,0.58,1,0.541,P2,Team_B,Medium,3
11711,Medium,0.6,0.55,4,0.68,0.65,0.86,4,0.515,P2,Team_C,Medium,3
11712,High,0.9,0.47,1,0.73,0.32,0.49,2,0.718,P1,Team_C,High,6
11713,Low,0.3,0.17,4,0.98,0.57,0.77,2,0.219,P3,Team_B,Low,1
11714,Low,0.3,0.59,2,0.85,0.53,0.75,6,0.345,P3,Team_B,Low,1
11715,Low,0.3,0.74,3,0.78,0.31,0.91,1,0.347,P3,Team_C,Low,1
11716,High,0.9,0.26,3,0.35,0.67,0.84,5,0.629,P2,Team_C,Medium,2
11717,Low,0.3,0.36,1,0.93,0.44,0.34,3,0.384,P3,Team_C,Low,1
11718,Low,0.3,0.5,2,0.64,0.57,0.63,5,0.351,P3,Team_B,Low,1
11719,Medium,0.6,0.63,2,0.64,0.83,0.99,4,0.463,P2,Team_B,Medium,2
11720,High,0.9,0.38,2,0.69,0.45,0.34,5,0.598,P2,Team_C,Medium,2
11721,High,0.9,0.7,2,0.84,0.98,0.98,3,0.675,P1,Team_A,High,6
11722,Low,0.3,0.27,4,0.92,0.81,0.6,3,0.235,P3,Team_B,Low,1
11723,Medium,0.6,0.52,1,0.67,0.8,0.93,2,0.464,P2,Team_B,Medium,2
11724,Low,0.3,0.87,1,0.9,0.81,0.69,2,0.317,P3,Team_C,Low,1
11725,Medium,0.6,0.28,4,0.89,0.56,0.61,4,0.352,P3,Team_C,Low,1
11726,High,0.9,0.8,1,0.57,0.68,0.41,6,0.674,P1,Team_C,High,6
11727,Medium,0.6,0.53,4,0.78,0.41,0.81,2,0.516,P2,Team_A,Medium,2
11728,Low,0.3,0.54,1,0.76,0.68,0.88,3,0.323,P3,Team_B,Low,1
11729,Low,0.3,0.28,3,0.67,0.78,0.77,1,0.302,P3,Team_C,Low,1
11730,High,0.9,0.63,4,0.4,0.55,0.6,4,0.671,P1,Team_C,High,6
11731,Medium,0.6,0.62,3,0.97,0.5,0.63,2,0.481,P2,Team_C,Medium,2
11732,Medium,0.6,0.28,4,0.61,0.77,0.53,5,0.375,P3,Team_B,Low,1
11733,Medium,0.6,0.92,2,0.84,0.99,0.55,4,0.611,P2,Team_B,Medium,3
11734,Medium,0.6,0.85,3,0.77,0.65,0.91,6,0.544,P2,Team_A,Medium,3
11735,High,0.9,0.59,1,0.8,0.55,0.76,2,0.65,P2,Team_A,Medium,2
11736,High,0.9,0.11,1,0.87,0.61,0.67,3,0.657,P1,Team_A,High,5
11737,High,0.9,0.71,3,0.73,0.67,0.78,3,0.687,P1,Team_C,High,4
11738,Low,0.3,0.64,3,0.65,0.42,0.65,1,0.474,P2,Team_B,Medium,2
11739,High,0.9,0.75,2,0.59,0.32,0.48,1,0.705,P1,Team_C,High,6
11740,Medium,0.6,0.16,3,0.47,0.95,1.0,3,0.394,P3,Team_B,Low,1
11741,Medium,0.6,0.42,4,0.83,0.6,0.59,2,0.492,P2,Team_C,Medium,3
11742,Low,0.3,0.51,3,0.85,0.6,0.68,3,0.324,P3,Team_B,Low,1
11743,Low,0.3,0.32,3,0.78,0.57,0.54,2,0.26,P3,Team_C,Low,1
11744,High,0.9,0.33,4,0.6,0.65,0.99,0,0.679,P1,Team_C,High,4
11745,High,0.9,0.43,1,0.57,0.13,0.6,5,0.705,P1,Team_C,High,6
11746,Low,0.3,0.21,4,0.36,0.86,0.74,2,0.293,P3,Team_B,Low,1
11747,Low,0.3,0.44,3,0.7,0.72,0.75,2,0.361,P3,Team_B,Low,1
11748,Medium,0.6,0.15,4,0.63,0.55,0.98,4,0.351,P3,Team_A,Low,1
11749,Low,0.3,0.5,1,0.63,0.56,0.76,5,0.365,P3,Team_C,Low,1
11750,Medium,0.6,0.14,2,0.59,0.55,0.71,7,0.49,P2,Team_A,Medium,2
11751,Medium,0.6,0.24,2,0.88,0.78,0.83,0,0.403,P3,Team_B,Low,1
11752,High,0.9,0.69,2,0.79,0.71,0.78,3,0.691,P1,Team_B,High,6
11753,High,0.9,0.51,3,0.7,0.9,0.43,3,0.667,P1,Team_B,High,6
11754,Medium,0.6,0.82,2,0.53,0.88,0.55,5,0.647,P2,Team_B,Medium,3
11755,High,0.9,0.81,4,0.38,0.89,0.8,4,0.827,P1,Team_B,High,4
11756,Medium,0.6,0.5,2,0.75,0.64,0.98,1,0.474,P2,Team_C,Medium,3
11757,Low,0.3,0.65,2,0.49,0.78,0.77,1,0.359,P3,Team_C,Low,1
11758,Medium,0.6,0.91,2,0.85,0.99,0.8,2,0.527,P2,Team_B,Medium,3
11759,Low,0.3,0.44,1,0.84,0.75,0.53,2,0.364,P3,Team_B,Low,1
11760,Medium,0.6,0.55,3,0.57,0.45,0.83,2,0.485,P2,Team_A,Medium,3
11761,Medium,0.6,0.62,2,0.91,0.9,0.99,2,0.512,P2,Team_B,Medium,3
11762,Medium,0.6,0.46,4,0.8,0.98,0.71,0,0.429,P2,Team_B,Medium,2
11763,Low,0.3,0.22,4,0.79,0.84,0.82,1,0.314,P3,Team_C,Low,1
11764,High,0.9,0.65,4,0.86,0.26,0.89,1,0.679,P1,Team_A,High,5
11765,Low,0.3,0.68,1,0.95,0.91,0.55,1,0.356,P3,Team_C,Low,1
11766,Low,0.3,0.16,2,0.55,0.74,0.67,3,0.302,P3,Team_C,Low,1
11767,Medium,0.6,0.43,2,0.9,0.63,0.79,5,0.446,P2,Team_A,Medium,2
11768,Medium,0.6,0.26,3,0.65,0.69,0.62,3,0.454,P2,Team_A,Medium,2
11769,Medium,0.6,0.54,3,0.81,0.35,0.35,2,0.606,P2,Team_A,Medium,3
11770,Low,0.3,0.14,4,0.6,0.81,0.99,1,0.281,P3,Team_B,Low,1
11771,Low,0.3,0.41,4,0.51,0.69,0.77,4,0.381,P3,Team_C,Low,1
11772,High,0.9,0.31,3,0.76,0.53,0.81,4,0.65,P2,Team_C,Medium,3
11773,Low,0.3,0.54,1,0.88,0.82,0.88,5,0.345,P3,Team_B,Low,1
11774,High,0.9,0.66,2,0.52,0.4,0.86,2,0.669,P1,Team_C,High,5
11775,High,0.9,0.36,3,0.67,0.59,0.45,4,0.693,P1,Team_C,High,6
11776,High,0.9,0.59,4,0.9,0.83,0.84,3,0.653,P1,Team_A,High,4
11777,High,0.9,0.88,3,0.63,0.93,0.45,2,0.817,P1,Team_B,High,5
11778,Low,0.3,0.64,1,0.89,0.27,0.5,4,0.447,P2,Team_B,Medium,3
11779,Medium,0.6,0.6,1,0.83,0.51,0.88,4,0.542,P2,Team_C,Medium,2
11780,Low,0.3,0.22,3,0.6,0.83,0.32,1,0.259,P3,Team_B,Low,1
11781,Medium,0.6,0.79,4,0.71,0.76,0.75,0,0.55,P2,Team_B,Medium,3
11782,Medium,0.6,0.48,2,0.76,0.34,0.67,0,0.617,P2,Team_A,Medium,3
11783,Low,0.3,0.65,1,0.71,0.82,0.86,8,0.284,P3,Team_B,Low,1
11784,High,0.9,0.71,3,0.59,0.66,0.49,3,0.737,P1,Team_C,High,5
11785,Medium,0.6,0.86,3,0.94,0.81,0.55,2,0.611,P2,Team_B,Medium,2
11786,Medium,0.6,0.37,2,0.53,0.61,0.57,3,0.555,P2,Team_C,Medium,2
11787,High,0.9,0.67,3,0.64,0.47,0.73,6,0.726,P1,Team_C,High,5
11788,High,0.9,0.3,2,0.54,0.69,0.32,6,0.763,P1,Team_C,High,5
11789,Low,0.3,0.6,2,0.82,0.3,0.59,4,0.472,P2,Team_C,Medium,3
11790,Low,0.3,0.25,2,0.79,0.63,0.84,3,0.274,P3,Team_B,Low,1
11791,Low,0.3,0.82,2,0.51,0.39,0.58,7,0.51,P2,Team_B,Medium,3
11792,Low,0.3,0.46,4,0.8,0.79,0.79,3,0.258,P3,Team_B,Low,1
11793,Low,0.3,0.41,3,0.46,0.82,0.32,2,0.289,P3,Team_B,Low,1
11794,High,0.9,0.68,2,0.97,0.86,0.58,1,0.668,P1,Team_A,High,5
11795,High,0.9,0.7,1,0.7,0.7,0.94,0,0.662,P1,Team_B,High,5
11796,High,0.9,0.73,1,0.94,0.74,0.34,3,0.734,P1,Team_A,High,4
11797,Low,0.3,0.37,3,0.7,0.4,0.87,4,0.394,P3,Team_C,Low,1
11798,High,0.9,0.33,3,0.93,0.38,0.33,3,0.762,P1,Team_A,High,6
11799,Medium,0.6,0.42,1,0.56,0.92,0.82,4,0.456,P2,Team_B,Medium,3
11800,Medium,0.6,0.29,2,0.9,0.46,0.96,2,0.395,P3,Team_A,Low,1
11801,Medium,0.6,0.4,3,0.71,0.56,0.74,2,0.596,P2,Team_A,Medium,3
11802,Medium,0.6,0.62,3,0.91,0.62,0.72,4,0.407,P3,Team_A,Low,1
11803,Medium,0.6,0.63,1,0.62,0.64,0.41,2,0.53,P2,Team_A,Medium,2
11804,Medium,0.6,0.72,4,0.51,0.63,0.9,0,0.504,P2,Team_C,Medium,2
11805,Low,0.3,0.45,4,0.83,0.45,0.47,2,0.23,P3,Team_C,Low,1
11806,Low,0.3,0.37,3,0.74,0.44,0.44,3,0.346,P3,Team_C,Low,1
11807,High,0.9,0.61,3,0.83,0.87,0.64,3,0.798,P1,Team_A,High,6
11808,Low,0.3,0.76,1,0.86,0.55,0.72,4,0.487,P2,Team_C,Medium,3
11809,Low,0.3,0.79,4,0.9,0.86,0.95,3,0.375,P3,Team_C,Low,1
11810,Medium,0.6,0.04,1,0.62,0.69,0.89,3,0.366,P3,Team_A,Low,1
11811,Low,0.3,0.14,1,0.33,0.9,0.31,5,0.296,P3,Team_B,Low,1
11812,Medium,0.6,0.94,3,0.9,0.66,0.99,2,0.563,P2,Team_A,Medium,3
11813,High,0.9,0.79,2,0.47,0.63,0.31,2,0.786,P1,Team_C,High,6
11814,High,0.9,0.66,4,0.85,0.93,0.38,2,0.659,P1,Team_A,High,4
11815,Low,0.3,0.51,4,0.85,0.32,0.92,1,0.372,P3,Team_B,Low,1
11816,Low,0.3,0.43,1,0.63,0.75,0.83,4,0.372,P3,Team_B,Low,1
11817,Medium,0.6,0.37,2,0.79,0.52,0.76,2,0.538,P2,Team_C,Medium,3
11818,High,0.9,0.25,1,0.59,0.3,0.43,6,0.713,P1,Team_C,High,6
11819,High,0.9,0.71,2,0.83,0.52,0.84,2,0.687,P1,Team_A,High,6
11820,Medium,0.6,0.88,2,0.71,0.76,0.9,6,0.599,P2,Team_B,Medium,2
11821,High,0.9,0.19,3,0.54,0.77,0.69,1,0.493,P2,Team_B,Medium,3
11822,Low,0.3,0.56,2,0.52,0.85,0.93,3,0.248,P3,Team_C,Low,1
11823,Medium,0.6,0.43,3,0.62,0.91,0.32,3,0.538,P2,Team_B,Medium,3
11824,Medium,0.6,0.81,2,0.66,0.84,0.95,4,0.503,P2,Team_B,Medium,3
11825,Low,0.3,0.8,1,0.48,0.9,0.76,3,0.414,P3,Team_B,Low,1
11826,High,0.9,0.66,1,0.49,0.56,0.87,2,0.682,P1,Team_C,High,5
11827,Low,0.3,0.54,4,0.83,0.74,0.82,3,0.252,P3,Team_C,Low,1
11828,High,0.9,0.56,2,0.59,0.7,0.75,3,0.751,P1,Team_B,High,6
11829,Low,0.3,0.54,4,0.38,0.37,0.94,3,0.297,P3,Team_C,Low,1
11830,Low,0.3,0.26,3,0.74,0.59,0.82,4,0.293,P3,Team_C,Low,1
11831,High,0.9,0.4,3,0.63,0.87,0.95,3,0.623,P2,Team_B,Medium,3
11832,Medium,0.6,0.87,4,0.83,0.76,0.96,2,0.49,P2,Team_B,Medium,3
11833,Low,0.3,0.62,1,0.54,0.41,0.76,3,0.364,P3,Team_C,Low,1
11834,Low,0.3,0.37,4,0.9,0.47,0.39,2,0.434,P2,Team_B,Medium,3
11835,Medium,0.6,0.31,4,0.75,0.88,0.33,7,0.507,P2,Team_B,Medium,2
11836,Low,0.3,0.5,4,0.65,0.87,0.66,4,0.325,P3,Team_C,Low,1
11837,Low,0.3,0.71,3,0.86,0.33,1.0,2,0.4,P3,Team_C,Low,1
11838,Medium,0.6,0.49,3,0.61,0.82,0.63,2,0.565,P2,Team_B,Medium,3
11839,Medium,0.6,0.74,3,0.81,0.51,0.59,1,0.488,P2,Team_A,Medium,2
11840,High,0.9,0.36,4,0.76,0.74,0.89,4,0.637,P2,Team_B,Medium,2
11841,Low,0.3,0.66,2,0.9,0.38,0.84,3,0.331,P3,Team_B,Low,1
11842,Medium,0.6,0.23,2,0.93,0.54,0.54,5,0.495,P2,Team_C,Medium,3
11843,Medium,0.6,0.23,2,0.84,0.85,0.46,3,0.422,P2,Team_B,Medium,3
11844,Low,0.3,0.58,2,0.75,0.29,0.74,3,0.373,P3,Team_C,Low,1
11845,Low,0.3,0.53,1,0.94,0.81,0.6,7,0.302,P3,Team_B,Low,1
11846,Medium,0.6,0.24,1,0.55,0.88,0.3,2,0.421,P2,Team_B,Medium,2
11847,High,0.9,0.66,1,0.42,0.77,0.41,1,0.785,P1,Team_B,High,4
11848,Low,0.3,0.54,1,0.72,0.64,0.49,1,0.285,P3,Team_C,Low,1
11849,Low,0.3,0.93,1,0.92,0.96,0.99,3,0.399,P3,Team_C,Low,1
11850,Low,0.3,0.62,2,0.92,0.61,0.96,1,0.386,P3,Team_B,Low,1
11851,Low,0.3,0.55,1,0.44,0.82,0.62,1,0.352,P3,Team_B,Low,1
11852,High,0.9,0.37,1,0.89,0.32,0.93,2,0.624,P2,Team_A,Medium,2
11853,Medium,0.6,0.5,2,0.94,0.73,0.43,2,0.474,P2,Team_A,Medium,3
11854,Low,0.3,0.67,3,0.65,0.92,0.3,1,0.4,P3,Team_B,Low,1
11855,Low,0.3,0.55,4,0.78,0.87,0.55,4,0.327,P3,Team_B,Low,1
11856,High,0.9,0.7,3,0.81,0.81,0.59,5,0.671,P1,Team_A,High,6
11857,Low,0.3,0.86,4,0.74,0.67,0.8,5,0.391,P3,Team_B,Low,1
11858,High,0.9,0.29,2,0.71,0.64,0.66,3,0.474,P2,Team_C,Medium,3
11859,Medium,0.6,0.35,1,0.48,0.65,0.46,5,0.547,P2,Team_C,Medium,3
11860,High,0.9,0.82,3,0.81,0.86,0.94,4,0.667,P1,Team_A,High,6
11861,Medium,0.6,0.51,3,0.56,0.85,0.34,1,0.557,P2,Team_B,Medium,3
11862,Medium,0.6,0.53,3,0.56,0.7,0.35,3,0.622,P2,Team_C,Medium,3
11863,Low,0.3,0.29,3,0.55,0.77,0.92,5,0.256,P3,Team_B,Low,1
11864,Medium,0.6,0.42,1,0.75,0.88,0.59,7,0.402,P3,Team_B,Low,1
11865,Medium,0.6,0.14,3,0.72,0.58,0.33,6,0.504,P2,Team_A,Medium,3
11866,High,0.9,0.64,2,0.56,0.7,0.44,5,0.75,P1,Team_B,High,6
11867,Medium,0.6,0.32,4,0.74,0.78,0.63,3,0.556,P2,Team_B,Medium,2
11868,Low,0.3,0.32,3,0.86,0.3,0.48,4,0.352,P3,Team_B,Low,1
11869,High,0.9,0.61,2,0.91,0.78,0.55,3,0.726,P1,Team_A,High,4
11870,High,0.9,0.54,2,0.82,0.64,0.66,1,0.703,P1,Team_A,High,4
11871,Low,0.3,0.56,3,0.95,0.87,0.91,0,0.406,P3,Team_C,Low,1
11872,Low,0.3,0.29,2,0.74,0.95,0.82,3,0.303,P3,Team_C,Low,1
11873,Medium,0.6,0.89,4,0.95,0.92,0.64,2,0.512,P2,Team_B,Medium,3
11874,Low,0.3,0.1,1,0.66,0.3,0.59,2,0.282,P3,Team_B,Low,1
11875,Medium,0.6,0.96,4,0.75,0.72,0.36,3,0.575,P2,Team_A,Medium,3
11876,Medium,0.6,0.56,2,0.81,0.76,0.59,4,0.573,P2,Team_B,Medium,2
11877,Low,0.3,0.29,4,0.69,0.93,0.91,3,0.174,P3,Team_C,Low,1
11878,High,0.9,0.37,4,0.66,0.7,0.57,2,0.615,P2,Team_B,Medium,2
11879,Medium,0.6,0.22,4,0.89,0.74,0.86,1,0.385,P3,Team_C,Low,1
11880,Medium,0.6,0.48,3,0.73,0.56,0.94,5,0.559,P2,Team_C,Medium,3
11881,Medium,0.6,0.38,3,0.94,0.45,0.55,5,0.501,P2,Team_C,Medium,2
11882,Low,0.3,0.19,2,0.86,0.82,0.88,4,0.291,P3,Team_B,Low,1
11883,Low,0.3,0.81,3,0.91,0.63,0.6,2,0.372,P3,Team_B,Low,1
11884,Medium,0.6,0.07,1,0.56,0.9,0.36,5,0.392,P3,Team_B,Low,1
11885,Low,0.3,0.33,2,0.67,0.59,0.36,3,0.399,P3,Team_C,Low,1
11886,Medium,0.6,0.81,2,0.84,0.81,0.86,3,0.507,P2,Team_B,Medium,3
11887,Low,0.3,0.92,1,0.61,0.66,0.63,3,0.386,P3,Team_B,Low,1
11888,Low,0.3,0.28,1,0.84,0.75,0.66,3,0.368,P3,Team_C,Low,1
11889,High,0.9,0.12,2,0.87,0.47,0.47,4,0.65,P2,Team_A,Medium,3
11890,Medium,0.6,0.66,1,0.65,0.88,0.62,1,0.515,P2,Team_B,Medium,3
11891,Medium,0.6,0.54,4,0.66,0.48,0.75,0,0.453,P2,Team_A,Medium,2
11892,Low,0.3,0.63,3,0.45,0.45,0.58,3,0.308,P3,Team_B,Low,1
11893,Low,0.3,0.56,1,0.91,0.89,0.99,3,0.272,P3,Team_B,Low,1
11894,Medium,0.6,0.54,4,0.48,0.66,0.84,2,0.488,P2,Team_A,Medium,3
11895,Low,0.3,0.29,1,0.85,0.65,0.95,2,0.265,P3,Team_C,Low,1
11896,Low,0.3,0.74,2,0.78,0.65,0.63,3,0.476,P2,Team_B,Medium,3
11897,Medium,0.6,0.57,1,0.44,0.77,0.41,4,0.564,P2,Team_B,Medium,2
11898,Low,0.3,0.44,4,0.72,0.71,0.69,0,0.246,P3,Team_C,Low,1
11899,High,0.9,0.2,3,0.41,0.9,0.62,2,0.612,P2,Team_B,Medium,3
11900,Medium,0.6,0.94,1,0.93,0.9,0.45,6,0.619,P2,Team_B,Medium,2
11901,Medium,0.6,0.81,1,0.75,0.68,0.66,2,0.558,P2,Team_C,Medium,2
11902,High,0.9,0.55,2,0.58,0.74,0.91,5,0.62,P2,Team_B,Medium,2
11903,High,0.9,0.78,2,0.63,0.93,0.66,0,0.814,P1,Team_B,High,5
11904,High,0.9,0.44,3,0.59,0.69,0.79,2,0.712,P1,Team_C,High,6
11905,Low,0.3,0.26,3,0.74,0.69,0.83,6,0.297,P3,Team_C,Low,1
11906,High,0.9,0.66,3,0.81,0.71,0.74,3,0.704,P1,Team_A,High,5
11907,Low,0.3,0.49,3,0.81,0.73,0.93,3,0.29,P3,Team_C,Low,1
11908,High,0.9,0.85,2,0.63,0.76,0.84,3,0.764,P1,Team_B,High,6
11909,Low,0.3,0.54,4,0.75,0.73,0.65,5,0.274,P3,Team_B,Low,1
11910,Low,0.3,0.79,2,0.75,0.64,0.97,4,0.4,P3,Team_B,Low,1
11911,Medium,0.6,0.35,1,0.45,0.97,0.81,2,0.499,P2,Team_B,Medium,2
11912,Medium,0.6,0.65,3,0.39,0.93,0.71,3,0.503,P2,Team_B,Medium,2
11913,Medium,0.6,0.48,4,0.91,0.52,1.0,4,0.553,P2,Team_A,Medium,3
11914,Medium,0.6,0.37,3,0.73,0.57,0.39,4,0.561,P2,Team_A,Medium,2
11915,Medium,0.6,0.65,2,0.91,0.69,0.77,0,0.53,P2,Team_A,Medium,2
11916,Medium,0.6,0.84,3,0.91,0.82,1.0,5,0.525,P2,Team_B,Medium,2
11917,High,0.9,0.56,3,0.64,0.62,0.48,6,0.654,P1,Team_C,High,5
11918,Medium,0.6,0.44,4,0.97,0.89,0.69,3,0.486,P2,Team_B,Medium,3
11919,Low,0.3,0.66,2,0.73,0.22,0.82,0,0.379,P3,Team_B,Low,1
11920,High,0.9,0.49,3,0.86,0.39,0.72,3,0.679,P1,Team_A,High,5
11921,Low,0.3,0.37,2,0.57,0.58,0.49,3,0.467,P2,Team_B,Medium,3
11922,Medium,0.6,0.79,3,0.6,0.45,0.75,3,0.498,P2,Team_C,Medium,3
11923,High,0.9,0.15,4,0.56,0.32,0.44,2,0.607,P2,Team_C,Medium,3
11924,Medium,0.6,0.86,2,0.77,0.68,0.85,6,0.6,P2,Team_A,Medium,2
11925,Medium,0.6,0.7,4,0.79,0.95,0.84,4,0.538,P2,Team_B,Medium,2
11926,Low,0.3,0.51,3,0.65,0.48,0.62,2,0.283,P3,Team_C,Low,1
11927,Medium,0.6,0.17,1,0.44,0.71,0.82,5,0.471,P2,Team_A,Medium,2
11928,Low,0.3,0.82,1,0.69,0.26,0.38,2,0.478,P2,Team_B,Medium,2
11929,Low,0.3,0.82,1,0.51,0.66,0.37,5,0.457,P2,Team_C,Medium,3
11930,High,0.9,0.43,2,0.87,0.77,0.63,1,0.641,P2,Team_A,Medium,3
11931,Medium,0.6,0.17,2,0.76,0.78,0.73,4,0.406,P3,Team_B,Low,1
11932,Low,0.3,0.21,2,0.74,0.74,0.35,2,0.275,P3,Team_C,Low,1
11933,Medium,0.6,0.4,1,0.82,0.57,0.57,2,0.534,P2,Team_C,Medium,2
11934,Low,0.3,0.36,1,0.9,0.87,0.66,2,0.262,P3,Team_B,Low,1
11935,High,0.9,0.96,1,0.65,0.97,0.69,3,0.75,P1,Team_B,High,4
11936,Low,0.3,0.71,4,0.54,0.78,0.85,5,0.349,P3,Team_B,Low,1
11937,Medium,0.6,0.51,1,0.83,0.95,0.48,0,0.403,P3,Team_B,Low,1
11938,Low,0.3,0.46,4,0.84,0.58,0.77,3,0.284,P3,Team_B,Low,1
11939,Low,0.3,0.41,2,0.8,0.77,0.36,1,0.357,P3,Team_C,Low,1
11940,Low,0.3,0.34,3,0.53,0.83,0.62,2,0.249,P3,Team_C,Low,1
11941,Low,0.3,0.93,4,0.97,0.91,0.56,1,0.386,P3,Team_C,Low,1
11942,Medium,0.6,0.92,2,0.63,0.57,0.4,5,0.706,P1,Team_A,High,6
11943,Low,0.3,0.79,2,0.67,0.5,0.38,3,0.481,P2,Team_B,Medium,3
11944,High,0.9,0.89,4,0.86,0.75,0.81,2,0.68,P1,Team_A,High,6
11945,Low,0.3,0.81,2,0.85,0.71,0.77,2,0.393,P3,Team_B,Low,1
11946,High,0.9,0.49,1,0.6,0.77,0.86,3,0.636,P2,Team_B,Medium,3
11947,High,0.9,0.12,1,0.6,0.79,0.42,5,0.604,P2,Team_B,Medium,3
11948,Low,0.3,0.88,1,0.73,0.63,0.38,5,0.551,P2,Team_C,Medium,2
11949,Medium,0.6,0.12,2,0.85,0.78,0.9,4,0.419,P3,Team_B,Low,1
11950,Medium,0.6,0.63,1,0.58,0.97,0.73,4,0.467,P2,Team_B,Medium,2
11951,Medium,0.6,0.27,2,0.75,0.74,0.48,2,0.46,P2,Team_A,Medium,3
11952,Low,0.3,0.76,1,0.68,0.74,0.34,2,0.406,P3,Team_C,Low,1
11953,Medium,0.6,0.68,2,0.84,0.53,0.59,2,0.604,P2,Team_C,Medium,3
11954,Medium,0.6,0.37,2,0.69,0.66,0.52,3,0.535,P2,Team_C,Medium,3
11955,Medium,0.6,0.88,3,0.79,0.46,0.72,4,0.601,P2,Team_A,Medium,2
11956,Medium,0.6,0.75,1,0.84,0.78,0.66,0,0.534,P2,Team_B,Medium,2
11957,Low,0.3,0.72,2,0.43,0.71,0.93,2,0.475,P2,Team_C,Medium,3
11958,Low,0.3,0.03,2,0.89,0.72,0.62,6,0.234,P3,Team_C,Low,1
11959,High,0.9,0.49,4,0.89,0.91,0.57,3,0.604,P2,Team_A,Medium,2
11960,Low,0.3,0.52,4,0.87,0.8,0.63,2,0.329,P3,Team_C,Low,1
11961,High,0.9,0.48,1,0.82,0.46,0.79,2,0.734,P1,Team_A,High,5
11962,High,0.9,0.61,4,0.92,0.6,0.62,0,0.671,P1,Team_A,High,4
11963,Low,0.3,0.45,4,0.7,0.73,0.68,2,0.277,P3,Team_C,Low,1
11964,Low,0.3,0.31,4,0.86,0.11,0.37,1,0.465,P2,Team_C,Medium,3
11965,Low,0.3,0.63,3,0.75,0.58,0.35,0,0.477,P2,Team_B,Medium,3
11966,High,0.9,0.35,2,0.74,0.54,0.98,0,0.69,P1,Team_C,High,4
11967,High,0.9,0.89,1,0.73,0.47,0.71,3,0.818,P1,Team_C,High,4
11968,High,0.9,0.44,3,0.37,0.87,0.49,5,0.717,P1,Team_B,High,4
11969,Medium,0.6,0.37,1,0.66,0.53,0.61,1,0.547,P2,Team_C,Medium,3
11970,Medium,0.6,0.77,4,0.86,0.49,0.79,2,0.61,P2,Team_A,Medium,3
11971,Low,0.3,0.2,2,0.54,0.72,0.65,6,0.324,P3,Team_C,Low,1
11972,High,0.9,0.07,1,0.57,0.46,0.94,2,0.565,P2,Team_C,Medium,3
11973,High,0.9,0.83,4,0.69,0.67,0.31,4,0.889,P1,Team_C,High,4
11974,Low,0.3,0.3,1,0.92,0.58,0.78,2,0.316,P3,Team_B,Low,1
11975,Low,0.3,0.23,2,0.76,0.55,0.62,2,0.32,P3,Team_C,Low,1
11976,Medium,0.6,0.72,3,0.36,0.78,0.36,4,0.551,P2,Team_B,Medium,2
11977,High,0.9,0.8,2,0.69,0.97,0.83,3,0.731,P1,Team_B,High,6
11978,Low,0.3,0.49,4,0.88,0.88,0.99,2,0.245,P3,Team_C,Low,1
11979,Medium,0.6,0.1,4,0.77,0.67,0.89,3,0.389,P3,Team_C,Low,1
11980,Medium,0.6,0.19,2,0.6,0.71,0.31,4,0.47,P2,Team_C,Medium,2
11981,Medium,0.6,0.45,3,0.51,0.76,0.67,4,0.576,P2,Team_B,Medium,2
11982,High,0.9,0.18,4,0.4,0.84,0.45,2,0.595,P2,Team_B,Medium,2
11983,High,0.9,0.45,1,0.62,0.57,0.35,0,0.67,P1,Team_C,High,4
11984,Medium,0.6,0.67,3,0.59,0.52,0.88,9,0.507,P2,Team_A,Medium,3
11985,Low,0.3,0.78,2,0.46,0.59,0.65,4,0.456,P2,Team_B,Medium,3
11986,Medium,0.6,0.64,3,0.7,0.71,0.47,0,0.573,P2,Team_A,Medium,2
11987,Medium,0.6,0.62,3,0.52,0.49,0.55,3,0.597,P2,Team_C,Medium,2
11988,Medium,0.6,0.86,3,0.85,0.39,0.79,6,0.596,P2,Team_A,Medium,3
11989,Medium,0.6,0.36,2,0.94,0.74,0.96,3,0.424,P2,Team_A,Medium,2
11990,Medium,0.6,0.52,2,0.63,0.75,0.42,2,0.519,P2,Team_B,Medium,3
11991,Low,0.3,0.7,4,0.75,0.58,0.7,2,0.36,P3,Team_B,Low,1
11992,High,0.9,0.32,2,0.81,0.59,0.83,3,0.631,P2,Team_A,Medium,2
11993,Low,0.3,0.67,1,0.9,0.52,0.44,4,0.447,P2,Team_C,Medium,3
11994,Low,0.3,0.26,4,0.78,0.75,0.74,2,0.292,P3,Team_B,Low,1
11995,Low,0.3,0.47,3,0.69,0.83,0.69,4,0.327,P3,Team_C,Low,1
11996,Medium,0.6,0.6,3,0.57,0.67,0.73,1,0.517,P2,Team_A,Medium,2
11997,High,0.9,0.41,3,0.84,0.82,1.0,2,0.515,P2,Team_A,Medium,3
11998,Low,0.3,0.33,4,0.6,0.68,0.77,5,0.38,P3,Team_C,Low,1
11999,Medium,0.6,0.24,1,0.97,0.96,0.63,5,0.487,P2,Team_B,Medium,2
12000,Medium,0.6,0.62,3,0.89,0.68,0.35,2,0.577,P2,Team_C,Medium,2
